run_id,prefix,alpha,period,price1,price2,qty1,qty2,profit1,profit2
P1_rep1_a1,P1,1.0,1,2.0,2.0,33.333333333333336,33.333333333333336,33.333333333333336,33.333333333333336
P1_rep1_a1,P1,1.0,2,2.0,2.0,33.333333333333336,33.333333333333336,33.333333333333336,33.333333333333336
P1_rep1_a1,P1,1.0,3,2.0,2.0,33.333333333333336,33.333333333333336,33.333333333333336,33.333333333333336
P1_rep1_a1,P1,1.0,4,2.0,2.0,33.333333333333336,33.333333333333336,33.333333333333336,33.333333333333336
P1_rep1_a1,P1,1.0,5,2.5,2.0,6.337893833303762,46.83105308334812,9.506840749955643,46.83105308334812
P1_rep1_a1,P1,1.0,6,2.0,2.1,37.448694641850196,25.102610716299612,37.448694641850196,27.612871787929574
P1_rep1_a1,P1,1.0,7,2.0,2.2,40.82750886671593,18.344982266568138,40.82750886671593,22.01397871988177
P1_rep1_a1,P1,1.0,8,2.0,2.5,46.83105308334812,6.337893833303762,46.83105308334812,9.506840749955643
P1_rep1_a1,P1,1.0,9,2.0,2.5,46.83105308334812,6.337893833303762,46.83105308334812,9.506840749955643
P1_rep1_a1,P1,1.0,10,2.0,2.2,40.82750886671593,18.344982266568138,40.82750886671593,22.01397871988177
P1_rep1_a1,P1,1.0,11,2.0,2.0,33.333333333333336,33.333333333333336,33.333333333333336,33.333333333333336
P1_rep1_a1,P1,1.0,12,2.0,2.0,33.333333333333336,33.333333333333336,33.333333333333336,33.333333333333336
P1_rep1_a1,P1,1.0,13,2.0,2.0,33.333333333333336,33.333333333333336,33.333333333333336,33.333333333333336
P1_rep1_a1,P1,1.0,14,2.0,2.0,33.333333333333336,33.333333333333336,33.333333333333336,33.333333333333336
P1_rep1_a1,P1,1.0,15,2.0,2.0,33.333333333333336,33.333333333333336,33.333333333333336,33.333333333333336
P1_rep1_a1,P1,1.0,16,2.0,2.0,33.333333333333336,33.333333333333336,33.333333333333336,33.333333333333336
P1_rep1_a1,P1,1.0,17,2.0,2.0,33.333333333333336,33.333333333333336,33.333333333333336,33.333333333333336
P1_rep1_a1,P1,1.0,18,2.0,2.0,33.333333333333336,33.333333333333336,33.333333333333336,33.333333333333336
P1_rep1_a1,P1,1.0,19,2.1,2.0,25.102610716299612,37.448694641850196,27.612871787929574,37.448694641850196
P1_rep1_a1,P1,1.0,20,2.25,2.0,15.536240349696362,42.23187982515182,19.420300437120453,42.23187982515182
P1_rep1_a1,P1,1.0,21,2.5,2.0,6.337893833303762,46.83105308334812,9.506840749955643,46.83105308334812
P1_rep1_a1,P1,1.0,22,2.25,2.05,16.824189429781768,37.4429221646897,21.03023678722721,39.31506827292418
P1_rep1_a1,P1,1.0,23,2.1,2.05,26.93074991777377,32.89329222889069,29.62382490955115,34.53795684033521
P1_rep1_a1,P1,1.0,24,2.15,2.1,24.730917976320395,30.206411428110634,28.44055567276845,33.2270525709217
P1_rep1_a1,P1,1.0,25,2.15,2.05,23.180646674121864,34.58146121575098,26.65774367524014,36.31053427653852
P1_rep1_a1,P1,1.0,26,2.1,2.05,26.93074991777377,32.89329222889069,29.62382490955115,34.53795684033521
P1_rep1_a1,P1,1.0,27,2.1,2.05,26.93074991777377,32.89329222889069,29.62382490955115,34.53795684033521
P1_rep1_a1,P1,1.0,28,2.15,2.05,23.180646674121864,34.58146121575098,26.65774367524014,36.31053427653852
P1_rep1_a1,P1,1.0,29,2.15,2.1,24.730917976320395,30.206411428110634,28.44055567276845,33.2270525709217
P1_rep1_a1,P1,1.0,30,2.15,2.05,23.180646674121864,34.58146121575098,26.65774367524014,36.31053427653852
P1_rep1_a1,P1,1.0,31,2.15,2.1,24.730917976320395,30.206411428110634,28.44055567276845,33.2270525709217
P1_rep1_a1,P1,1.0,32,2.15,2.05,23.180646674121864,34.58146121575098,26.65774367524014,36.31053427653852
P1_rep1_a1,P1,1.0,33,2.15,2.05,23.180646674121864,34.58146121575098,26.65774367524014,36.31053427653852
P1_rep1_a1,P1,1.0,34,2.2,2.05,19.81116108674969,36.09828907373153,23.77339330409963,37.9032035274181
P1_rep1_a1,P1,1.0,35,2.2,2.05,19.81116108674969,36.09828907373153,23.77339330409963,37.9032035274181
P1_rep1_a1,P1,1.0,36,2.25,2.05,16.824189429781768,37.4429221646897,21.03023678722721,39.31506827292418
P1_rep1_a1,P1,1.0,37,2.2,2.05,19.81116108674969,36.09828907373153,23.77339330409963,37.9032035274181
P1_rep1_a1,P1,1.0,38,2.2,2.05,19.81116108674969,36.09828907373153,23.77339330409963,37.9032035274181
P1_rep1_a1,P1,1.0,39,2.15,2.05,23.180646674121864,34.58146121575098,26.65774367524014,36.31053427653852
P1_rep1_a1,P1,1.0,40,2.15,2.05,23.180646674121864,34.58146121575098,26.65774367524014,36.31053427653852
P1_rep1_a1,P1,1.0,41,2.1,2.05,26.93074991777377,32.89329222889069,29.62382490955115,34.53795684033521
P1_rep1_a1,P1,1.0,42,2.1,2.05,26.93074991777377,32.89329222889069,29.62382490955115,34.53795684033521
P1_rep1_a1,P1,1.0,43,2.1,2.05,26.93074991777377,32.89329222889069,29.62382490955115,34.53795684033521
P1_rep1_a1,P1,1.0,44,2.1,2.05,26.93074991777377,32.89329222889069,29.62382490955115,34.53795684033521
P1_rep1_a1,P1,1.0,45,2.1,2.05,26.93074991777377,32.89329222889069,29.62382490955115,34.53795684033521
P1_rep1_a1,P1,1.0,46,2.1,2.05,26.93074991777377,32.89329222889069,29.62382490955115,34.53795684033521
P1_rep1_a1,P1,1.0,47,2.1,2.05,26.93074991777377,32.89329222889069,29.62382490955115,34.53795684033521
P1_rep1_a1,P1,1.0,48,2.1,2.05,26.93074991777377,32.89329222889069,29.62382490955115,34.53795684033521
P1_rep1_a1,P1,1.0,49,2.15,2.05,23.180646674121864,34.58146121575098,26.65774367524014,36.31053427653852
P1_rep1_a1,P1,1.0,50,2.1,2.05,26.93074991777377,32.89329222889069,29.62382490955115,34.53795684033521
P1_rep1_a1,P1,1.0,51,2.1,2.05,26.93074991777377,32.89329222889069,29.62382490955115,34.53795684033521
P1_rep1_a1,P1,1.0,52,2.1,2.05,26.93074991777377,32.89329222889069,29.62382490955115,34.53795684033521
P1_rep1_a1,P1,1.0,53,2.15,2.05,23.180646674121864,34.58146121575098,26.65774367524014,36.31053427653852
P1_rep1_a1,P1,1.0,54,2.15,2.05,23.180646674121864,34.58146121575098,26.65774367524014,36.31053427653852
P1_rep1_a1,P1,1.0,55,2.1,2.05,26.93074991777377,32.89329222889069,29.62382490955115,34.53795684033521
P1_rep1_a1,P1,1.0,56,2.1,2.05,26.93074991777377,32.89329222889069,29.62382490955115,34.53795684033521
P1_rep1_a1,P1,1.0,57,2.15,2.05,23.180646674121864,34.58146121575098,26.65774367524014,36.31053427653852
P1_rep1_a1,P1,1.0,58,2.1,2.05,26.93074991777377,32.89329222889069,29.62382490955115,34.53795684033521
P1_rep1_a1,P1,1.0,59,2.05,2.05,31.042377345300565,31.042377345300565,32.59449621256559,32.59449621256559
P1_rep1_a1,P1,1.0,60,2.05,2.0,29.04607870701908,35.476960646490454,30.49838264237003,35.476960646490454
P1_rep1_a1,P1,1.0,61,2.1,2.05,26.93074991777377,32.89329222889069,29.62382490955115,34.53795684033521
P1_rep1_a1,P1,1.0,62,2.1,2.05,26.93074991777377,32.89329222889069,29.62382490955115,34.53795684033521
P1_rep1_a1,P1,1.0,63,2.1,2.05,26.93074991777377,32.89329222889069,29.62382490955115,34.53795684033521
P1_rep1_a1,P1,1.0,64,2.1,2.05,26.93074991777377,32.89329222889069,29.62382490955115,34.53795684033521
P1_rep1_a1,P1,1.0,65,2.1,2.05,26.93074991777377,32.89329222889069,29.62382490955115,34.53795684033521
P1_rep1_a1,P1,1.0,66,2.1,2.05,26.93074991777377,32.89329222889069,29.62382490955115,34.53795684033521
P1_rep1_a1,P1,1.0,67,2.1,2.05,26.93074991777377,32.89329222889069,29.62382490955115,34.53795684033521
P1_rep1_a1,P1,1.0,68,2.1,2.05,26.93074991777377,32.89329222889069,29.62382490955115,34.53795684033521
P1_rep1_a1,P1,1.0,69,2.1,2.05,26.93074991777377,32.89329222889069,29.62382490955115,34.53795684033521
P1_rep1_a1,P1,1.0,70,2.1,2.05,26.93074991777377,32.89329222889069,29.62382490955115,34.53795684033521
P1_rep1_a1,P1,1.0,71,2.1,2.05,26.93074991777377,32.89329222889069,29.62382490955115,34.53795684033521
P1_rep1_a1,P1,1.0,72,2.1,2.0,25.102610716299612,37.448694641850196,27.612871787929574,37.448694641850196
P1_rep1_a1,P1,1.0,73,2.05,2.0,29.04607870701908,35.476960646490454,30.49838264237003,35.476960646490454
P1_rep1_a1,P1,1.0,74,2.05,2.05,31.042377345300565,31.042377345300565,32.59449621256559,32.59449621256559
P1_rep1_a1,P1,1.0,75,2.05,2.05,31.042377345300565,31.042377345300565,32.59449621256559,32.59449621256559
P1_rep1_a1,P1,1.0,76,2.05,2.05,31.042377345300565,31.042377345300565,32.59449621256559,32.59449621256559
P1_rep1_a1,P1,1.0,77,2.05,2.05,31.042377345300565,31.042377345300565,32.59449621256559,32.59449621256559
P1_rep1_a1,P1,1.0,78,2.05,2.05,31.042377345300565,31.042377345300565,32.59449621256559,32.59449621256559
P1_rep1_a1,P1,1.0,79,2.15,2.05,23.180646674121864,34.58146121575098,26.65774367524014,36.31053427653852
P1_rep1_a1,P1,1.0,80,2.15,2.1,24.730917976320395,30.206411428110634,28.44055567276845,33.2270525709217
P1_rep1_a1,P1,1.0,81,2.15,2.05,23.180646674121864,34.58146121575098,26.65774367524014,36.31053427653852
P1_rep1_a1,P1,1.0,82,2.05,2.0,29.04607870701908,35.476960646490454,30.49838264237003,35.476960646490454
P1_rep1_a1,P1,1.0,83,2.05,2.0,29.04607870701908,35.476960646490454,30.49838264237003,35.476960646490454
P1_rep1_a1,P1,1.0,84,2.05,2.0,29.04607870701908,35.476960646490454,30.49838264237003,35.476960646490454
P1_rep1_a1,P1,1.0,85,2.05,2.0,29.04607870701908,35.476960646490454,30.49838264237003,35.476960646490454
P1_rep1_a1,P1,1.0,86,2.05,2.05,31.042377345300565,31.042377345300565,32.59449621256559,32.59449621256559
P1_rep1_a1,P1,1.0,87,2.05,2.05,31.042377345300565,31.042377345300565,32.59449621256559,32.59449621256559
P1_rep1_a1,P1,1.0,88,2.05,2.05,31.042377345300565,31.042377345300565,32.59449621256559,32.59449621256559
P1_rep1_a1,P1,1.0,89,2.1,2.05,26.93074991777377,32.89329222889069,29.62382490955115,34.53795684033521
P1_rep1_a1,P1,1.0,90,2.05,2.05,31.042377345300565,31.042377345300565,32.59449621256559,32.59449621256559
P1_rep1_a1,P1,1.0,91,2.1,2.05,26.93074991777377,32.89329222889069,29.62382490955115,34.53795684033521
P1_rep1_a1,P1,1.0,92,2.1,2.1,28.63832198321698,28.63832198321698,31.50215418153868,31.50215418153868
P1_rep1_a1,P1,1.0,93,2.1,2.05,26.93074991777377,32.89329222889069,29.62382490955115,34.53795684033521
P1_rep1_a1,P1,1.0,94,2.15,2.05,23.180646674121864,34.58146121575098,26.65774367524014,36.31053427653852
P1_rep1_a1,P1,1.0,95,2.15,2.05,23.180646674121864,34.58146121575098,26.65774367524014,36.31053427653852
P1_rep1_a1,P1,1.0,96,2.1,2.05,26.93074991777377,32.89329222889069,29.62382490955115,34.53795684033521
P1_rep1_a1,P1,1.0,97,2.05,2.1,32.89329222889069,26.93074991777377,34.53795684033521,29.62382490955115
P1_rep1_a1,P1,1.0,98,2.1,2.1,28.63832198321698,28.63832198321698,31.50215418153868,31.50215418153868
P1_rep1_a1,P1,1.0,99,2.05,2.1,32.89329222889069,26.93074991777377,34.53795684033521,29.62382490955115
P1_rep1_a1,P1,1.0,100,2.05,2.1,32.89329222889069,26.93074991777377,34.53795684033521,29.62382490955115
P1_rep1_a1,P1,1.0,101,2.05,2.05,31.042377345300565,31.042377345300565,32.59449621256559,32.59449621256559
P1_rep1_a1,P1,1.0,102,2.05,2.05,31.042377345300565,31.042377345300565,32.59449621256559,32.59449621256559
P1_rep1_a1,P1,1.0,103,2.05,2.05,31.042377345300565,31.042377345300565,32.59449621256559,32.59449621256559
P1_rep1_a1,P1,1.0,104,2.05,2.05,31.042377345300565,31.042377345300565,32.59449621256559,32.59449621256559
P1_rep1_a1,P1,1.0,105,2.05,2.05,31.042377345300565,31.042377345300565,32.59449621256559,32.59449621256559
P1_rep1_a1,P1,1.0,106,2.05,2.05,31.042377345300565,31.042377345300565,32.59449621256559,32.59449621256559
P1_rep1_a1,P1,1.0,107,2.05,2.1,32.89329222889069,26.93074991777377,34.53795684033521,29.62382490955115
P1_rep1_a1,P1,1.0,108,2.05,2.0,29.04607870701908,35.476960646490454,30.49838264237003,35.476960646490454
P1_rep1_a1,P1,1.0,109,2.05,2.0,29.04607870701908,35.476960646490454,30.49838264237003,35.476960646490454
P1_rep1_a1,P1,1.0,110,2.05,2.0,29.04607870701908,35.476960646490454,30.49838264237003,35.476960646490454
P1_rep1_a1,P1,1.0,111,2.05,2.0,29.04607870701908,35.476960646490454,30.49838264237003,35.476960646490454
P1_rep1_a1,P1,1.0,112,2.05,2.05,31.042377345300565,31.042377345300565,32.59449621256559,32.59449621256559
P1_rep1_a1,P1,1.0,113,2.05,2.05,31.042377345300565,31.042377345300565,32.59449621256559,32.59449621256559
P1_rep1_a1,P1,1.0,114,2.05,2.05,31.042377345300565,31.042377345300565,32.59449621256559,32.59449621256559
P1_rep1_a1,P1,1.0,115,2.05,2.1,32.89329222889069,26.93074991777377,34.53795684033521,29.62382490955115
P1_rep1_a1,P1,1.0,116,2.05,2.15,34.58146121575098,23.180646674121864,36.31053427653852,26.65774367524014
P1_rep1_a1,P1,1.0,117,2.05,2.1,32.89329222889069,26.93074991777377,34.53795684033521,29.62382490955115
P1_rep1_a1,P1,1.0,118,2.05,2.05,31.042377345300565,31.042377345300565,32.59449621256559,32.59449621256559
P1_rep1_a1,P1,1.0,119,2.05,2.05,31.042377345300565,31.042377345300565,32.59449621256559,32.59449621256559
P1_rep1_a1,P1,1.0,120,2.05,2.1,32.89329222889069,26.93074991777377,34.53795684033521,29.62382490955115
P1_rep1_a1,P1,1.0,121,2.05,2.05,31.042377345300565,31.042377345300565,32.59449621256559,32.59449621256559
P1_rep1_a1,P1,1.0,122,2.05,2.05,31.042377345300565,31.042377345300565,32.59449621256559,32.59449621256559
P1_rep1_a1,P1,1.0,123,2.05,2.05,31.042377345300565,31.042377345300565,32.59449621256559,32.59449621256559
P1_rep1_a1,P1,1.0,124,2.05,2.05,31.042377345300565,31.042377345300565,32.59449621256559,32.59449621256559
P1_rep1_a1,P1,1.0,125,2.05,2.05,31.042377345300565,31.042377345300565,32.59449621256559,32.59449621256559
P1_rep1_a1,P1,1.0,126,2.05,2.0,29.04607870701908,35.476960646490454,30.49838264237003,35.476960646490454
P1_rep1_a1,P1,1.0,127,2.05,2.0,29.04607870701908,35.476960646490454,30.49838264237003,35.476960646490454
P1_rep1_a1,P1,1.0,128,2.05,2.0,29.04607870701908,35.476960646490454,30.49838264237003,35.476960646490454
P1_rep1_a1,P1,1.0,129,2.05,2.05,31.042377345300565,31.042377345300565,32.59449621256559,32.59449621256559
P1_rep1_a1,P1,1.0,130,2.05,2.05,31.042377345300565,31.042377345300565,32.59449621256559,32.59449621256559
P1_rep1_a1,P1,1.0,131,2.05,2.05,31.042377345300565,31.042377345300565,32.59449621256559,32.59449621256559
P1_rep1_a1,P1,1.0,132,2.05,2.05,31.042377345300565,31.042377345300565,32.59449621256559,32.59449621256559
P1_rep1_a1,P1,1.0,133,2.05,2.05,31.042377345300565,31.042377345300565,32.59449621256559,32.59449621256559
P1_rep1_a1,P1,1.0,134,2.05,2.05,31.042377345300565,31.042377345300565,32.59449621256559,32.59449621256559
P1_rep1_a1,P1,1.0,135,2.05,2.0,29.04607870701908,35.476960646490454,30.49838264237003,35.476960646490454
P1_rep1_a1,P1,1.0,136,2.05,2.0,29.04607870701908,35.476960646490454,30.49838264237003,35.476960646490454
P1_rep1_a1,P1,1.0,137,2.05,2.0,29.04607870701908,35.476960646490454,30.49838264237003,35.476960646490454
P1_rep1_a1,P1,1.0,138,2.05,2.0,29.04607870701908,35.476960646490454,30.49838264237003,35.476960646490454
P1_rep1_a1,P1,1.0,139,2.05,2.0,29.04607870701908,35.476960646490454,30.49838264237003,35.476960646490454
P1_rep1_a1,P1,1.0,140,2.05,2.0,29.04607870701908,35.476960646490454,30.49838264237003,35.476960646490454
P1_rep1_a1,P1,1.0,141,2.05,2.0,29.04607870701908,35.476960646490454,30.49838264237003,35.476960646490454
P1_rep1_a1,P1,1.0,142,2.05,2.0,29.04607870701908,35.476960646490454,30.49838264237003,35.476960646490454
P1_rep1_a1,P1,1.0,143,2.05,2.0,29.04607870701908,35.476960646490454,30.49838264237003,35.476960646490454
P1_rep1_a1,P1,1.0,144,2.05,2.0,29.04607870701908,35.476960646490454,30.49838264237003,35.476960646490454
P1_rep1_a1,P1,1.0,145,2.05,2.0,29.04607870701908,35.476960646490454,30.49838264237003,35.476960646490454
P1_rep1_a1,P1,1.0,146,2.05,2.0,29.04607870701908,35.476960646490454,30.49838264237003,35.476960646490454
P1_rep1_a1,P1,1.0,147,2.05,2.0,29.04607870701908,35.476960646490454,30.49838264237003,35.476960646490454
P1_rep1_a1,P1,1.0,148,2.05,2.0,29.04607870701908,35.476960646490454,30.49838264237003,35.476960646490454
P1_rep1_a1,P1,1.0,149,2.05,2.0,29.04607870701908,35.476960646490454,30.49838264237003,35.476960646490454
P1_rep1_a1,P1,1.0,150,2.05,2.0,29.04607870701908,35.476960646490454,30.49838264237003,35.476960646490454
P1_rep1_a1,P1,1.0,151,2.05,2.0,29.04607870701908,35.476960646490454,30.49838264237003,35.476960646490454
P1_rep1_a1,P1,1.0,152,2.05,2.0,29.04607870701908,35.476960646490454,30.49838264237003,35.476960646490454
P1_rep1_a1,P1,1.0,153,2.05,2.0,29.04607870701908,35.476960646490454,30.49838264237003,35.476960646490454
P1_rep1_a1,P1,1.0,154,2.05,2.0,29.04607870701908,35.476960646490454,30.49838264237003,35.476960646490454
P1_rep1_a1,P1,1.0,155,2.05,2.0,29.04607870701908,35.476960646490454,30.49838264237003,35.476960646490454
P1_rep1_a1,P1,1.0,156,2.05,2.0,29.04607870701908,35.476960646490454,30.49838264237003,35.476960646490454
P1_rep1_a1,P1,1.0,157,2.05,2.0,29.04607870701908,35.476960646490454,30.49838264237003,35.476960646490454
P1_rep1_a1,P1,1.0,158,2.05,2.0,29.04607870701908,35.476960646490454,30.49838264237003,35.476960646490454
P1_rep1_a1,P1,1.0,159,2.05,2.0,29.04607870701908,35.476960646490454,30.49838264237003,35.476960646490454
P1_rep1_a1,P1,1.0,160,2.05,2.0,29.04607870701908,35.476960646490454,30.49838264237003,35.476960646490454
P1_rep1_a1,P1,1.0,161,2.05,2.0,29.04607870701908,35.476960646490454,30.49838264237003,35.476960646490454
P1_rep1_a1,P1,1.0,162,2.05,2.0,29.04607870701908,35.476960646490454,30.49838264237003,35.476960646490454
P1_rep1_a1,P1,1.0,163,2.05,2.0,29.04607870701908,35.476960646490454,30.49838264237003,35.476960646490454
P1_rep1_a1,P1,1.0,164,2.05,2.0,29.04607870701908,35.476960646490454,30.49838264237003,35.476960646490454
P1_rep1_a1,P1,1.0,165,2.05,2.0,29.04607870701908,35.476960646490454,30.49838264237003,35.476960646490454
P1_rep1_a1,P1,1.0,166,2.05,2.0,29.04607870701908,35.476960646490454,30.49838264237003,35.476960646490454
P1_rep1_a1,P1,1.0,167,2.05,2.0,29.04607870701908,35.476960646490454,30.49838264237003,35.476960646490454
P1_rep1_a1,P1,1.0,168,2.05,2.0,29.04607870701908,35.476960646490454,30.49838264237003,35.476960646490454
P1_rep1_a1,P1,1.0,169,2.05,2.0,29.04607870701908,35.476960646490454,30.49838264237003,35.476960646490454
P1_rep1_a1,P1,1.0,170,2.05,2.0,29.04607870701908,35.476960646490454,30.49838264237003,35.476960646490454
P1_rep1_a1,P1,1.0,171,2.05,2.0,29.04607870701908,35.476960646490454,30.49838264237003,35.476960646490454
P1_rep1_a1,P1,1.0,172,2.05,2.0,29.04607870701908,35.476960646490454,30.49838264237003,35.476960646490454
P1_rep1_a1,P1,1.0,173,2.05,2.0,29.04607870701908,35.476960646490454,30.49838264237003,35.476960646490454
P1_rep1_a1,P1,1.0,174,2.05,2.0,29.04607870701908,35.476960646490454,30.49838264237003,35.476960646490454
P1_rep1_a1,P1,1.0,175,2.05,2.0,29.04607870701908,35.476960646490454,30.49838264237003,35.476960646490454
P1_rep1_a1,P1,1.0,176,2.05,2.0,29.04607870701908,35.476960646490454,30.49838264237003,35.476960646490454
P1_rep1_a1,P1,1.0,177,2.05,2.0,29.04607870701908,35.476960646490454,30.49838264237003,35.476960646490454
P1_rep1_a1,P1,1.0,178,2.05,2.0,29.04607870701908,35.476960646490454,30.49838264237003,35.476960646490454
P1_rep1_a1,P1,1.0,179,2.05,2.0,29.04607870701908,35.476960646490454,30.49838264237003,35.476960646490454
P1_rep1_a1,P1,1.0,180,2.05,2.0,29.04607870701908,35.476960646490454,30.49838264237003,35.476960646490454
P1_rep1_a1,P1,1.0,181,2.05,2.0,29.04607870701908,35.476960646490454,30.49838264237003,35.476960646490454
P1_rep1_a1,P1,1.0,182,2.05,2.0,29.04607870701908,35.476960646490454,30.49838264237003,35.476960646490454
P1_rep1_a1,P1,1.0,183,2.05,2.0,29.04607870701908,35.476960646490454,30.49838264237003,35.476960646490454
P1_rep1_a1,P1,1.0,184,2.05,2.0,29.04607870701908,35.476960646490454,30.49838264237003,35.476960646490454
P1_rep1_a1,P1,1.0,185,2.05,2.0,29.04607870701908,35.476960646490454,30.49838264237003,35.476960646490454
P1_rep1_a1,P1,1.0,186,2.05,2.0,29.04607870701908,35.476960646490454,30.49838264237003,35.476960646490454
P1_rep1_a1,P1,1.0,187,2.05,2.0,29.04607870701908,35.476960646490454,30.49838264237003,35.476960646490454
P1_rep1_a1,P1,1.0,188,2.05,2.0,29.04607870701908,35.476960646490454,30.49838264237003,35.476960646490454
P1_rep1_a1,P1,1.0,189,2.05,2.0,29.04607870701908,35.476960646490454,30.49838264237003,35.476960646490454
P1_rep1_a1,P1,1.0,190,2.05,2.0,29.04607870701908,35.476960646490454,30.49838264237003,35.476960646490454
P1_rep1_a1,P1,1.0,191,2.05,2.0,29.04607870701908,35.476960646490454,30.49838264237003,35.476960646490454
P1_rep1_a1,P1,1.0,192,2.05,2.0,29.04607870701908,35.476960646490454,30.49838264237003,35.476960646490454
P1_rep1_a1,P1,1.0,193,2.05,2.0,29.04607870701908,35.476960646490454,30.49838264237003,35.476960646490454
P1_rep1_a1,P1,1.0,194,2.05,2.0,29.04607870701908,35.476960646490454,30.49838264237003,35.476960646490454
P1_rep1_a1,P1,1.0,195,2.05,2.0,29.04607870701908,35.476960646490454,30.49838264237003,35.476960646490454
P1_rep1_a1,P1,1.0,196,2.05,2.0,29.04607870701908,35.476960646490454,30.49838264237003,35.476960646490454
P1_rep1_a1,P1,1.0,197,2.05,2.0,29.04607870701908,35.476960646490454,30.49838264237003,35.476960646490454
P1_rep1_a1,P1,1.0,198,2.05,2.0,29.04607870701908,35.476960646490454,30.49838264237003,35.476960646490454
P1_rep1_a1,P1,1.0,199,2.1,2.0,25.102610716299612,37.448694641850196,27.612871787929574,37.448694641850196
P1_rep1_a1,P1,1.0,200,2.1,2.0,25.102610716299612,37.448694641850196,27.612871787929574,37.448694641850196
P1_rep1_a1,P1,1.0,201,2.05,2.0,29.04607870701908,35.476960646490454,30.49838264237003,35.476960646490454
P1_rep1_a1,P1,1.0,202,2.1,2.0,25.102610716299612,37.448694641850196,27.612871787929574,37.448694641850196
P1_rep1_a1,P1,1.0,203,2.15,2.0,21.532059424173973,39.23397028791302,24.761868337800067,39.23397028791302
P1_rep1_a1,P1,1.0,204,2.1,2.0,25.102610716299612,37.448694641850196,27.612871787929574,37.448694641850196
P1_rep1_a1,P1,1.0,205,2.1,2.0,25.102610716299612,37.448694641850196,27.612871787929574,37.448694641850196
P1_rep1_a1,P1,1.0,206,2.1,2.0,25.102610716299612,37.448694641850196,27.612871787929574,37.448694641850196
P1_rep1_a1,P1,1.0,207,2.1,2.0,25.102610716299612,37.448694641850196,27.612871787929574,37.448694641850196
P1_rep1_a1,P1,1.0,208,2.1,2.0,25.102610716299612,37.448694641850196,27.612871787929574,37.448694641850196
P1_rep1_a1,P1,1.0,209,2.15,2.0,21.532059424173973,39.23397028791302,24.761868337800067,39.23397028791302
P1_rep1_a1,P1,1.0,210,2.15,2.0,21.532059424173973,39.23397028791302,24.761868337800067,39.23397028791302
P1_rep1_a1,P1,1.0,211,2.15,2.0,21.532059424173973,39.23397028791302,24.761868337800067,39.23397028791302
P1_rep1_a1,P1,1.0,212,2.15,2.0,21.532059424173973,39.23397028791302,24.761868337800067,39.23397028791302
P1_rep1_a1,P1,1.0,213,2.1,2.0,25.102610716299612,37.448694641850196,27.612871787929574,37.448694641850196
P1_rep1_a1,P1,1.0,214,2.15,2.0,21.532059424173973,39.23397028791302,24.761868337800067,39.23397028791302
P1_rep1_a1,P1,1.0,215,2.15,2.0,21.532059424173973,39.23397028791302,24.761868337800067,39.23397028791302
P1_rep1_a1,P1,1.0,216,2.15,2.0,21.532059424173973,39.23397028791302,24.761868337800067,39.23397028791302
P1_rep1_a1,P1,1.0,217,2.15,2.0,21.532059424173973,39.23397028791302,24.761868337800067,39.23397028791302
P1_rep1_a1,P1,1.0,218,2.15,2.0,21.532059424173973,39.23397028791302,24.761868337800067,39.23397028791302
P1_rep1_a1,P1,1.0,219,2.15,2.0,21.532059424173973,39.23397028791302,24.761868337800067,39.23397028791302
P1_rep1_a1,P1,1.0,220,2.1,2.0,25.102610716299612,37.448694641850196,27.612871787929574,37.448694641850196
P1_rep1_a1,P1,1.0,221,2.05,2.0,29.04607870701908,35.476960646490454,30.49838264237003,35.476960646490454
P1_rep1_a1,P1,1.0,222,2.05,2.0,29.04607870701908,35.476960646490454,30.49838264237003,35.476960646490454
P1_rep1_a1,P1,1.0,223,2.05,2.0,29.04607870701908,35.476960646490454,30.49838264237003,35.476960646490454
P1_rep1_a1,P1,1.0,224,2.05,2.0,29.04607870701908,35.476960646490454,30.49838264237003,35.476960646490454
P1_rep1_a1,P1,1.0,225,2.05,2.0,29.04607870701908,35.476960646490454,30.49838264237003,35.476960646490454
P1_rep1_a1,P1,1.0,226,2.05,2.0,29.04607870701908,35.476960646490454,30.49838264237003,35.476960646490454
P1_rep1_a1,P1,1.0,227,2.05,2.0,29.04607870701908,35.476960646490454,30.49838264237003,35.476960646490454
P1_rep1_a1,P1,1.0,228,2.05,2.0,29.04607870701908,35.476960646490454,30.49838264237003,35.476960646490454
P1_rep1_a1,P1,1.0,229,2.05,2.0,29.04607870701908,35.476960646490454,30.49838264237003,35.476960646490454
P1_rep1_a1,P1,1.0,230,2.1,2.0,25.102610716299612,37.448694641850196,27.612871787929574,37.448694641850196
P1_rep1_a1,P1,1.0,231,2.1,2.0,25.102610716299612,37.448694641850196,27.612871787929574,37.448694641850196
P1_rep1_a1,P1,1.0,232,2.15,2.0,21.532059424173973,39.23397028791302,24.761868337800067,39.23397028791302
P1_rep1_a1,P1,1.0,233,2.1,2.0,25.102610716299612,37.448694641850196,27.612871787929574,37.448694641850196
P1_rep1_a1,P1,1.0,234,2.05,2.0,29.04607870701908,35.476960646490454,30.49838264237003,35.476960646490454
P1_rep1_a1,P1,1.0,235,2.05,2.05,31.042377345300565,31.042377345300565,32.59449621256559,32.59449621256559
P1_rep1_a1,P1,1.0,236,2.0,2.1,37.448694641850196,25.102610716299612,37.448694641850196,27.612871787929574
P1_rep1_a1,P1,1.0,237,2.0,2.1,37.448694641850196,25.102610716299612,37.448694641850196,27.612871787929574
P1_rep1_a1,P1,1.0,238,2.0,2.1,37.448694641850196,25.102610716299612,37.448694641850196,27.612871787929574
P1_rep1_a1,P1,1.0,239,2.0,2.1,37.448694641850196,25.102610716299612,37.448694641850196,27.612871787929574
P1_rep1_a1,P1,1.0,240,2.0,2.1,37.448694641850196,25.102610716299612,37.448694641850196,27.612871787929574
P1_rep1_a1,P1,1.0,241,2.0,2.15,39.23397028791302,21.532059424173973,39.23397028791302,24.761868337800067
P1_rep1_a1,P1,1.0,242,2.0,2.15,39.23397028791302,21.532059424173973,39.23397028791302,24.761868337800067
P1_rep1_a1,P1,1.0,243,2.0,2.15,39.23397028791302,21.532059424173973,39.23397028791302,24.761868337800067
P1_rep1_a1,P1,1.0,244,2.0,2.15,39.23397028791302,21.532059424173973,39.23397028791302,24.761868337800067
P1_rep1_a1,P1,1.0,245,2.0,2.15,39.23397028791302,21.532059424173973,39.23397028791302,24.761868337800067
P1_rep1_a1,P1,1.0,246,2.0,2.2,40.82750886671593,18.344982266568138,40.82750886671593,22.01397871988177
P1_rep1_a1,P1,1.0,247,2.0,2.1,37.448694641850196,25.102610716299612,37.448694641850196,27.612871787929574
P1_rep1_a1,P1,1.0,248,2.0,2.1,37.448694641850196,25.102610716299612,37.448694641850196,27.612871787929574
P1_rep1_a1,P1,1.0,249,2.0,2.15,39.23397028791302,21.532059424173973,39.23397028791302,24.761868337800067
P1_rep1_a1,P1,1.0,250,2.0,2.1,37.448694641850196,25.102610716299612,37.448694641850196,27.612871787929574
P1_rep1_a1,P1,1.0,251,2.0,2.1,37.448694641850196,25.102610716299612,37.448694641850196,27.612871787929574
P1_rep1_a1,P1,1.0,252,2.0,2.1,37.448694641850196,25.102610716299612,37.448694641850196,27.612871787929574
P1_rep1_a1,P1,1.0,253,2.0,2.1,37.448694641850196,25.102610716299612,37.448694641850196,27.612871787929574
P1_rep1_a1,P1,1.0,254,2.0,2.1,37.448694641850196,25.102610716299612,37.448694641850196,27.612871787929574
P1_rep1_a1,P1,1.0,255,2.0,2.1,37.448694641850196,25.102610716299612,37.448694641850196,27.612871787929574
P1_rep1_a1,P1,1.0,256,2.0,2.1,37.448694641850196,25.102610716299612,37.448694641850196,27.612871787929574
P1_rep1_a1,P1,1.0,257,2.0,2.1,37.448694641850196,25.102610716299612,37.448694641850196,27.612871787929574
P1_rep1_a1,P1,1.0,258,2.0,2.1,37.448694641850196,25.102610716299612,37.448694641850196,27.612871787929574
P1_rep1_a1,P1,1.0,259,2.0,2.1,37.448694641850196,25.102610716299612,37.448694641850196,27.612871787929574
P1_rep1_a1,P1,1.0,260,2.0,2.1,37.448694641850196,25.102610716299612,37.448694641850196,27.612871787929574
P1_rep1_a1,P1,1.0,261,2.0,2.1,37.448694641850196,25.102610716299612,37.448694641850196,27.612871787929574
P1_rep1_a1,P1,1.0,262,2.0,2.1,37.448694641850196,25.102610716299612,37.448694641850196,27.612871787929574
P1_rep1_a1,P1,1.0,263,2.0,2.1,37.448694641850196,25.102610716299612,37.448694641850196,27.612871787929574
P1_rep1_a1,P1,1.0,264,2.0,2.1,37.448694641850196,25.102610716299612,37.448694641850196,27.612871787929574
P1_rep1_a1,P1,1.0,265,2.0,2.1,37.448694641850196,25.102610716299612,37.448694641850196,27.612871787929574
P1_rep1_a1,P1,1.0,266,2.0,2.1,37.448694641850196,25.102610716299612,37.448694641850196,27.612871787929574
P1_rep1_a1,P1,1.0,267,2.0,2.15,39.23397028791302,21.532059424173973,39.23397028791302,24.761868337800067
P1_rep1_a1,P1,1.0,268,2.0,2.15,39.23397028791302,21.532059424173973,39.23397028791302,24.761868337800067
P1_rep1_a1,P1,1.0,269,2.0,2.1,37.448694641850196,25.102610716299612,37.448694641850196,27.612871787929574
P1_rep1_a1,P1,1.0,270,2.0,2.1,37.448694641850196,25.102610716299612,37.448694641850196,27.612871787929574
P1_rep1_a1,P1,1.0,271,2.0,2.1,37.448694641850196,25.102610716299612,37.448694641850196,27.612871787929574
P1_rep1_a1,P1,1.0,272,2.0,2.1,37.448694641850196,25.102610716299612,37.448694641850196,27.612871787929574
P1_rep1_a1,P1,1.0,273,2.0,2.1,37.448694641850196,25.102610716299612,37.448694641850196,27.612871787929574
P1_rep1_a1,P1,1.0,274,2.0,2.1,37.448694641850196,25.102610716299612,37.448694641850196,27.612871787929574
P1_rep1_a1,P1,1.0,275,2.0,2.1,37.448694641850196,25.102610716299612,37.448694641850196,27.612871787929574
P1_rep1_a1,P1,1.0,276,2.0,2.1,37.448694641850196,25.102610716299612,37.448694641850196,27.612871787929574
P1_rep1_a1,P1,1.0,277,2.0,2.1,37.448694641850196,25.102610716299612,37.448694641850196,27.612871787929574
P1_rep1_a1,P1,1.0,278,2.0,2.1,37.448694641850196,25.102610716299612,37.448694641850196,27.612871787929574
P1_rep1_a1,P1,1.0,279,2.0,2.1,37.448694641850196,25.102610716299612,37.448694641850196,27.612871787929574
P1_rep1_a1,P1,1.0,280,2.0,2.1,37.448694641850196,25.102610716299612,37.448694641850196,27.612871787929574
P1_rep1_a1,P1,1.0,281,2.0,2.1,37.448694641850196,25.102610716299612,37.448694641850196,27.612871787929574
P1_rep1_a1,P1,1.0,282,2.0,2.1,37.448694641850196,25.102610716299612,37.448694641850196,27.612871787929574
P1_rep1_a1,P1,1.0,283,2.0,2.1,37.448694641850196,25.102610716299612,37.448694641850196,27.612871787929574
P1_rep1_a1,P1,1.0,284,2.0,2.1,37.448694641850196,25.102610716299612,37.448694641850196,27.612871787929574
P1_rep1_a1,P1,1.0,285,2.0,2.1,37.448694641850196,25.102610716299612,37.448694641850196,27.612871787929574
P1_rep1_a1,P1,1.0,286,2.0,2.15,39.23397028791302,21.532059424173973,39.23397028791302,24.761868337800067
P1_rep1_a1,P1,1.0,287,2.0,2.15,39.23397028791302,21.532059424173973,39.23397028791302,24.761868337800067
P1_rep1_a1,P1,1.0,288,2.0,2.15,39.23397028791302,21.532059424173973,39.23397028791302,24.761868337800067
P1_rep1_a1,P1,1.0,289,2.0,2.1,37.448694641850196,25.102610716299612,37.448694641850196,27.612871787929574
P1_rep1_a1,P1,1.0,290,2.0,2.1,37.448694641850196,25.102610716299612,37.448694641850196,27.612871787929574
P1_rep1_a1,P1,1.0,291,2.0,2.1,37.448694641850196,25.102610716299612,37.448694641850196,27.612871787929574
P1_rep1_a1,P1,1.0,292,2.0,2.1,37.448694641850196,25.102610716299612,37.448694641850196,27.612871787929574
P1_rep1_a1,P1,1.0,293,2.0,2.1,37.448694641850196,25.102610716299612,37.448694641850196,27.612871787929574
P1_rep1_a1,P1,1.0,294,2.0,2.05,35.476960646490454,29.04607870701908,35.476960646490454,30.49838264237003
P1_rep1_a1,P1,1.0,295,2.0,2.1,37.448694641850196,25.102610716299612,37.448694641850196,27.612871787929574
P1_rep1_a1,P1,1.0,296,2.0,2.05,35.476960646490454,29.04607870701908,35.476960646490454,30.49838264237003
P1_rep1_a1,P1,1.0,297,2.0,2.05,35.476960646490454,29.04607870701908,35.476960646490454,30.49838264237003
P1_rep1_a1,P1,1.0,298,2.0,2.05,35.476960646490454,29.04607870701908,35.476960646490454,30.49838264237003
P1_rep1_a1,P1,1.0,299,2.0,2.05,35.476960646490454,29.04607870701908,35.476960646490454,30.49838264237003
P1_rep1_a1,P1,1.0,300,2.0,2.05,35.476960646490454,29.04607870701908,35.476960646490454,30.49838264237003
P1_rep2_a1,P1,1.0,1,2.0,2.0,33.333333333333336,33.333333333333336,33.333333333333336,33.333333333333336
P1_rep2_a1,P1,1.0,2,2.5,3.0,11.731042782619838,1.5876239976466766,17.596564173929757,3.175247995293353
P1_rep2_a1,P1,1.0,3,3.0,2.5,1.5876239976466766,11.731042782619838,3.175247995293353,17.596564173929757
P1_rep2_a1,P1,1.0,4,3.5,2.5,0.2178521357197023,11.89432359106521,0.5446303392992558,17.841485386597814
P1_rep2_a1,P1,1.0,5,2.0,2.5,46.83105308334812,6.337893833303762,46.83105308334812,9.506840749955643
P1_rep2_a1,P1,1.0,6,2.25,2.5,24.472847105479765,9.003057317038046,30.591058881849705,13.504585975557069
P1_rep2_a1,P1,1.0,7,2.25,2.5,24.472847105479765,9.003057317038046,30.591058881849705,13.504585975557069
P1_rep2_a1,P1,1.0,8,2.25,2.5,24.472847105479765,9.003057317038046,30.591058881849705,13.504585975557069
P1_rep2_a1,P1,1.0,9,2.0,2.5,46.83105308334812,6.337893833303762,46.83105308334812,9.506840749955643
P1_rep2_a1,P1,1.0,10,2.0,2.5,46.83105308334812,6.337893833303762,46.83105308334812,9.506840749955643
P1_rep2_a1,P1,1.0,11,2.0,2.5,46.83105308334812,6.337893833303762,46.83105308334812,9.506840749955643
P1_rep2_a1,P1,1.0,12,2.0,2.5,46.83105308334812,6.337893833303762,46.83105308334812,9.506840749955643
P1_rep2_a1,P1,1.0,13,2.0,2.5,46.83105308334812,6.337893833303762,46.83105308334812,9.506840749955643
P1_rep2_a1,P1,1.0,14,2.0,2.5,46.83105308334812,6.337893833303762,46.83105308334812,9.506840749955643
P1_rep2_a1,P1,1.0,15,2.0,2.5,46.83105308334812,6.337893833303762,46.83105308334812,9.506840749955643
P1_rep2_a1,P1,1.0,16,2.0,2.5,46.83105308334812,6.337893833303762,46.83105308334812,9.506840749955643
P1_rep2_a1,P1,1.0,17,2.0,2.5,46.83105308334812,6.337893833303762,46.83105308334812,9.506840749955643
P1_rep2_a1,P1,1.0,18,2.0,2.25,42.23187982515182,15.536240349696362,42.23187982515182,19.420300437120453
P1_rep2_a1,P1,1.0,19,2.0,2.25,42.23187982515182,15.536240349696362,42.23187982515182,19.420300437120453
P1_rep2_a1,P1,1.0,20,2.0,2.25,42.23187982515182,15.536240349696362,42.23187982515182,19.420300437120453
P1_rep2_a1,P1,1.0,21,2.0,2.25,42.23187982515182,15.536240349696362,42.23187982515182,19.420300437120453
P1_rep2_a1,P1,1.0,22,2.0,2.25,42.23187982515182,15.536240349696362,42.23187982515182,19.420300437120453
P1_rep2_a1,P1,1.0,23,2.0,2.25,42.23187982515182,15.536240349696362,42.23187982515182,19.420300437120453
P1_rep2_a1,P1,1.0,24,2.0,2.25,42.23187982515182,15.536240349696362,42.23187982515182,19.420300437120453
P1_rep2_a1,P1,1.0,25,2.0,2.25,42.23187982515182,15.536240349696362,42.23187982515182,19.420300437120453
P1_rep2_a1,P1,1.0,26,2.0,2.25,42.23187982515182,15.536240349696362,42.23187982515182,19.420300437120453
P1_rep2_a1,P1,1.0,27,2.0,2.25,42.23187982515182,15.536240349696362,42.23187982515182,19.420300437120453
P1_rep2_a1,P1,1.0,28,2.0,2.25,42.23187982515182,15.536240349696362,42.23187982515182,19.420300437120453
P1_rep2_a1,P1,1.0,29,2.0,2.25,42.23187982515182,15.536240349696362,42.23187982515182,19.420300437120453
P1_rep2_a1,P1,1.0,30,2.0,2.25,42.23187982515182,15.536240349696362,42.23187982515182,19.420300437120453
P1_rep2_a1,P1,1.0,31,2.0,2.25,42.23187982515182,15.536240349696362,42.23187982515182,19.420300437120453
P1_rep2_a1,P1,1.0,32,2.0,2.25,42.23187982515182,15.536240349696362,42.23187982515182,19.420300437120453
P1_rep2_a1,P1,1.0,33,2.0,2.25,42.23187982515182,15.536240349696362,42.23187982515182,19.420300437120453
P1_rep2_a1,P1,1.0,34,2.0,2.25,42.23187982515182,15.536240349696362,42.23187982515182,19.420300437120453
P1_rep2_a1,P1,1.0,35,2.0,2.25,42.23187982515182,15.536240349696362,42.23187982515182,19.420300437120453
P1_rep2_a1,P1,1.0,36,2.0,2.25,42.23187982515182,15.536240349696362,42.23187982515182,19.420300437120453
P1_rep2_a1,P1,1.0,37,2.0,2.25,42.23187982515182,15.536240349696362,42.23187982515182,19.420300437120453
P1_rep2_a1,P1,1.0,38,2.0,2.25,42.23187982515182,15.536240349696362,42.23187982515182,19.420300437120453
P1_rep2_a1,P1,1.0,39,2.0,2.25,42.23187982515182,15.536240349696362,42.23187982515182,19.420300437120453
P1_rep2_a1,P1,1.0,40,2.0,2.25,42.23187982515182,15.536240349696362,42.23187982515182,19.420300437120453
P1_rep2_a1,P1,1.0,41,2.0,2.25,42.23187982515182,15.536240349696362,42.23187982515182,19.420300437120453
P1_rep2_a1,P1,1.0,42,2.0,2.25,42.23187982515182,15.536240349696362,42.23187982515182,19.420300437120453
P1_rep2_a1,P1,1.0,43,2.0,2.25,42.23187982515182,15.536240349696362,42.23187982515182,19.420300437120453
P1_rep2_a1,P1,1.0,44,2.0,2.25,42.23187982515182,15.536240349696362,42.23187982515182,19.420300437120453
P1_rep2_a1,P1,1.0,45,2.0,2.25,42.23187982515182,15.536240349696362,42.23187982515182,19.420300437120453
P1_rep2_a1,P1,1.0,46,2.0,2.25,42.23187982515182,15.536240349696362,42.23187982515182,19.420300437120453
P1_rep2_a1,P1,1.0,47,2.0,2.25,42.23187982515182,15.536240349696362,42.23187982515182,19.420300437120453
P1_rep2_a1,P1,1.0,48,2.0,2.25,42.23187982515182,15.536240349696362,42.23187982515182,19.420300437120453
P1_rep2_a1,P1,1.0,49,2.0,2.25,42.23187982515182,15.536240349696362,42.23187982515182,19.420300437120453
P1_rep2_a1,P1,1.0,50,2.0,2.25,42.23187982515182,15.536240349696362,42.23187982515182,19.420300437120453
P1_rep2_a1,P1,1.0,51,2.0,2.25,42.23187982515182,15.536240349696362,42.23187982515182,19.420300437120453
P1_rep2_a1,P1,1.0,52,2.0,2.25,42.23187982515182,15.536240349696362,42.23187982515182,19.420300437120453
P1_rep2_a1,P1,1.0,53,2.0,2.25,42.23187982515182,15.536240349696362,42.23187982515182,19.420300437120453
P1_rep2_a1,P1,1.0,54,2.0,2.25,42.23187982515182,15.536240349696362,42.23187982515182,19.420300437120453
P1_rep2_a1,P1,1.0,55,2.0,2.25,42.23187982515182,15.536240349696362,42.23187982515182,19.420300437120453
P1_rep2_a1,P1,1.0,56,2.0,2.25,42.23187982515182,15.536240349696362,42.23187982515182,19.420300437120453
P1_rep2_a1,P1,1.0,57,2.0,2.25,42.23187982515182,15.536240349696362,42.23187982515182,19.420300437120453
P1_rep2_a1,P1,1.0,58,2.0,2.25,42.23187982515182,15.536240349696362,42.23187982515182,19.420300437120453
P1_rep2_a1,P1,1.0,59,2.0,2.25,42.23187982515182,15.536240349696362,42.23187982515182,19.420300437120453
P1_rep2_a1,P1,1.0,60,2.0,2.25,42.23187982515182,15.536240349696362,42.23187982515182,19.420300437120453
P1_rep2_a1,P1,1.0,61,2.0,2.25,42.23187982515182,15.536240349696362,42.23187982515182,19.420300437120453
P1_rep2_a1,P1,1.0,62,2.0,2.25,42.23187982515182,15.536240349696362,42.23187982515182,19.420300437120453
P1_rep2_a1,P1,1.0,63,2.0,2.25,42.23187982515182,15.536240349696362,42.23187982515182,19.420300437120453
P1_rep2_a1,P1,1.0,64,2.0,2.25,42.23187982515182,15.536240349696362,42.23187982515182,19.420300437120453
P1_rep2_a1,P1,1.0,65,2.0,2.25,42.23187982515182,15.536240349696362,42.23187982515182,19.420300437120453
P1_rep2_a1,P1,1.0,66,2.0,2.25,42.23187982515182,15.536240349696362,42.23187982515182,19.420300437120453
P1_rep2_a1,P1,1.0,67,2.0,2.3,43.4556976905065,13.088604618987013,43.4556976905065,17.015186004683116
P1_rep2_a1,P1,1.0,68,2.0,2.25,42.23187982515182,15.536240349696362,42.23187982515182,19.420300437120453
P1_rep2_a1,P1,1.0,69,2.25,2.25,21.194155761708547,21.194155761708547,26.492694702135683,26.492694702135683
P1_rep2_a1,P1,1.0,70,2.0,2.25,42.23187982515182,15.536240349696362,42.23187982515182,19.420300437120453
P1_rep2_a1,P1,1.0,71,2.0,2.25,42.23187982515182,15.536240349696362,42.23187982515182,19.420300437120453
P1_rep2_a1,P1,1.0,72,2.0,2.25,42.23187982515182,15.536240349696362,42.23187982515182,19.420300437120453
P1_rep2_a1,P1,1.0,73,2.0,2.25,42.23187982515182,15.536240349696362,42.23187982515182,19.420300437120453
P1_rep2_a1,P1,1.0,74,2.0,2.25,42.23187982515182,15.536240349696362,42.23187982515182,19.420300437120453
P1_rep2_a1,P1,1.0,75,2.0,2.25,42.23187982515182,15.536240349696362,42.23187982515182,19.420300437120453
P1_rep2_a1,P1,1.0,76,2.0,2.25,42.23187982515182,15.536240349696362,42.23187982515182,19.420300437120453
P1_rep2_a1,P1,1.0,77,2.0,2.25,42.23187982515182,15.536240349696362,42.23187982515182,19.420300437120453
P1_rep2_a1,P1,1.0,78,2.0,2.25,42.23187982515182,15.536240349696362,42.23187982515182,19.420300437120453
P1_rep2_a1,P1,1.0,79,2.0,2.25,42.23187982515182,15.536240349696362,42.23187982515182,19.420300437120453
P1_rep2_a1,P1,1.0,80,2.0,2.25,42.23187982515182,15.536240349696362,42.23187982515182,19.420300437120453
P1_rep2_a1,P1,1.0,81,2.0,2.25,42.23187982515182,15.536240349696362,42.23187982515182,19.420300437120453
P1_rep2_a1,P1,1.0,82,2.0,2.25,42.23187982515182,15.536240349696362,42.23187982515182,19.420300437120453
P1_rep2_a1,P1,1.0,83,2.0,2.25,42.23187982515182,15.536240349696362,42.23187982515182,19.420300437120453
P1_rep2_a1,P1,1.0,84,2.0,2.25,42.23187982515182,15.536240349696362,42.23187982515182,19.420300437120453
P1_rep2_a1,P1,1.0,85,2.0,2.25,42.23187982515182,15.536240349696362,42.23187982515182,19.420300437120453
P1_rep2_a1,P1,1.0,86,2.0,2.25,42.23187982515182,15.536240349696362,42.23187982515182,19.420300437120453
P1_rep2_a1,P1,1.0,87,2.0,2.25,42.23187982515182,15.536240349696362,42.23187982515182,19.420300437120453
P1_rep2_a1,P1,1.0,88,2.0,2.25,42.23187982515182,15.536240349696362,42.23187982515182,19.420300437120453
P1_rep2_a1,P1,1.0,89,2.0,2.25,42.23187982515182,15.536240349696362,42.23187982515182,19.420300437120453
P1_rep2_a1,P1,1.0,90,2.1,2.25,32.88785274664993,18.04923627350838,36.17663802131493,22.561545341885477
P1_rep2_a1,P1,1.0,91,2.1,2.1,28.63832198321698,28.63832198321698,31.50215418153868,31.50215418153868
P1_rep2_a1,P1,1.0,92,2.1,2.1,28.63832198321698,28.63832198321698,31.50215418153868,31.50215418153868
P1_rep2_a1,P1,1.0,93,2.0,2.1,37.448694641850196,25.102610716299612,37.448694641850196,27.612871787929574
P1_rep2_a1,P1,1.0,94,2.15,2.1,24.730917976320395,30.206411428110634,28.44055567276845,33.2270525709217
P1_rep2_a1,P1,1.0,95,2.0,2.1,37.448694641850196,25.102610716299612,37.448694641850196,27.612871787929574
P1_rep2_a1,P1,1.0,96,2.0,2.3,43.4556976905065,13.088604618987013,43.4556976905065,17.015186004683116
P1_rep2_a1,P1,1.0,97,2.0,2.25,42.23187982515182,15.536240349696362,42.23187982515182,19.420300437120453
P1_rep2_a1,P1,1.0,98,2.0,2.25,42.23187982515182,15.536240349696362,42.23187982515182,19.420300437120453
P1_rep2_a1,P1,1.0,99,2.0,2.1,37.448694641850196,25.102610716299612,37.448694641850196,27.612871787929574
P1_rep2_a1,P1,1.0,100,2.0,2.1,37.448694641850196,25.102610716299612,37.448694641850196,27.612871787929574
P1_rep2_a1,P1,1.0,101,2.0,2.1,37.448694641850196,25.102610716299612,37.448694641850196,27.612871787929574
P1_rep2_a1,P1,1.0,102,2.0,2.1,37.448694641850196,25.102610716299612,37.448694641850196,27.612871787929574
P1_rep2_a1,P1,1.0,103,2.0,2.1,37.448694641850196,25.102610716299612,37.448694641850196,27.612871787929574
P1_rep2_a1,P1,1.0,104,2.0,2.1,37.448694641850196,25.102610716299612,37.448694641850196,27.612871787929574
P1_rep2_a1,P1,1.0,105,2.0,2.1,37.448694641850196,25.102610716299612,37.448694641850196,27.612871787929574
P1_rep2_a1,P1,1.0,106,2.0,2.1,37.448694641850196,25.102610716299612,37.448694641850196,27.612871787929574
P1_rep2_a1,P1,1.0,107,2.0,2.1,37.448694641850196,25.102610716299612,37.448694641850196,27.612871787929574
P1_rep2_a1,P1,1.0,108,2.0,2.1,37.448694641850196,25.102610716299612,37.448694641850196,27.612871787929574
P1_rep2_a1,P1,1.0,109,2.0,2.1,37.448694641850196,25.102610716299612,37.448694641850196,27.612871787929574
P1_rep2_a1,P1,1.0,110,2.0,2.1,37.448694641850196,25.102610716299612,37.448694641850196,27.612871787929574
P1_rep2_a1,P1,1.0,111,2.0,2.15,39.23397028791302,21.532059424173973,39.23397028791302,24.761868337800067
P1_rep2_a1,P1,1.0,112,2.0,2.1,37.448694641850196,25.102610716299612,37.448694641850196,27.612871787929574
P1_rep2_a1,P1,1.0,113,2.0,2.1,37.448694641850196,25.102610716299612,37.448694641850196,27.612871787929574
P1_rep2_a1,P1,1.0,114,2.0,2.1,37.448694641850196,25.102610716299612,37.448694641850196,27.612871787929574
P1_rep2_a1,P1,1.0,115,2.0,2.1,37.448694641850196,25.102610716299612,37.448694641850196,27.612871787929574
P1_rep2_a1,P1,1.0,116,2.0,2.1,37.448694641850196,25.102610716299612,37.448694641850196,27.612871787929574
P1_rep2_a1,P1,1.0,117,2.0,2.1,37.448694641850196,25.102610716299612,37.448694641850196,27.612871787929574
P1_rep2_a1,P1,1.0,118,2.0,2.1,37.448694641850196,25.102610716299612,37.448694641850196,27.612871787929574
P1_rep2_a1,P1,1.0,119,2.0,2.1,37.448694641850196,25.102610716299612,37.448694641850196,27.612871787929574
P1_rep2_a1,P1,1.0,120,2.0,2.1,37.448694641850196,25.102610716299612,37.448694641850196,27.612871787929574
P1_rep2_a1,P1,1.0,121,2.05,2.1,32.89329222889069,26.93074991777377,34.53795684033521,29.62382490955115
P1_rep2_a1,P1,1.0,122,2.0,2.1,37.448694641850196,25.102610716299612,37.448694641850196,27.612871787929574
P1_rep2_a1,P1,1.0,123,2.0,2.1,37.448694641850196,25.102610716299612,37.448694641850196,27.612871787929574
P1_rep2_a1,P1,1.0,124,2.05,2.1,32.89329222889069,26.93074991777377,34.53795684033521,29.62382490955115
P1_rep2_a1,P1,1.0,125,2.05,2.1,32.89329222889069,26.93074991777377,34.53795684033521,29.62382490955115
P1_rep2_a1,P1,1.0,126,2.05,2.1,32.89329222889069,26.93074991777377,34.53795684033521,29.62382490955115
P1_rep2_a1,P1,1.0,127,2.0,2.1,37.448694641850196,25.102610716299612,37.448694641850196,27.612871787929574
P1_rep2_a1,P1,1.0,128,2.05,2.1,32.89329222889069,26.93074991777377,34.53795684033521,29.62382490955115
P1_rep2_a1,P1,1.0,129,2.05,2.1,32.89329222889069,26.93074991777377,34.53795684033521,29.62382490955115
P1_rep2_a1,P1,1.0,130,2.05,2.1,32.89329222889069,26.93074991777377,34.53795684033521,29.62382490955115
P1_rep2_a1,P1,1.0,131,2.05,2.1,32.89329222889069,26.93074991777377,34.53795684033521,29.62382490955115
P1_rep2_a1,P1,1.0,132,2.05,2.1,32.89329222889069,26.93074991777377,34.53795684033521,29.62382490955115
P1_rep2_a1,P1,1.0,133,2.05,2.1,32.89329222889069,26.93074991777377,34.53795684033521,29.62382490955115
P1_rep2_a1,P1,1.0,134,2.05,2.1,32.89329222889069,26.93074991777377,34.53795684033521,29.62382490955115
P1_rep2_a1,P1,1.0,135,2.05,2.1,32.89329222889069,26.93074991777377,34.53795684033521,29.62382490955115
P1_rep2_a1,P1,1.0,136,2.0,2.1,37.448694641850196,25.102610716299612,37.448694641850196,27.612871787929574
P1_rep2_a1,P1,1.0,137,2.15,2.1,24.730917976320395,30.206411428110634,28.44055567276845,33.2270525709217
P1_rep2_a1,P1,1.0,138,2.0,2.1,37.448694641850196,25.102610716299612,37.448694641850196,27.612871787929574
P1_rep2_a1,P1,1.0,139,2.05,2.1,32.89329222889069,26.93074991777377,34.53795684033521,29.62382490955115
P1_rep2_a1,P1,1.0,140,2.05,2.1,32.89329222889069,26.93074991777377,34.53795684033521,29.62382490955115
P1_rep2_a1,P1,1.0,141,2.05,2.1,32.89329222889069,26.93074991777377,34.53795684033521,29.62382490955115
P1_rep2_a1,P1,1.0,142,2.05,2.1,32.89329222889069,26.93074991777377,34.53795684033521,29.62382490955115
P1_rep2_a1,P1,1.0,143,2.05,2.1,32.89329222889069,26.93074991777377,34.53795684033521,29.62382490955115
P1_rep2_a1,P1,1.0,144,2.0,2.1,37.448694641850196,25.102610716299612,37.448694641850196,27.612871787929574
P1_rep2_a1,P1,1.0,145,2.0,2.1,37.448694641850196,25.102610716299612,37.448694641850196,27.612871787929574
P1_rep2_a1,P1,1.0,146,2.0,2.1,37.448694641850196,25.102610716299612,37.448694641850196,27.612871787929574
P1_rep2_a1,P1,1.0,147,2.0,2.1,37.448694641850196,25.102610716299612,37.448694641850196,27.612871787929574
P1_rep2_a1,P1,1.0,148,2.0,2.1,37.448694641850196,25.102610716299612,37.448694641850196,27.612871787929574
P1_rep2_a1,P1,1.0,149,2.0,2.1,37.448694641850196,25.102610716299612,37.448694641850196,27.612871787929574
P1_rep2_a1,P1,1.0,150,2.0,2.1,37.448694641850196,25.102610716299612,37.448694641850196,27.612871787929574
P1_rep2_a1,P1,1.0,151,2.1,2.1,28.63832198321698,28.63832198321698,31.50215418153868,31.50215418153868
P1_rep2_a1,P1,1.0,152,2.1,2.1,28.63832198321698,28.63832198321698,31.50215418153868,31.50215418153868
P1_rep2_a1,P1,1.0,153,2.1,2.1,28.63832198321698,28.63832198321698,31.50215418153868,31.50215418153868
P1_rep2_a1,P1,1.0,154,2.1,2.1,28.63832198321698,28.63832198321698,31.50215418153868,31.50215418153868
P1_rep2_a1,P1,1.0,155,2.05,2.1,32.89329222889069,26.93074991777377,34.53795684033521,29.62382490955115
P1_rep2_a1,P1,1.0,156,2.1,2.1,28.63832198321698,28.63832198321698,31.50215418153868,31.50215418153868
P1_rep2_a1,P1,1.0,157,2.0,2.1,37.448694641850196,25.102610716299612,37.448694641850196,27.612871787929574
P1_rep2_a1,P1,1.0,158,2.0,2.1,37.448694641850196,25.102610716299612,37.448694641850196,27.612871787929574
P1_rep2_a1,P1,1.0,159,2.0,2.1,37.448694641850196,25.102610716299612,37.448694641850196,27.612871787929574
P1_rep2_a1,P1,1.0,160,2.0,2.1,37.448694641850196,25.102610716299612,37.448694641850196,27.612871787929574
P1_rep2_a1,P1,1.0,161,1.95,2.1,42.23789211012718,23.180646674121856,40.12599750462082,25.498711341534044
P1_rep2_a1,P1,1.0,162,1.95,2.1,42.23789211012718,23.180646674121856,40.12599750462082,25.498711341534044
P1_rep2_a1,P1,1.0,163,1.95,2.1,42.23789211012718,23.180646674121856,40.12599750462082,25.498711341534044
P1_rep2_a1,P1,1.0,164,1.95,2.1,42.23789211012718,23.180646674121856,40.12599750462082,25.498711341534044
P1_rep2_a1,P1,1.0,165,1.9,2.1,47.17762210677908,21.198272070752765,42.45985989610117,23.318099277828043
P1_rep2_a1,P1,1.0,166,1.9,2.05,45.062670595568974,24.730917976320395,40.55640353601207,25.96746387513641
P1_rep2_a1,P1,1.0,167,1.9,2.1,47.17762210677908,21.198272070752765,42.45985989610117,23.318099277828043
P1_rep2_a1,P1,1.0,168,1.9,2.05,45.062670595568974,24.730917976320395,40.55640353601207,25.96746387513641
P1_rep2_a1,P1,1.0,169,1.9,2.05,45.062670595568974,24.730917976320395,40.55640353601207,25.96746387513641
P1_rep2_a1,P1,1.0,170,1.9,2.05,45.062670595568974,24.730917976320395,40.55640353601207,25.96746387513641
P1_rep2_a1,P1,1.0,171,1.9,2.0,42.723356033566034,28.63832198321698,38.451020430209425,28.63832198321698
P1_rep2_a1,P1,1.0,172,1.9,2.0,42.723356033566034,28.63832198321698,38.451020430209425,28.63832198321698
P1_rep2_a1,P1,1.0,173,1.9,2.0,42.723356033566034,28.63832198321698,38.451020430209425,28.63832198321698
P1_rep2_a1,P1,1.0,174,1.9,2.0,42.723356033566034,28.63832198321698,38.451020430209425,28.63832198321698
P1_rep2_a1,P1,1.0,175,1.9,2.0,42.723356033566034,28.63832198321698,38.451020430209425,28.63832198321698
P1_rep2_a1,P1,1.0,176,1.9,2.0,42.723356033566034,28.63832198321698,38.451020430209425,28.63832198321698
P1_rep2_a1,P1,1.0,177,1.95,2.0,37.915245309398884,31.04237734530056,36.019483043928936,31.04237734530056
P1_rep2_a1,P1,1.0,178,2.0,2.0,33.333333333333336,33.333333333333336,33.333333333333336,33.333333333333336
P1_rep2_a1,P1,1.0,179,1.95,2.0,37.915245309398884,31.04237734530056,36.019483043928936,31.04237734530056
P1_rep2_a1,P1,1.0,180,1.95,2.0,37.915245309398884,31.04237734530056,36.019483043928936,31.04237734530056
P1_rep2_a1,P1,1.0,181,1.95,2.0,37.915245309398884,31.04237734530056,36.019483043928936,31.04237734530056
P1_rep2_a1,P1,1.0,182,1.95,2.0,37.915245309398884,31.04237734530056,36.019483043928936,31.04237734530056
P1_rep2_a1,P1,1.0,183,1.95,2.0,37.915245309398884,31.04237734530056,36.019483043928936,31.04237734530056
P1_rep2_a1,P1,1.0,184,1.95,2.0,37.915245309398884,31.04237734530056,36.019483043928936,31.04237734530056
P1_rep2_a1,P1,1.0,185,1.95,2.0,37.915245309398884,31.04237734530056,36.019483043928936,31.04237734530056
P1_rep2_a1,P1,1.0,186,1.95,2.0,37.915245309398884,31.04237734530056,36.019483043928936,31.04237734530056
P1_rep2_a1,P1,1.0,187,1.95,2.0,37.915245309398884,31.04237734530056,36.019483043928936,31.04237734530056
P1_rep2_a1,P1,1.0,188,1.95,2.0,37.915245309398884,31.04237734530056,36.019483043928936,31.04237734530056
P1_rep2_a1,P1,1.0,189,1.9,2.0,42.723356033566034,28.63832198321698,38.451020430209425,28.63832198321698
P1_rep2_a1,P1,1.0,190,1.9,2.0,42.723356033566034,28.63832198321698,38.451020430209425,28.63832198321698
P1_rep2_a1,P1,1.0,191,1.9,2.0,42.723356033566034,28.63832198321698,38.451020430209425,28.63832198321698
P1_rep2_a1,P1,1.0,192,1.9,2.0,42.723356033566034,28.63832198321698,38.451020430209425,28.63832198321698
P1_rep2_a1,P1,1.0,193,1.9,2.0,42.723356033566034,28.63832198321698,38.451020430209425,28.63832198321698
P1_rep2_a1,P1,1.0,194,1.9,2.0,42.723356033566034,28.63832198321698,38.451020430209425,28.63832198321698
P1_rep2_a1,P1,1.0,195,2.0,2.0,33.333333333333336,33.333333333333336,33.333333333333336,33.333333333333336
P1_rep2_a1,P1,1.0,196,1.9,2.0,42.723356033566034,28.63832198321698,38.451020430209425,28.63832198321698
P1_rep2_a1,P1,1.0,197,1.9,2.0,42.723356033566034,28.63832198321698,38.451020430209425,28.63832198321698
P1_rep2_a1,P1,1.0,198,1.9,2.0,42.723356033566034,28.63832198321698,38.451020430209425,28.63832198321698
P1_rep2_a1,P1,1.0,199,1.9,2.0,42.723356033566034,28.63832198321698,38.451020430209425,28.63832198321698
P1_rep2_a1,P1,1.0,200,1.9,2.0,42.723356033566034,28.63832198321698,38.451020430209425,28.63832198321698
P1_rep2_a1,P1,1.0,201,1.9,2.0,42.723356033566034,28.63832198321698,38.451020430209425,28.63832198321698
P1_rep2_a1,P1,1.0,202,1.9,2.0,42.723356033566034,28.63832198321698,38.451020430209425,28.63832198321698
P1_rep2_a1,P1,1.0,203,1.9,2.0,42.723356033566034,28.63832198321698,38.451020430209425,28.63832198321698
P1_rep2_a1,P1,1.0,204,1.9,2.05,45.062670595568974,24.730917976320395,40.55640353601207,25.96746387513641
P1_rep2_a1,P1,1.0,205,1.9,2.05,45.062670595568974,24.730917976320395,40.55640353601207,25.96746387513641
P1_rep2_a1,P1,1.0,206,1.9,2.0,42.723356033566034,28.63832198321698,38.451020430209425,28.63832198321698
P1_rep2_a1,P1,1.0,207,1.9,2.0,42.723356033566034,28.63832198321698,38.451020430209425,28.63832198321698
P1_rep2_a1,P1,1.0,208,1.9,2.0,42.723356033566034,28.63832198321698,38.451020430209425,28.63832198321698
P1_rep2_a1,P1,1.0,209,1.85,2.0,47.67300273880397,26.16349863059802,40.52205232798338,26.16349863059802
P1_rep2_a1,P1,1.0,210,1.9,2.05,45.062670595568974,24.730917976320395,40.55640353601207,25.96746387513641
P1_rep2_a1,P1,1.0,211,1.9,2.05,45.062670595568974,24.730917976320395,40.55640353601207,25.96746387513641
P1_rep2_a1,P1,1.0,212,1.9,2.05,45.062670595568974,24.730917976320395,40.55640353601207,25.96746387513641
P1_rep2_a1,P1,1.0,213,1.9,2.05,45.062670595568974,24.730917976320395,40.55640353601207,25.96746387513641
P1_rep2_a1,P1,1.0,214,1.9,2.1,47.17762210677908,21.198272070752765,42.45985989610117,23.318099277828043
P1_rep2_a1,P1,1.0,215,1.9,2.05,45.062670595568974,24.730917976320395,40.55640353601207,25.96746387513641
P1_rep2_a1,P1,1.0,216,1.9,2.05,45.062670595568974,24.730917976320395,40.55640353601207,25.96746387513641
P1_rep2_a1,P1,1.0,217,1.9,2.05,45.062670595568974,24.730917976320395,40.55640353601207,25.96746387513641
P1_rep2_a1,P1,1.0,218,1.9,2.05,45.062670595568974,24.730917976320395,40.55640353601207,25.96746387513641
P1_rep2_a1,P1,1.0,219,1.9,2.05,45.062670595568974,24.730917976320395,40.55640353601207,25.96746387513641
P1_rep2_a1,P1,1.0,220,1.85,2.0,47.67300273880397,26.16349863059802,40.52205232798338,26.16349863059802
P1_rep2_a1,P1,1.0,221,1.85,2.0,47.67300273880397,26.16349863059802,40.52205232798338,26.16349863059802
P1_rep2_a1,P1,1.0,222,1.9,2.0,42.723356033566034,28.63832198321698,38.451020430209425,28.63832198321698
P1_rep2_a1,P1,1.0,223,1.9,2.0,42.723356033566034,28.63832198321698,38.451020430209425,28.63832198321698
P1_rep2_a1,P1,1.0,224,1.9,1.95,40.17595785333555,32.89329222889067,36.158362068001985,31.248627617446136
P1_rep2_a1,P1,1.0,225,1.95,1.95,35.47696064649047,35.47696064649047,33.703112614165946,33.703112614165946
P1_rep2_a1,P1,1.0,226,1.9,2.0,42.723356033566034,28.63832198321698,38.451020430209425,28.63832198321698
P1_rep2_a1,P1,1.0,227,1.9,1.95,40.17595785333555,32.89329222889067,36.158362068001985,31.248627617446136
P1_rep2_a1,P1,1.0,228,1.9,1.95,40.17595785333555,32.89329222889067,36.158362068001985,31.248627617446136
P1_rep2_a1,P1,1.0,229,1.9,1.95,40.17595785333555,32.89329222889067,36.158362068001985,31.248627617446136
P1_rep2_a1,P1,1.0,230,1.9,1.95,40.17595785333555,32.89329222889067,36.158362068001985,31.248627617446136
P1_rep2_a1,P1,1.0,231,1.9,1.95,40.17595785333555,32.89329222889067,36.158362068001985,31.248627617446136
P1_rep2_a1,P1,1.0,232,1.9,1.95,40.17595785333555,32.89329222889067,36.158362068001985,31.248627617446136
P1_rep2_a1,P1,1.0,233,1.9,1.95,40.17595785333555,32.89329222889067,36.158362068001985,31.248627617446136
P1_rep2_a1,P1,1.0,234,1.9,1.95,40.17595785333555,32.89329222889067,36.158362068001985,31.248627617446136
P1_rep2_a1,P1,1.0,235,1.9,1.95,40.17595785333555,32.89329222889067,36.158362068001985,31.248627617446136
P1_rep2_a1,P1,1.0,236,1.9,1.95,40.17595785333555,32.89329222889067,36.158362068001985,31.248627617446136
P1_rep2_a1,P1,1.0,237,1.9,1.95,40.17595785333555,32.89329222889067,36.158362068001985,31.248627617446136
P1_rep2_a1,P1,1.0,238,1.95,1.95,35.47696064649047,35.47696064649047,33.703112614165946,33.703112614165946
P1_rep2_a1,P1,1.0,239,1.95,1.95,35.47696064649047,35.47696064649047,33.703112614165946,33.703112614165946
P1_rep2_a1,P1,1.0,240,1.95,1.95,35.47696064649047,35.47696064649047,33.703112614165946,33.703112614165946
P1_rep2_a1,P1,1.0,241,1.95,1.95,35.47696064649047,35.47696064649047,33.703112614165946,33.703112614165946
P1_rep2_a1,P1,1.0,242,1.95,1.95,35.47696064649047,35.47696064649047,33.703112614165946,33.703112614165946
P1_rep2_a1,P1,1.0,243,1.9,1.95,40.17595785333555,32.89329222889067,36.158362068001985,31.248627617446136
P1_rep2_a1,P1,1.0,244,1.85,1.95,45.06267059556897,30.206411428110652,38.303270006233625,28.69609085670512
P1_rep2_a1,P1,1.0,245,1.85,1.95,45.06267059556897,30.206411428110652,38.303270006233625,28.69609085670512
P1_rep2_a1,P1,1.0,246,1.85,1.95,45.06267059556897,30.206411428110652,38.303270006233625,28.69609085670512
P1_rep2_a1,P1,1.0,247,1.9,1.95,40.17595785333555,32.89329222889067,36.158362068001985,31.248627617446136
P1_rep2_a1,P1,1.0,248,1.95,1.95,35.47696064649047,35.47696064649047,33.703112614165946,33.703112614165946
P1_rep2_a1,P1,1.0,249,1.9,1.95,40.17595785333555,32.89329222889067,36.158362068001985,31.248627617446136
P1_rep2_a1,P1,1.0,250,1.85,1.95,45.06267059556897,30.206411428110652,38.303270006233625,28.69609085670512
P1_rep2_a1,P1,1.0,251,1.9,1.95,40.17595785333555,32.89329222889067,36.158362068001985,31.248627617446136
P1_rep2_a1,P1,1.0,252,1.85,1.95,45.06267059556897,30.206411428110652,38.303270006233625,28.69609085670512
P1_rep2_a1,P1,1.0,253,1.85,1.95,45.06267059556897,30.206411428110652,38.303270006233625,28.69609085670512
P1_rep2_a1,P1,1.0,254,1.85,1.95,45.06267059556897,30.206411428110652,38.303270006233625,28.69609085670512
P1_rep2_a1,P1,1.0,255,1.9,1.95,40.17595785333555,32.89329222889067,36.158362068001985,31.248627617446136
P1_rep2_a1,P1,1.0,256,1.9,1.95,40.17595785333555,32.89329222889067,36.158362068001985,31.248627617446136
P1_rep2_a1,P1,1.0,257,1.95,1.95,35.47696064649047,35.47696064649047,33.703112614165946,33.703112614165946
P1_rep2_a1,P1,1.0,258,1.9,1.95,40.17595785333555,32.89329222889067,36.158362068001985,31.248627617446136
P1_rep2_a1,P1,1.0,259,2.0,1.95,31.04237734530056,37.915245309398884,31.04237734530056,36.019483043928936
P1_rep2_a1,P1,1.0,260,1.9,1.95,40.17595785333555,32.89329222889067,36.158362068001985,31.248627617446136
P1_rep2_a1,P1,1.0,261,1.92,1.95,38.26917003279189,33.941708998286934,35.207636430168535,32.24462354837259
P1_rep2_a1,P1,1.0,262,1.92,1.95,38.26917003279189,33.941708998286934,35.207636430168535,32.24462354837259
P1_rep2_a1,P1,1.0,263,1.92,1.95,38.26917003279189,33.941708998286934,35.207636430168535,32.24462354837259
P1_rep2_a1,P1,1.0,264,1.92,1.95,38.26917003279189,33.941708998286934,35.207636430168535,32.24462354837259
P1_rep2_a1,P1,1.0,265,1.95,1.95,35.47696064649047,35.47696064649047,33.703112614165946,33.703112614165946
P1_rep2_a1,P1,1.0,266,1.92,1.95,38.26917003279189,33.941708998286934,35.207636430168535,32.24462354837259
P1_rep2_a1,P1,1.0,267,1.9,1.95,40.17595785333555,32.89329222889067,36.158362068001985,31.248627617446136
P1_rep2_a1,P1,1.0,268,1.9,1.95,40.17595785333555,32.89329222889067,36.158362068001985,31.248627617446136
P1_rep2_a1,P1,1.0,269,1.92,1.95,38.26917003279189,33.941708998286934,35.207636430168535,32.24462354837259
P1_rep2_a1,P1,1.0,270,1.92,1.95,38.26917003279189,33.941708998286934,35.207636430168535,32.24462354837259
P1_rep2_a1,P1,1.0,271,1.9,1.95,40.17595785333555,32.89329222889067,36.158362068001985,31.248627617446136
P1_rep2_a1,P1,1.0,272,1.91,1.95,39.21845286664052,33.41976102317182,35.68879210864287,31.74877297201323
P1_rep2_a1,P1,1.0,273,1.91,1.95,39.21845286664052,33.41976102317182,35.68879210864287,31.74877297201323
P1_rep2_a1,P1,1.0,274,1.91,1.95,39.21845286664052,33.41976102317182,35.68879210864287,31.74877297201323
P1_rep2_a1,P1,1.0,275,1.91,1.95,39.21845286664052,33.41976102317182,35.68879210864287,31.74877297201323
P1_rep2_a1,P1,1.0,276,1.9,1.95,40.17595785333555,32.89329222889067,36.158362068001985,31.248627617446136
P1_rep2_a1,P1,1.0,277,1.9,1.95,40.17595785333555,32.89329222889067,36.158362068001985,31.248627617446136
P1_rep2_a1,P1,1.0,278,1.9,1.95,40.17595785333555,32.89329222889067,36.158362068001985,31.248627617446136
P1_rep2_a1,P1,1.0,279,1.9,1.9,37.448694641850196,37.448694641850196,33.70382517766517,33.70382517766517
P1_rep2_a1,P1,1.0,280,1.9,1.9,37.448694641850196,37.448694641850196,33.70382517766517,33.70382517766517
P1_rep2_a1,P1,1.0,281,1.91,1.9,36.51651307409148,38.006780243451615,33.230026897423244,34.20610221910645
P1_rep2_a1,P1,1.0,282,1.9,1.9,37.448694641850196,37.448694641850196,33.70382517766517,33.70382517766517
P1_rep2_a1,P1,1.0,283,1.9,1.9,37.448694641850196,37.448694641850196,33.70382517766517,33.70382517766517
P1_rep2_a1,P1,1.0,284,1.9,1.9,37.448694641850196,37.448694641850196,33.70382517766517,33.70382517766517
P1_rep2_a1,P1,1.0,285,1.9,1.9,37.448694641850196,37.448694641850196,33.70382517766517,33.70382517766517
P1_rep2_a1,P1,1.0,286,1.9,1.9,37.448694641850196,37.448694641850196,33.70382517766517,33.70382517766517
P1_rep2_a1,P1,1.0,287,1.9,1.9,37.448694641850196,37.448694641850196,33.70382517766517,33.70382517766517
P1_rep2_a1,P1,1.0,288,1.85,1.9,42.237892110127156,34.58146121575098,35.90220829360808,31.123315094175876
P1_rep2_a1,P1,1.0,289,1.85,1.9,42.237892110127156,34.58146121575098,35.90220829360808,31.123315094175876
P1_rep2_a1,P1,1.0,290,1.85,1.9,42.237892110127156,34.58146121575098,35.90220829360808,31.123315094175876
P1_rep2_a1,P1,1.0,291,1.85,1.9,42.237892110127156,34.58146121575098,35.90220829360808,31.123315094175876
P1_rep2_a1,P1,1.0,292,1.85,1.85,39.23397028791302,39.23397028791302,33.34887474472607,33.34887474472607
P1_rep2_a1,P1,1.0,293,1.85,1.85,39.23397028791302,39.23397028791302,33.34887474472607,33.34887474472607
P1_rep2_a1,P1,1.0,294,1.85,1.95,45.06267059556897,30.206411428110652,38.303270006233625,28.69609085670512
P1_rep2_a1,P1,1.0,295,1.85,1.95,45.06267059556897,30.206411428110652,38.303270006233625,28.69609085670512
P1_rep2_a1,P1,1.0,296,1.85,1.95,45.06267059556897,30.206411428110652,38.303270006233625,28.69609085670512
P1_rep2_a1,P1,1.0,297,1.85,1.95,45.06267059556897,30.206411428110652,38.303270006233625,28.69609085670512
P1_rep2_a1,P1,1.0,298,1.85,1.95,45.06267059556897,30.206411428110652,38.303270006233625,28.69609085670512
P1_rep2_a1,P1,1.0,299,1.85,1.95,45.06267059556897,30.206411428110652,38.303270006233625,28.69609085670512
P1_rep2_a1,P1,1.0,300,1.85,1.9,42.237892110127156,34.58146121575098,35.90220829360808,31.123315094175876
P1_rep3_a1,P1,1.0,1,3.0,2.0,0.9074714844313746,49.54626425778431,1.8149429688627492,49.54626425778431
P1_rep3_a1,P1,1.0,2,2.8,2.25,2.893724185900467,26.11589984139071,5.208703534620841,32.64487480173839
P1_rep3_a1,P1,1.0,3,2.8,2.0,1.9974009661146368,49.00129951694268,3.595321739006346,49.00129951694268
P1_rep3_a1,P1,1.0,4,2.8,2.0,1.9974009661146368,49.00129951694268,3.595321739006346,49.00129951694268
P1_rep3_a1,P1,1.0,5,2.8,2.0,1.9974009661146368,49.00129951694268,3.595321739006346,49.00129951694268
P1_rep3_a1,P1,1.0,6,2.5,2.0,6.337893833303762,46.83105308334812,9.506840749955643,46.83105308334812
P1_rep3_a1,P1,1.0,7,2.5,2.0,6.337893833303762,46.83105308334812,9.506840749955643,46.83105308334812
P1_rep3_a1,P1,1.0,8,2.4,2.0,9.169210103412567,45.41539494829371,12.836894144777593,45.41539494829371
P1_rep3_a1,P1,1.0,9,2.4,2.0,9.169210103412567,45.41539494829371,12.836894144777593,45.41539494829371
P1_rep3_a1,P1,1.0,10,2.4,2.0,9.169210103412567,45.41539494829371,12.836894144777593,45.41539494829371
P1_rep3_a1,P1,1.0,11,2.4,2.0,9.169210103412567,45.41539494829371,12.836894144777593,45.41539494829371
P1_rep3_a1,P1,1.0,12,2.4,2.0,9.169210103412567,45.41539494829371,12.836894144777593,45.41539494829371
P1_rep3_a1,P1,1.0,13,2.4,2.0,9.169210103412567,45.41539494829371,12.836894144777593,45.41539494829371
P1_rep3_a1,P1,1.0,14,2.4,2.0,9.169210103412567,45.41539494829371,12.836894144777593,45.41539494829371
P1_rep3_a1,P1,1.0,15,2.4,2.0,9.169210103412567,45.41539494829371,12.836894144777593,45.41539494829371
P1_rep3_a1,P1,1.0,16,2.4,2.0,9.169210103412567,45.41539494829371,12.836894144777593,45.41539494829371
P1_rep3_a1,P1,1.0,17,2.4,2.0,9.169210103412567,45.41539494829371,12.836894144777593,45.41539494829371
P1_rep3_a1,P1,1.0,18,2.4,2.1,10.783822869296468,35.80355280014457,15.097352017015055,39.38390808015903
P1_rep3_a1,P1,1.0,19,2.4,2.1,10.783822869296468,35.80355280014457,15.097352017015055,39.38390808015903
P1_rep3_a1,P1,1.0,20,2.4,2.1,10.783822869296468,35.80355280014457,15.097352017015055,39.38390808015903
P1_rep3_a1,P1,1.0,21,2.4,2.1,10.783822869296468,35.80355280014457,15.097352017015055,39.38390808015903
P1_rep3_a1,P1,1.0,22,2.4,2.1,10.783822869296468,35.80355280014457,15.097352017015055,39.38390808015903
P1_rep3_a1,P1,1.0,23,2.4,2.1,10.783822869296468,35.80355280014457,15.097352017015055,39.38390808015903
P1_rep3_a1,P1,1.0,24,2.4,2.2,12.227071358930022,27.21184774489675,17.117899902502028,32.65421729387611
P1_rep3_a1,P1,1.0,25,2.4,2.25,12.86148617678587,23.43515576368418,18.006080647500216,29.293944704605224
P1_rep3_a1,P1,1.0,26,2.4,2.15,11.532277240106371,31.34797966253298,16.145188136148917,36.050176611912924
P1_rep3_a1,P1,1.0,27,2.4,2.1,10.783822869296468,35.80355280014457,15.097352017015055,39.38390808015903
P1_rep3_a1,P1,1.0,28,2.45,2.15,9.643420647427899,32.01728408459243,13.982959938770454,36.819876697281295
P1_rep3_a1,P1,1.0,29,2.4,2.15,11.532277240106371,31.34797966253298,16.145188136148917,36.050176611912924
P1_rep3_a1,P1,1.0,30,2.4,2.1,10.783822869296468,35.80355280014457,15.097352017015055,39.38390808015903
P1_rep3_a1,P1,1.0,31,2.4,2.15,11.532277240106371,31.34797966253298,16.145188136148917,36.050176611912924
P1_rep3_a1,P1,1.0,32,2.4,2.15,11.532277240106371,31.34797966253298,16.145188136148917,36.050176611912924
P1_rep3_a1,P1,1.0,33,2.25,2.1,18.04923627350838,32.88785274664993,22.561545341885477,36.17663802131493
P1_rep3_a1,P1,1.0,34,2.4,2.1,10.783822869296468,35.80355280014457,15.097352017015055,39.38390808015903
P1_rep3_a1,P1,1.0,35,2.25,2.1,18.04923627350838,32.88785274664993,22.561545341885477,36.17663802131493
P1_rep3_a1,P1,1.0,36,2.4,2.1,10.783822869296468,35.80355280014457,15.097352017015055,39.38390808015903
P1_rep3_a1,P1,1.0,37,2.4,2.1,10.783822869296468,35.80355280014457,15.097352017015055,39.38390808015903
P1_rep3_a1,P1,1.0,38,2.4,2.1,10.783822869296468,35.80355280014457,15.097352017015055,39.38390808015903
P1_rep3_a1,P1,1.0,39,2.4,2.15,11.532277240106371,31.34797966253298,16.145188136148917,36.050176611912924
P1_rep3_a1,P1,1.0,40,2.4,2.1,10.783822869296468,35.80355280014457,15.097352017015055,39.38390808015903
P1_rep3_a1,P1,1.0,41,2.25,2.1,18.04923627350838,32.88785274664993,22.561545341885477,36.17663802131493
P1_rep3_a1,P1,1.0,42,2.25,2.2,20.244207549381475,24.726330937581444,25.305259436726843,29.671597125097737
P1_rep3_a1,P1,1.0,43,2.25,2.15,19.193465526864852,28.633285906303314,23.991831908581066,32.92827879224881
P1_rep3_a1,P1,1.0,44,2.25,2.1,18.04923627350838,32.88785274664993,22.561545341885477,36.17663802131493
P1_rep3_a1,P1,1.0,45,2.25,2.1,18.04923627350838,32.88785274664993,22.561545341885477,36.17663802131493
P1_rep3_a1,P1,1.0,46,2.25,2.1,18.04923627350838,32.88785274664993,22.561545341885477,36.17663802131493
P1_rep3_a1,P1,1.0,47,2.4,2.1,10.783822869296468,35.80355280014457,15.097352017015055,39.38390808015903
P1_rep3_a1,P1,1.0,48,2.25,2.1,18.04923627350838,32.88785274664993,22.561545341885477,36.17663802131493
P1_rep3_a1,P1,1.0,49,2.5,2.1,7.495078437320482,37.123366523433,11.242617655980723,40.8357031757763
P1_rep3_a1,P1,1.0,50,2.4,2.1,10.783822869296468,35.80355280014457,15.097352017015055,39.38390808015903
P1_rep3_a1,P1,1.0,51,2.4,2.1,10.783822869296468,35.80355280014457,15.097352017015055,39.38390808015903
P1_rep3_a1,P1,1.0,52,2.4,2.1,10.783822869296468,35.80355280014457,15.097352017015055,39.38390808015903
P1_rep3_a1,P1,1.0,53,2.4,2.1,10.783822869296468,35.80355280014457,15.097352017015055,39.38390808015903
P1_rep3_a1,P1,1.0,54,2.4,2.1,10.783822869296468,35.80355280014457,15.097352017015055,39.38390808015903
P1_rep3_a1,P1,1.0,55,2.25,2.1,18.04923627350838,32.88785274664993,22.561545341885477,36.17663802131493
P1_rep3_a1,P1,1.0,56,2.4,2.1,10.783822869296468,35.80355280014457,15.097352017015055,39.38390808015903
P1_rep3_a1,P1,1.0,57,2.4,2.1,10.783822869296468,35.80355280014457,15.097352017015055,39.38390808015903
P1_rep3_a1,P1,1.0,58,2.25,2.1,18.04923627350838,32.88785274664993,22.561545341885477,36.17663802131493
P1_rep3_a1,P1,1.0,59,2.25,2.1,18.04923627350838,32.88785274664993,22.561545341885477,36.17663802131493
P1_rep3_a1,P1,1.0,60,2.4,2.1,10.783822869296468,35.80355280014457,15.097352017015055,39.38390808015903
P1_rep3_a1,P1,1.0,61,2.4,2.1,10.783822869296468,35.80355280014457,15.097352017015055,39.38390808015903
P1_rep3_a1,P1,1.0,62,2.25,2.1,18.04923627350838,32.88785274664993,22.561545341885477,36.17663802131493
P1_rep3_a1,P1,1.0,63,2.4,2.1,10.783822869296468,35.80355280014457,15.097352017015055,39.38390808015903
P1_rep3_a1,P1,1.0,64,2.4,2.1,10.783822869296468,35.80355280014457,15.097352017015055,39.38390808015903
P1_rep3_a1,P1,1.0,65,2.25,2.1,18.04923627350838,32.88785274664993,22.561545341885477,36.17663802131493
P1_rep3_a1,P1,1.0,66,2.25,2.1,18.04923627350838,32.88785274664993,22.561545341885477,36.17663802131493
P1_rep3_a1,P1,1.0,67,2.25,2.15,19.193465526864852,28.633285906303314,23.991831908581066,32.92827879224881
P1_rep3_a1,P1,1.0,68,2.25,2.1,18.04923627350838,32.88785274664993,22.561545341885477,36.17663802131493
P1_rep3_a1,P1,1.0,69,2.4,2.1,10.783822869296468,35.80355280014457,15.097352017015055,39.38390808015903
P1_rep3_a1,P1,1.0,70,2.25,2.1,18.04923627350838,32.88785274664993,22.561545341885477,36.17663802131493
P1_rep3_a1,P1,1.0,71,2.25,2.1,18.04923627350838,32.88785274664993,22.561545341885477,36.17663802131493
P1_rep3_a1,P1,1.0,72,2.25,2.1,18.04923627350838,32.88785274664993,22.561545341885477,36.17663802131493
P1_rep3_a1,P1,1.0,73,2.25,2.1,18.04923627350838,32.88785274664993,22.561545341885477,36.17663802131493
P1_rep3_a1,P1,1.0,74,2.3,2.1,15.277303255504568,34.0002636721166,19.860494232155936,37.40029003932827
P1_rep3_a1,P1,1.0,75,2.25,2.1,18.04923627350838,32.88785274664993,22.561545341885477,36.17663802131493
P1_rep3_a1,P1,1.0,76,2.4,2.1,10.783822869296468,35.80355280014457,15.097352017015055,39.38390808015903
P1_rep3_a1,P1,1.0,77,2.4,2.1,10.783822869296468,35.80355280014457,15.097352017015055,39.38390808015903
P1_rep3_a1,P1,1.0,78,2.4,2.1,10.783822869296468,35.80355280014457,15.097352017015055,39.38390808015903
P1_rep3_a1,P1,1.0,79,2.4,2.1,10.783822869296468,35.80355280014457,15.097352017015055,39.38390808015903
P1_rep3_a1,P1,1.0,80,2.4,2.1,10.783822869296468,35.80355280014457,15.097352017015055,39.38390808015903
P1_rep3_a1,P1,1.0,81,2.4,2.1,10.783822869296468,35.80355280014457,15.097352017015055,39.38390808015903
P1_rep3_a1,P1,1.0,82,2.25,2.1,18.04923627350838,32.88785274664993,22.561545341885477,36.17663802131493
P1_rep3_a1,P1,1.0,83,2.25,2.1,18.04923627350838,32.88785274664993,22.561545341885477,36.17663802131493
P1_rep3_a1,P1,1.0,84,2.25,2.1,18.04923627350838,32.88785274664993,22.561545341885477,36.17663802131493
P1_rep3_a1,P1,1.0,85,2.25,2.1,18.04923627350838,32.88785274664993,22.561545341885477,36.17663802131493
P1_rep3_a1,P1,1.0,86,2.25,2.1,18.04923627350838,32.88785274664993,22.561545341885477,36.17663802131493
P1_rep3_a1,P1,1.0,87,2.25,2.1,18.04923627350838,32.88785274664993,22.561545341885477,36.17663802131493
P1_rep3_a1,P1,1.0,88,2.25,2.1,18.04923627350838,32.88785274664993,22.561545341885477,36.17663802131493
P1_rep3_a1,P1,1.0,89,2.25,2.1,18.04923627350838,32.88785274664993,22.561545341885477,36.17663802131493
P1_rep3_a1,P1,1.0,90,2.25,2.1,18.04923627350838,32.88785274664993,22.561545341885477,36.17663802131493
P1_rep3_a1,P1,1.0,91,2.25,2.05,16.824189429781768,37.4429221646897,21.03023678722721,39.31506827292418
P1_rep3_a1,P1,1.0,92,2.25,2.05,16.824189429781768,37.4429221646897,21.03023678722721,39.31506827292418
P1_rep3_a1,P1,1.0,93,2.25,2.05,16.824189429781768,37.4429221646897,21.03023678722721,39.31506827292418
P1_rep3_a1,P1,1.0,94,2.25,2.05,16.824189429781768,37.4429221646897,21.03023678722721,39.31506827292418
P1_rep3_a1,P1,1.0,95,2.25,2.05,16.824189429781768,37.4429221646897,21.03023678722721,39.31506827292418
P1_rep3_a1,P1,1.0,96,2.3,2.05,14.207777015050947,38.620742082811084,18.47011011956623,40.551779186951634
P1_rep3_a1,P1,1.0,97,2.25,2.15,19.193465526864852,28.633285906303314,23.991831908581066,32.92827879224881
P1_rep3_a1,P1,1.0,98,2.25,2.05,16.824189429781768,37.4429221646897,21.03023678722721,39.31506827292418
P1_rep3_a1,P1,1.0,99,2.25,2.05,16.824189429781768,37.4429221646897,21.03023678722721,39.31506827292418
P1_rep3_a1,P1,1.0,100,2.3,2.05,14.207777015050947,38.620742082811084,18.47011011956623,40.551779186951634
P1_rep3_a1,P1,1.0,101,2.3,2.05,14.207777015050947,38.620742082811084,18.47011011956623,40.551779186951634
P1_rep3_a1,P1,1.0,102,2.25,2.1,18.04923627350838,32.88785274664993,22.561545341885477,36.17663802131493
P1_rep3_a1,P1,1.0,103,2.25,2.15,19.193465526864852,28.633285906303314,23.991831908581066,32.92827879224881
P1_rep3_a1,P1,1.0,104,2.25,2.15,19.193465526864852,28.633285906303314,23.991831908581066,32.92827879224881
P1_rep3_a1,P1,1.0,105,2.25,2.15,19.193465526864852,28.633285906303314,23.991831908581066,32.92827879224881
P1_rep3_a1,P1,1.0,106,2.25,2.05,16.824189429781768,37.4429221646897,21.03023678722721,39.31506827292418
P1_rep3_a1,P1,1.0,107,2.25,2.05,16.824189429781768,37.4429221646897,21.03023678722721,39.31506827292418
P1_rep3_a1,P1,1.0,108,2.25,2.05,16.824189429781768,37.4429221646897,21.03023678722721,39.31506827292418
P1_rep3_a1,P1,1.0,109,2.25,2.05,16.824189429781768,37.4429221646897,21.03023678722721,39.31506827292418
P1_rep3_a1,P1,1.0,110,2.25,2.05,16.824189429781768,37.4429221646897,21.03023678722721,39.31506827292418
P1_rep3_a1,P1,1.0,111,2.25,2.05,16.824189429781768,37.4429221646897,21.03023678722721,39.31506827292418
P1_rep3_a1,P1,1.0,112,2.25,2.05,16.824189429781768,37.4429221646897,21.03023678722721,39.31506827292418
P1_rep3_a1,P1,1.0,113,2.25,2.05,16.824189429781768,37.4429221646897,21.03023678722721,39.31506827292418
P1_rep3_a1,P1,1.0,114,2.25,2.05,16.824189429781768,37.4429221646897,21.03023678722721,39.31506827292418
P1_rep3_a1,P1,1.0,115,2.25,2.05,16.824189429781768,37.4429221646897,21.03023678722721,39.31506827292418
P1_rep3_a1,P1,1.0,116,2.25,2.05,16.824189429781768,37.4429221646897,21.03023678722721,39.31506827292418
P1_rep3_a1,P1,1.0,117,2.25,2.05,16.824189429781768,37.4429221646897,21.03023678722721,39.31506827292418
P1_rep3_a1,P1,1.0,118,2.25,2.05,16.824189429781768,37.4429221646897,21.03023678722721,39.31506827292418
P1_rep3_a1,P1,1.0,119,2.25,2.05,16.824189429781768,37.4429221646897,21.03023678722721,39.31506827292418
P1_rep3_a1,P1,1.0,120,2.25,2.05,16.824189429781768,37.4429221646897,21.03023678722721,39.31506827292418
P1_rep3_a1,P1,1.0,121,2.25,2.05,16.824189429781768,37.4429221646897,21.03023678722721,39.31506827292418
P1_rep3_a1,P1,1.0,122,2.25,2.05,16.824189429781768,37.4429221646897,21.03023678722721,39.31506827292418
P1_rep3_a1,P1,1.0,123,2.25,2.05,16.824189429781768,37.4429221646897,21.03023678722721,39.31506827292418
P1_rep3_a1,P1,1.0,124,2.25,2.05,16.824189429781768,37.4429221646897,21.03023678722721,39.31506827292418
P1_rep3_a1,P1,1.0,125,2.2,2.05,19.81116108674969,36.09828907373153,23.77339330409963,37.9032035274181
P1_rep3_a1,P1,1.0,126,2.25,2.05,16.824189429781768,37.4429221646897,21.03023678722721,39.31506827292418
P1_rep3_a1,P1,1.0,127,2.25,2.05,16.824189429781768,37.4429221646897,21.03023678722721,39.31506827292418
P1_rep3_a1,P1,1.0,128,2.25,2.05,16.824189429781768,37.4429221646897,21.03023678722721,39.31506827292418
P1_rep3_a1,P1,1.0,129,2.25,2.05,16.824189429781768,37.4429221646897,21.03023678722721,39.31506827292418
P1_rep3_a1,P1,1.0,130,2.25,2.05,16.824189429781768,37.4429221646897,21.03023678722721,39.31506827292418
P1_rep3_a1,P1,1.0,131,2.2,2.05,19.81116108674969,36.09828907373153,23.77339330409963,37.9032035274181
P1_rep3_a1,P1,1.0,132,2.25,2.05,16.824189429781768,37.4429221646897,21.03023678722721,39.31506827292418
P1_rep3_a1,P1,1.0,133,2.25,2.05,16.824189429781768,37.4429221646897,21.03023678722721,39.31506827292418
P1_rep3_a1,P1,1.0,134,2.25,2.05,16.824189429781768,37.4429221646897,21.03023678722721,39.31506827292418
P1_rep3_a1,P1,1.0,135,2.25,2.05,16.824189429781768,37.4429221646897,21.03023678722721,39.31506827292418
P1_rep3_a1,P1,1.0,136,2.25,2.05,16.824189429781768,37.4429221646897,21.03023678722721,39.31506827292418
P1_rep3_a1,P1,1.0,137,2.2,2.05,19.81116108674969,36.09828907373153,23.77339330409963,37.9032035274181
P1_rep3_a1,P1,1.0,138,2.25,2.05,16.824189429781768,37.4429221646897,21.03023678722721,39.31506827292418
P1_rep3_a1,P1,1.0,139,2.25,2.05,16.824189429781768,37.4429221646897,21.03023678722721,39.31506827292418
P1_rep3_a1,P1,1.0,140,2.2,2.05,19.81116108674969,36.09828907373153,23.77339330409963,37.9032035274181
P1_rep3_a1,P1,1.0,141,2.2,2.05,19.81116108674969,36.09828907373153,23.77339330409963,37.9032035274181
P1_rep3_a1,P1,1.0,142,2.2,2.05,19.81116108674969,36.09828907373153,23.77339330409963,37.9032035274181
P1_rep3_a1,P1,1.0,143,2.2,2.05,19.81116108674969,36.09828907373153,23.77339330409963,37.9032035274181
P1_rep3_a1,P1,1.0,144,2.2,2.05,19.81116108674969,36.09828907373153,23.77339330409963,37.9032035274181
P1_rep3_a1,P1,1.0,145,2.2,2.05,19.81116108674969,36.09828907373153,23.77339330409963,37.9032035274181
P1_rep3_a1,P1,1.0,146,2.2,2.1,21.198272070752765,31.624105822468138,25.437926484903322,34.78651640471495
P1_rep3_a1,P1,1.0,147,2.2,2.05,19.81116108674969,36.09828907373153,23.77339330409963,37.9032035274181
P1_rep3_a1,P1,1.0,148,2.15,2.05,23.180646674121864,34.58146121575098,26.65774367524014,36.31053427653852
P1_rep3_a1,P1,1.0,149,2.15,2.05,23.180646674121864,34.58146121575098,26.65774367524014,36.31053427653852
P1_rep3_a1,P1,1.0,150,2.15,2.05,23.180646674121864,34.58146121575098,26.65774367524014,36.31053427653852
P1_rep3_a1,P1,1.0,151,2.15,2.05,23.180646674121864,34.58146121575098,26.65774367524014,36.31053427653852
P1_rep3_a1,P1,1.0,152,2.15,2.05,23.180646674121864,34.58146121575098,26.65774367524014,36.31053427653852
P1_rep3_a1,P1,1.0,153,2.15,2.05,23.180646674121864,34.58146121575098,26.65774367524014,36.31053427653852
P1_rep3_a1,P1,1.0,154,2.1,2.05,26.93074991777377,32.89329222889069,29.62382490955115,34.53795684033521
P1_rep3_a1,P1,1.0,155,2.1,2.05,26.93074991777377,32.89329222889069,29.62382490955115,34.53795684033521
P1_rep3_a1,P1,1.0,156,2.15,2.05,23.180646674121864,34.58146121575098,26.65774367524014,36.31053427653852
P1_rep3_a1,P1,1.0,157,2.1,2.05,26.93074991777377,32.89329222889069,29.62382490955115,34.53795684033521
P1_rep3_a1,P1,1.0,158,2.1,2.05,26.93074991777377,32.89329222889069,29.62382490955115,34.53795684033521
P1_rep3_a1,P1,1.0,159,2.1,2.05,26.93074991777377,32.89329222889069,29.62382490955115,34.53795684033521
P1_rep3_a1,P1,1.0,160,2.1,2.05,26.93074991777377,32.89329222889069,29.62382490955115,34.53795684033521
P1_rep3_a1,P1,1.0,161,2.1,2.05,26.93074991777377,32.89329222889069,29.62382490955115,34.53795684033521
P1_rep3_a1,P1,1.0,162,2.1,2.05,26.93074991777377,32.89329222889069,29.62382490955115,34.53795684033521
P1_rep3_a1,P1,1.0,163,2.15,2.05,23.180646674121864,34.58146121575098,26.65774367524014,36.31053427653852
P1_rep3_a1,P1,1.0,164,2.15,2.05,23.180646674121864,34.58146121575098,26.65774367524014,36.31053427653852
P1_rep3_a1,P1,1.0,165,2.1,2.05,26.93074991777377,32.89329222889069,29.62382490955115,34.53795684033521
P1_rep3_a1,P1,1.0,166,2.1,2.05,26.93074991777377,32.89329222889069,29.62382490955115,34.53795684033521
P1_rep3_a1,P1,1.0,167,2.1,2.05,26.93074991777377,32.89329222889069,29.62382490955115,34.53795684033521
P1_rep3_a1,P1,1.0,168,2.15,2.05,23.180646674121864,34.58146121575098,26.65774367524014,36.31053427653852
P1_rep3_a1,P1,1.0,169,2.1,2.05,26.93074991777377,32.89329222889069,29.62382490955115,34.53795684033521
P1_rep3_a1,P1,1.0,170,2.15,2.05,23.180646674121864,34.58146121575098,26.65774367524014,36.31053427653852
P1_rep3_a1,P1,1.0,171,2.15,2.05,23.180646674121864,34.58146121575098,26.65774367524014,36.31053427653852
P1_rep3_a1,P1,1.0,172,2.1,2.05,26.93074991777377,32.89329222889069,29.62382490955115,34.53795684033521
P1_rep3_a1,P1,1.0,173,2.1,2.05,26.93074991777377,32.89329222889069,29.62382490955115,34.53795684033521
P1_rep3_a1,P1,1.0,174,2.1,2.05,26.93074991777377,32.89329222889069,29.62382490955115,34.53795684033521
P1_rep3_a1,P1,1.0,175,2.1,2.05,26.93074991777377,32.89329222889069,29.62382490955115,34.53795684033521
P1_rep3_a1,P1,1.0,176,2.15,2.05,23.180646674121864,34.58146121575098,26.65774367524014,36.31053427653852
P1_rep3_a1,P1,1.0,177,2.1,2.05,26.93074991777377,32.89329222889069,29.62382490955115,34.53795684033521
P1_rep3_a1,P1,1.0,178,2.1,2.05,26.93074991777377,32.89329222889069,29.62382490955115,34.53795684033521
P1_rep3_a1,P1,1.0,179,2.1,2.05,26.93074991777377,32.89329222889069,29.62382490955115,34.53795684033521
P1_rep3_a1,P1,1.0,180,2.1,2.05,26.93074991777377,32.89329222889069,29.62382490955115,34.53795684033521
P1_rep3_a1,P1,1.0,181,2.1,2.05,26.93074991777377,32.89329222889069,29.62382490955115,34.53795684033521
P1_rep3_a1,P1,1.0,182,2.1,2.05,26.93074991777377,32.89329222889069,29.62382490955115,34.53795684033521
P1_rep3_a1,P1,1.0,183,2.1,2.05,26.93074991777377,32.89329222889069,29.62382490955115,34.53795684033521
P1_rep3_a1,P1,1.0,184,2.05,2.05,31.042377345300565,31.042377345300565,32.59449621256559,32.59449621256559
P1_rep3_a1,P1,1.0,185,2.05,2.05,31.042377345300565,31.042377345300565,32.59449621256559,32.59449621256559
P1_rep3_a1,P1,1.0,186,2.1,2.05,26.93074991777377,32.89329222889069,29.62382490955115,34.53795684033521
P1_rep3_a1,P1,1.0,187,2.05,2.05,31.042377345300565,31.042377345300565,32.59449621256559,32.59449621256559
P1_rep3_a1,P1,1.0,188,2.0,2.05,35.476960646490454,29.04607870701908,35.476960646490454,30.49838264237003
P1_rep3_a1,P1,1.0,189,2.0,2.05,35.476960646490454,29.04607870701908,35.476960646490454,30.49838264237003
P1_rep3_a1,P1,1.0,190,2.0,2.05,35.476960646490454,29.04607870701908,35.476960646490454,30.49838264237003
P1_rep3_a1,P1,1.0,191,2.0,2.05,35.476960646490454,29.04607870701908,35.476960646490454,30.49838264237003
P1_rep3_a1,P1,1.0,192,2.0,2.05,35.476960646490454,29.04607870701908,35.476960646490454,30.49838264237003
P1_rep3_a1,P1,1.0,193,2.0,2.05,35.476960646490454,29.04607870701908,35.476960646490454,30.49838264237003
P1_rep3_a1,P1,1.0,194,2.0,2.05,35.476960646490454,29.04607870701908,35.476960646490454,30.49838264237003
P1_rep3_a1,P1,1.0,195,2.0,2.05,35.476960646490454,29.04607870701908,35.476960646490454,30.49838264237003
P1_rep3_a1,P1,1.0,196,2.0,2.05,35.476960646490454,29.04607870701908,35.476960646490454,30.49838264237003
P1_rep3_a1,P1,1.0,197,2.0,2.05,35.476960646490454,29.04607870701908,35.476960646490454,30.49838264237003
P1_rep3_a1,P1,1.0,198,2.0,2.05,35.476960646490454,29.04607870701908,35.476960646490454,30.49838264237003
P1_rep3_a1,P1,1.0,199,2.0,2.05,35.476960646490454,29.04607870701908,35.476960646490454,30.49838264237003
P1_rep3_a1,P1,1.0,200,2.0,2.05,35.476960646490454,29.04607870701908,35.476960646490454,30.49838264237003
P1_rep3_a1,P1,1.0,201,2.0,2.05,35.476960646490454,29.04607870701908,35.476960646490454,30.49838264237003
P1_rep3_a1,P1,1.0,202,2.0,2.05,35.476960646490454,29.04607870701908,35.476960646490454,30.49838264237003
P1_rep3_a1,P1,1.0,203,2.0,2.05,35.476960646490454,29.04607870701908,35.476960646490454,30.49838264237003
P1_rep3_a1,P1,1.0,204,2.0,2.05,35.476960646490454,29.04607870701908,35.476960646490454,30.49838264237003
P1_rep3_a1,P1,1.0,205,2.0,2.05,35.476960646490454,29.04607870701908,35.476960646490454,30.49838264237003
P1_rep3_a1,P1,1.0,206,2.0,2.1,37.448694641850196,25.102610716299612,37.448694641850196,27.612871787929574
P1_rep3_a1,P1,1.0,207,2.0,2.05,35.476960646490454,29.04607870701908,35.476960646490454,30.49838264237003
P1_rep3_a1,P1,1.0,208,2.0,2.05,35.476960646490454,29.04607870701908,35.476960646490454,30.49838264237003
P1_rep3_a1,P1,1.0,209,2.0,2.05,35.476960646490454,29.04607870701908,35.476960646490454,30.49838264237003
P1_rep3_a1,P1,1.0,210,2.0,2.05,35.476960646490454,29.04607870701908,35.476960646490454,30.49838264237003
P1_rep3_a1,P1,1.0,211,2.0,2.05,35.476960646490454,29.04607870701908,35.476960646490454,30.49838264237003
P1_rep3_a1,P1,1.0,212,2.0,2.05,35.476960646490454,29.04607870701908,35.476960646490454,30.49838264237003
P1_rep3_a1,P1,1.0,213,2.0,2.05,35.476960646490454,29.04607870701908,35.476960646490454,30.49838264237003
P1_rep3_a1,P1,1.0,214,2.0,2.05,35.476960646490454,29.04607870701908,35.476960646490454,30.49838264237003
P1_rep3_a1,P1,1.0,215,2.0,2.05,35.476960646490454,29.04607870701908,35.476960646490454,30.49838264237003
P1_rep3_a1,P1,1.0,216,2.0,2.0,33.333333333333336,33.333333333333336,33.333333333333336,33.333333333333336
P1_rep3_a1,P1,1.0,217,2.0,2.0,33.333333333333336,33.333333333333336,33.333333333333336,33.333333333333336
P1_rep3_a1,P1,1.0,218,2.0,2.0,33.333333333333336,33.333333333333336,33.333333333333336,33.333333333333336
P1_rep3_a1,P1,1.0,219,2.0,2.0,33.333333333333336,33.333333333333336,33.333333333333336,33.333333333333336
P1_rep3_a1,P1,1.0,220,2.0,2.0,33.333333333333336,33.333333333333336,33.333333333333336,33.333333333333336
P1_rep3_a1,P1,1.0,221,2.0,2.0,33.333333333333336,33.333333333333336,33.333333333333336,33.333333333333336
P1_rep3_a1,P1,1.0,222,2.0,2.0,33.333333333333336,33.333333333333336,33.333333333333336,33.333333333333336
P1_rep3_a1,P1,1.0,223,2.0,2.0,33.333333333333336,33.333333333333336,33.333333333333336,33.333333333333336
P1_rep3_a1,P1,1.0,224,2.0,2.0,33.333333333333336,33.333333333333336,33.333333333333336,33.333333333333336
P1_rep3_a1,P1,1.0,225,2.0,2.0,33.333333333333336,33.333333333333336,33.333333333333336,33.333333333333336
P1_rep3_a1,P1,1.0,226,2.0,2.0,33.333333333333336,33.333333333333336,33.333333333333336,33.333333333333336
P1_rep3_a1,P1,1.0,227,2.0,2.0,33.333333333333336,33.333333333333336,33.333333333333336,33.333333333333336
P1_rep3_a1,P1,1.0,228,2.0,2.0,33.333333333333336,33.333333333333336,33.333333333333336,33.333333333333336
P1_rep3_a1,P1,1.0,229,2.0,2.0,33.333333333333336,33.333333333333336,33.333333333333336,33.333333333333336
P1_rep3_a1,P1,1.0,230,2.0,2.0,33.333333333333336,33.333333333333336,33.333333333333336,33.333333333333336
P1_rep3_a1,P1,1.0,231,2.0,2.0,33.333333333333336,33.333333333333336,33.333333333333336,33.333333333333336
P1_rep3_a1,P1,1.0,232,2.0,2.0,33.333333333333336,33.333333333333336,33.333333333333336,33.333333333333336
P1_rep3_a1,P1,1.0,233,2.0,2.0,33.333333333333336,33.333333333333336,33.333333333333336,33.333333333333336
P1_rep3_a1,P1,1.0,234,2.0,2.0,33.333333333333336,33.333333333333336,33.333333333333336,33.333333333333336
P1_rep3_a1,P1,1.0,235,2.0,2.0,33.333333333333336,33.333333333333336,33.333333333333336,33.333333333333336
P1_rep3_a1,P1,1.0,236,2.0,2.0,33.333333333333336,33.333333333333336,33.333333333333336,33.333333333333336
P1_rep3_a1,P1,1.0,237,2.0,2.0,33.333333333333336,33.333333333333336,33.333333333333336,33.333333333333336
P1_rep3_a1,P1,1.0,238,2.0,2.0,33.333333333333336,33.333333333333336,33.333333333333336,33.333333333333336
P1_rep3_a1,P1,1.0,239,2.0,2.0,33.333333333333336,33.333333333333336,33.333333333333336,33.333333333333336
P1_rep3_a1,P1,1.0,240,2.05,2.0,29.04607870701908,35.476960646490454,30.49838264237003,35.476960646490454
P1_rep3_a1,P1,1.0,241,2.0,2.0,33.333333333333336,33.333333333333336,33.333333333333336,33.333333333333336
P1_rep3_a1,P1,1.0,242,2.0,2.0,33.333333333333336,33.333333333333336,33.333333333333336,33.333333333333336
P1_rep3_a1,P1,1.0,243,2.0,2.0,33.333333333333336,33.333333333333336,33.333333333333336,33.333333333333336
P1_rep3_a1,P1,1.0,244,2.0,2.0,33.333333333333336,33.333333333333336,33.333333333333336,33.333333333333336
P1_rep3_a1,P1,1.0,245,2.0,2.0,33.333333333333336,33.333333333333336,33.333333333333336,33.333333333333336
P1_rep3_a1,P1,1.0,246,2.0,2.0,33.333333333333336,33.333333333333336,33.333333333333336,33.333333333333336
P1_rep3_a1,P1,1.0,247,2.0,2.0,33.333333333333336,33.333333333333336,33.333333333333336,33.333333333333336
P1_rep3_a1,P1,1.0,248,2.0,2.0,33.333333333333336,33.333333333333336,33.333333333333336,33.333333333333336
P1_rep3_a1,P1,1.0,249,2.0,2.0,33.333333333333336,33.333333333333336,33.333333333333336,33.333333333333336
P1_rep3_a1,P1,1.0,250,2.0,2.0,33.333333333333336,33.333333333333336,33.333333333333336,33.333333333333336
P1_rep3_a1,P1,1.0,251,2.0,2.0,33.333333333333336,33.333333333333336,33.333333333333336,33.333333333333336
P1_rep3_a1,P1,1.0,252,2.0,2.0,33.333333333333336,33.333333333333336,33.333333333333336,33.333333333333336
P1_rep3_a1,P1,1.0,253,2.0,2.0,33.333333333333336,33.333333333333336,33.333333333333336,33.333333333333336
P1_rep3_a1,P1,1.0,254,2.0,2.0,33.333333333333336,33.333333333333336,33.333333333333336,33.333333333333336
P1_rep3_a1,P1,1.0,255,2.0,2.0,33.333333333333336,33.333333333333336,33.333333333333336,33.333333333333336
P1_rep3_a1,P1,1.0,256,2.0,2.0,33.333333333333336,33.333333333333336,33.333333333333336,33.333333333333336
P1_rep3_a1,P1,1.0,257,2.0,2.0,33.333333333333336,33.333333333333336,33.333333333333336,33.333333333333336
P1_rep3_a1,P1,1.0,258,2.0,2.0,33.333333333333336,33.333333333333336,33.333333333333336,33.333333333333336
P1_rep3_a1,P1,1.0,259,2.0,2.0,33.333333333333336,33.333333333333336,33.333333333333336,33.333333333333336
P1_rep3_a1,P1,1.0,260,2.0,2.0,33.333333333333336,33.333333333333336,33.333333333333336,33.333333333333336
P1_rep3_a1,P1,1.0,261,2.0,2.0,33.333333333333336,33.333333333333336,33.333333333333336,33.333333333333336
P1_rep3_a1,P1,1.0,262,2.0,2.0,33.333333333333336,33.333333333333336,33.333333333333336,33.333333333333336
P1_rep3_a1,P1,1.0,263,2.0,2.0,33.333333333333336,33.333333333333336,33.333333333333336,33.333333333333336
P1_rep3_a1,P1,1.0,264,2.0,2.0,33.333333333333336,33.333333333333336,33.333333333333336,33.333333333333336
P1_rep3_a1,P1,1.0,265,2.0,2.0,33.333333333333336,33.333333333333336,33.333333333333336,33.333333333333336
P1_rep3_a1,P1,1.0,266,2.0,2.0,33.333333333333336,33.333333333333336,33.333333333333336,33.333333333333336
P1_rep3_a1,P1,1.0,267,2.0,2.0,33.333333333333336,33.333333333333336,33.333333333333336,33.333333333333336
P1_rep3_a1,P1,1.0,268,2.0,2.0,33.333333333333336,33.333333333333336,33.333333333333336,33.333333333333336
P1_rep3_a1,P1,1.0,269,2.0,2.0,33.333333333333336,33.333333333333336,33.333333333333336,33.333333333333336
P1_rep3_a1,P1,1.0,270,2.0,2.0,33.333333333333336,33.333333333333336,33.333333333333336,33.333333333333336
P1_rep3_a1,P1,1.0,271,2.0,2.0,33.333333333333336,33.333333333333336,33.333333333333336,33.333333333333336
P1_rep3_a1,P1,1.0,272,2.0,2.0,33.333333333333336,33.333333333333336,33.333333333333336,33.333333333333336
P1_rep3_a1,P1,1.0,273,2.0,2.0,33.333333333333336,33.333333333333336,33.333333333333336,33.333333333333336
P1_rep3_a1,P1,1.0,274,2.0,2.0,33.333333333333336,33.333333333333336,33.333333333333336,33.333333333333336
P1_rep3_a1,P1,1.0,275,2.0,2.0,33.333333333333336,33.333333333333336,33.333333333333336,33.333333333333336
P1_rep3_a1,P1,1.0,276,2.0,2.0,33.333333333333336,33.333333333333336,33.333333333333336,33.333333333333336
P1_rep3_a1,P1,1.0,277,2.0,2.0,33.333333333333336,33.333333333333336,33.333333333333336,33.333333333333336
P1_rep3_a1,P1,1.0,278,1.95,2.0,37.915245309398884,31.04237734530056,36.019483043928936,31.04237734530056
P1_rep3_a1,P1,1.0,279,1.95,2.0,37.915245309398884,31.04237734530056,36.019483043928936,31.04237734530056
P1_rep3_a1,P1,1.0,280,1.95,2.0,37.915245309398884,31.04237734530056,36.019483043928936,31.04237734530056
P1_rep3_a1,P1,1.0,281,1.95,2.0,37.915245309398884,31.04237734530056,36.019483043928936,31.04237734530056
P1_rep3_a1,P1,1.0,282,1.95,2.0,37.915245309398884,31.04237734530056,36.019483043928936,31.04237734530056
P1_rep3_a1,P1,1.0,283,1.95,2.0,37.915245309398884,31.04237734530056,36.019483043928936,31.04237734530056
P1_rep3_a1,P1,1.0,284,1.95,2.0,37.915245309398884,31.04237734530056,36.019483043928936,31.04237734530056
P1_rep3_a1,P1,1.0,285,1.95,2.0,37.915245309398884,31.04237734530056,36.019483043928936,31.04237734530056
P1_rep3_a1,P1,1.0,286,1.95,2.0,37.915245309398884,31.04237734530056,36.019483043928936,31.04237734530056
P1_rep3_a1,P1,1.0,287,1.95,2.0,37.915245309398884,31.04237734530056,36.019483043928936,31.04237734530056
P1_rep3_a1,P1,1.0,288,1.95,2.0,37.915245309398884,31.04237734530056,36.019483043928936,31.04237734530056
P1_rep3_a1,P1,1.0,289,1.9,2.0,42.723356033566034,28.63832198321698,38.451020430209425,28.63832198321698
P1_rep3_a1,P1,1.0,290,1.9,2.0,42.723356033566034,28.63832198321698,38.451020430209425,28.63832198321698
P1_rep3_a1,P1,1.0,291,1.9,2.0,42.723356033566034,28.63832198321698,38.451020430209425,28.63832198321698
P1_rep3_a1,P1,1.0,292,1.9,2.0,42.723356033566034,28.63832198321698,38.451020430209425,28.63832198321698
P1_rep3_a1,P1,1.0,293,1.9,2.0,42.723356033566034,28.63832198321698,38.451020430209425,28.63832198321698
P1_rep3_a1,P1,1.0,294,1.9,2.0,42.723356033566034,28.63832198321698,38.451020430209425,28.63832198321698
P1_rep3_a1,P1,1.0,295,1.9,2.0,42.723356033566034,28.63832198321698,38.451020430209425,28.63832198321698
P1_rep3_a1,P1,1.0,296,1.9,2.0,42.723356033566034,28.63832198321698,38.451020430209425,28.63832198321698
P1_rep3_a1,P1,1.0,297,1.9,2.0,42.723356033566034,28.63832198321698,38.451020430209425,28.63832198321698
P1_rep3_a1,P1,1.0,298,1.9,2.0,42.723356033566034,28.63832198321698,38.451020430209425,28.63832198321698
P1_rep3_a1,P1,1.0,299,1.9,2.0,42.723356033566034,28.63832198321698,38.451020430209425,28.63832198321698
P1_rep3_a1,P1,1.0,300,1.9,2.0,42.723356033566034,28.63832198321698,38.451020430209425,28.63832198321698
P1_rep4_a1,P1,1.0,1,1.5,1.5,46.83105308334812,46.83105308334812,23.41552654167406,23.41552654167406
P1_rep4_a1,P1,1.0,2,1.5,2.0,78.69860421615984,10.650697891920075,39.34930210807992,10.650697891920075
P1_rep4_a1,P1,1.0,3,2.25,2.5,24.472847105479765,9.003057317038046,30.591058881849705,13.504585975557069
P1_rep4_a1,P1,1.0,4,2.0,2.75,48.785555116036846,2.428889767926321,48.785555116036846,4.250557093871062
P1_rep4_a1,P1,1.0,5,2.0,2.25,42.23187982515182,15.536240349696362,42.23187982515182,19.420300437120453
P1_rep4_a1,P1,1.0,6,2.0,2.25,42.23187982515182,15.536240349696362,42.23187982515182,19.420300437120453
P1_rep4_a1,P1,1.0,7,2.0,2.25,42.23187982515182,15.536240349696362,42.23187982515182,19.420300437120453
P1_rep4_a1,P1,1.0,8,2.0,2.25,42.23187982515182,15.536240349696362,42.23187982515182,19.420300437120453
P1_rep4_a1,P1,1.0,9,2.0,2.25,42.23187982515182,15.536240349696362,42.23187982515182,19.420300437120453
P1_rep4_a1,P1,1.0,10,2.0,2.25,42.23187982515182,15.536240349696362,42.23187982515182,19.420300437120453
P1_rep4_a1,P1,1.0,11,2.0,2.25,42.23187982515182,15.536240349696362,42.23187982515182,19.420300437120453
P1_rep4_a1,P1,1.0,12,2.0,2.25,42.23187982515182,15.536240349696362,42.23187982515182,19.420300437120453
P1_rep4_a1,P1,1.0,13,2.0,2.25,42.23187982515182,15.536240349696362,42.23187982515182,19.420300437120453
P1_rep4_a1,P1,1.0,14,2.0,2.25,42.23187982515182,15.536240349696362,42.23187982515182,19.420300437120453
P1_rep4_a1,P1,1.0,15,2.0,2.25,42.23187982515182,15.536240349696362,42.23187982515182,19.420300437120453
P1_rep4_a1,P1,1.0,16,2.0,2.25,42.23187982515182,15.536240349696362,42.23187982515182,19.420300437120453
P1_rep4_a1,P1,1.0,17,2.1,2.25,32.88785274664993,18.04923627350838,36.17663802131493,22.561545341885477
P1_rep4_a1,P1,1.0,18,2.0,2.25,42.23187982515182,15.536240349696362,42.23187982515182,19.420300437120453
P1_rep4_a1,P1,1.0,19,2.0,2.25,42.23187982515182,15.536240349696362,42.23187982515182,19.420300437120453
P1_rep4_a1,P1,1.0,20,2.0,2.25,42.23187982515182,15.536240349696362,42.23187982515182,19.420300437120453
P1_rep4_a1,P1,1.0,21,2.0,2.25,42.23187982515182,15.536240349696362,42.23187982515182,19.420300437120453
P1_rep4_a1,P1,1.0,22,2.0,2.3,43.4556976905065,13.088604618987013,43.4556976905065,17.015186004683116
P1_rep4_a1,P1,1.0,23,2.0,2.25,42.23187982515182,15.536240349696362,42.23187982515182,19.420300437120453
P1_rep4_a1,P1,1.0,24,2.0,2.25,42.23187982515182,15.536240349696362,42.23187982515182,19.420300437120453
P1_rep4_a1,P1,1.0,25,2.0,2.1,37.448694641850196,25.102610716299612,37.448694641850196,27.612871787929574
P1_rep4_a1,P1,1.0,26,2.0,2.1,37.448694641850196,25.102610716299612,37.448694641850196,27.612871787929574
P1_rep4_a1,P1,1.0,27,2.0,2.1,37.448694641850196,25.102610716299612,37.448694641850196,27.612871787929574
P1_rep4_a1,P1,1.0,28,2.0,2.1,37.448694641850196,25.102610716299612,37.448694641850196,27.612871787929574
P1_rep4_a1,P1,1.0,29,2.0,2.1,37.448694641850196,25.102610716299612,37.448694641850196,27.612871787929574
P1_rep4_a1,P1,1.0,30,2.0,2.1,37.448694641850196,25.102610716299612,37.448694641850196,27.612871787929574
P1_rep4_a1,P1,1.0,31,2.0,2.1,37.448694641850196,25.102610716299612,37.448694641850196,27.612871787929574
P1_rep4_a1,P1,1.0,32,2.0,2.1,37.448694641850196,25.102610716299612,37.448694641850196,27.612871787929574
P1_rep4_a1,P1,1.0,33,2.0,2.1,37.448694641850196,25.102610716299612,37.448694641850196,27.612871787929574
P1_rep4_a1,P1,1.0,34,2.0,2.1,37.448694641850196,25.102610716299612,37.448694641850196,27.612871787929574
P1_rep4_a1,P1,1.0,35,2.0,2.1,37.448694641850196,25.102610716299612,37.448694641850196,27.612871787929574
P1_rep4_a1,P1,1.0,36,2.0,2.1,37.448694641850196,25.102610716299612,37.448694641850196,27.612871787929574
P1_rep4_a1,P1,1.0,37,2.0,2.1,37.448694641850196,25.102610716299612,37.448694641850196,27.612871787929574
P1_rep4_a1,P1,1.0,38,2.0,2.1,37.448694641850196,25.102610716299612,37.448694641850196,27.612871787929574
P1_rep4_a1,P1,1.0,39,2.0,2.1,37.448694641850196,25.102610716299612,37.448694641850196,27.612871787929574
P1_rep4_a1,P1,1.0,40,2.0,2.1,37.448694641850196,25.102610716299612,37.448694641850196,27.612871787929574
P1_rep4_a1,P1,1.0,41,2.0,2.1,37.448694641850196,25.102610716299612,37.448694641850196,27.612871787929574
P1_rep4_a1,P1,1.0,42,2.0,2.1,37.448694641850196,25.102610716299612,37.448694641850196,27.612871787929574
P1_rep4_a1,P1,1.0,43,2.0,2.1,37.448694641850196,25.102610716299612,37.448694641850196,27.612871787929574
P1_rep4_a1,P1,1.0,44,2.0,2.1,37.448694641850196,25.102610716299612,37.448694641850196,27.612871787929574
P1_rep4_a1,P1,1.0,45,2.0,2.1,37.448694641850196,25.102610716299612,37.448694641850196,27.612871787929574
P1_rep4_a1,P1,1.0,46,2.0,2.1,37.448694641850196,25.102610716299612,37.448694641850196,27.612871787929574
P1_rep4_a1,P1,1.0,47,2.0,2.1,37.448694641850196,25.102610716299612,37.448694641850196,27.612871787929574
P1_rep4_a1,P1,1.0,48,2.0,2.1,37.448694641850196,25.102610716299612,37.448694641850196,27.612871787929574
P1_rep4_a1,P1,1.0,49,2.0,2.1,37.448694641850196,25.102610716299612,37.448694641850196,27.612871787929574
P1_rep4_a1,P1,1.0,50,2.0,2.1,37.448694641850196,25.102610716299612,37.448694641850196,27.612871787929574
P1_rep4_a1,P1,1.0,51,2.05,2.1,32.89329222889069,26.93074991777377,34.53795684033521,29.62382490955115
P1_rep4_a1,P1,1.0,52,2.0,2.1,37.448694641850196,25.102610716299612,37.448694641850196,27.612871787929574
P1_rep4_a1,P1,1.0,53,2.1,2.05,26.93074991777377,32.89329222889069,29.62382490955115,34.53795684033521
P1_rep4_a1,P1,1.0,54,2.0,2.05,35.476960646490454,29.04607870701908,35.476960646490454,30.49838264237003
P1_rep4_a1,P1,1.0,55,2.0,2.05,35.476960646490454,29.04607870701908,35.476960646490454,30.49838264237003
P1_rep4_a1,P1,1.0,56,2.0,2.1,37.448694641850196,25.102610716299612,37.448694641850196,27.612871787929574
P1_rep4_a1,P1,1.0,57,2.0,2.1,37.448694641850196,25.102610716299612,37.448694641850196,27.612871787929574
P1_rep4_a1,P1,1.0,58,2.0,2.1,37.448694641850196,25.102610716299612,37.448694641850196,27.612871787929574
P1_rep4_a1,P1,1.0,59,2.05,2.15,34.58146121575098,23.180646674121864,36.31053427653852,26.65774367524014
P1_rep4_a1,P1,1.0,60,2.05,2.05,31.042377345300565,31.042377345300565,32.59449621256559,32.59449621256559
P1_rep4_a1,P1,1.0,61,2.05,2.1,32.89329222889069,26.93074991777377,34.53795684033521,29.62382490955115
P1_rep4_a1,P1,1.0,62,2.05,2.05,31.042377345300565,31.042377345300565,32.59449621256559,32.59449621256559
P1_rep4_a1,P1,1.0,63,2.05,2.05,31.042377345300565,31.042377345300565,32.59449621256559,32.59449621256559
P1_rep4_a1,P1,1.0,64,2.05,2.1,32.89329222889069,26.93074991777377,34.53795684033521,29.62382490955115
P1_rep4_a1,P1,1.0,65,2.05,2.05,31.042377345300565,31.042377345300565,32.59449621256559,32.59449621256559
P1_rep4_a1,P1,1.0,66,2.05,2.1,32.89329222889069,26.93074991777377,34.53795684033521,29.62382490955115
P1_rep4_a1,P1,1.0,67,2.05,2.1,32.89329222889069,26.93074991777377,34.53795684033521,29.62382490955115
P1_rep4_a1,P1,1.0,68,2.05,2.05,31.042377345300565,31.042377345300565,32.59449621256559,32.59449621256559
P1_rep4_a1,P1,1.0,69,2.0,2.05,35.476960646490454,29.04607870701908,35.476960646490454,30.49838264237003
P1_rep4_a1,P1,1.0,70,2.0,2.05,35.476960646490454,29.04607870701908,35.476960646490454,30.49838264237003
P1_rep4_a1,P1,1.0,71,2.0,2.05,35.476960646490454,29.04607870701908,35.476960646490454,30.49838264237003
P1_rep4_a1,P1,1.0,72,2.0,2.05,35.476960646490454,29.04607870701908,35.476960646490454,30.49838264237003
P1_rep4_a1,P1,1.0,73,2.0,2.05,35.476960646490454,29.04607870701908,35.476960646490454,30.49838264237003
P1_rep4_a1,P1,1.0,74,2.1,2.05,26.93074991777377,32.89329222889069,29.62382490955115,34.53795684033521
P1_rep4_a1,P1,1.0,75,2.0,2.05,35.476960646490454,29.04607870701908,35.476960646490454,30.49838264237003
P1_rep4_a1,P1,1.0,76,2.0,2.05,35.476960646490454,29.04607870701908,35.476960646490454,30.49838264237003
P1_rep4_a1,P1,1.0,77,2.0,2.05,35.476960646490454,29.04607870701908,35.476960646490454,30.49838264237003
P1_rep4_a1,P1,1.0,78,2.0,2.05,35.476960646490454,29.04607870701908,35.476960646490454,30.49838264237003
P1_rep4_a1,P1,1.0,79,2.0,2.05,35.476960646490454,29.04607870701908,35.476960646490454,30.49838264237003
P1_rep4_a1,P1,1.0,80,2.05,2.1,32.89329222889069,26.93074991777377,34.53795684033521,29.62382490955115
P1_rep4_a1,P1,1.0,81,2.0,2.15,39.23397028791302,21.532059424173973,39.23397028791302,24.761868337800067
P1_rep4_a1,P1,1.0,82,2.0,2.1,37.448694641850196,25.102610716299612,37.448694641850196,27.612871787929574
P1_rep4_a1,P1,1.0,83,2.0,2.1,37.448694641850196,25.102610716299612,37.448694641850196,27.612871787929574
P1_rep4_a1,P1,1.0,84,2.0,2.1,37.448694641850196,25.102610716299612,37.448694641850196,27.612871787929574
P1_rep4_a1,P1,1.0,85,2.0,2.05,35.476960646490454,29.04607870701908,35.476960646490454,30.49838264237003
P1_rep4_a1,P1,1.0,86,2.0,2.05,35.476960646490454,29.04607870701908,35.476960646490454,30.49838264237003
P1_rep4_a1,P1,1.0,87,2.0,2.1,37.448694641850196,25.102610716299612,37.448694641850196,27.612871787929574
P1_rep4_a1,P1,1.0,88,2.0,2.1,37.448694641850196,25.102610716299612,37.448694641850196,27.612871787929574
P1_rep4_a1,P1,1.0,89,2.0,2.1,37.448694641850196,25.102610716299612,37.448694641850196,27.612871787929574
P1_rep4_a1,P1,1.0,90,2.0,2.1,37.448694641850196,25.102610716299612,37.448694641850196,27.612871787929574
P1_rep4_a1,P1,1.0,91,2.0,2.1,37.448694641850196,25.102610716299612,37.448694641850196,27.612871787929574
P1_rep4_a1,P1,1.0,92,2.0,2.1,37.448694641850196,25.102610716299612,37.448694641850196,27.612871787929574
P1_rep4_a1,P1,1.0,93,2.0,2.1,37.448694641850196,25.102610716299612,37.448694641850196,27.612871787929574
P1_rep4_a1,P1,1.0,94,2.0,2.1,37.448694641850196,25.102610716299612,37.448694641850196,27.612871787929574
P1_rep4_a1,P1,1.0,95,2.0,2.1,37.448694641850196,25.102610716299612,37.448694641850196,27.612871787929574
P1_rep4_a1,P1,1.0,96,2.0,2.1,37.448694641850196,25.102610716299612,37.448694641850196,27.612871787929574
P1_rep4_a1,P1,1.0,97,2.0,2.1,37.448694641850196,25.102610716299612,37.448694641850196,27.612871787929574
P1_rep4_a1,P1,1.0,98,2.05,2.1,32.89329222889069,26.93074991777377,34.53795684033521,29.62382490955115
P1_rep4_a1,P1,1.0,99,2.0,2.1,37.448694641850196,25.102610716299612,37.448694641850196,27.612871787929574
P1_rep4_a1,P1,1.0,100,2.0,2.1,37.448694641850196,25.102610716299612,37.448694641850196,27.612871787929574
P1_rep4_a1,P1,1.0,101,2.0,2.1,37.448694641850196,25.102610716299612,37.448694641850196,27.612871787929574
P1_rep4_a1,P1,1.0,102,2.0,2.15,39.23397028791302,21.532059424173973,39.23397028791302,24.761868337800067
P1_rep4_a1,P1,1.0,103,2.0,2.1,37.448694641850196,25.102610716299612,37.448694641850196,27.612871787929574
P1_rep4_a1,P1,1.0,104,2.05,2.1,32.89329222889069,26.93074991777377,34.53795684033521,29.62382490955115
P1_rep4_a1,P1,1.0,105,2.0,2.1,37.448694641850196,25.102610716299612,37.448694641850196,27.612871787929574
P1_rep4_a1,P1,1.0,106,2.0,2.1,37.448694641850196,25.102610716299612,37.448694641850196,27.612871787929574
P1_rep4_a1,P1,1.0,107,2.0,2.1,37.448694641850196,25.102610716299612,37.448694641850196,27.612871787929574
P1_rep4_a1,P1,1.0,108,2.0,2.1,37.448694641850196,25.102610716299612,37.448694641850196,27.612871787929574
P1_rep4_a1,P1,1.0,109,2.0,2.05,35.476960646490454,29.04607870701908,35.476960646490454,30.49838264237003
P1_rep4_a1,P1,1.0,110,2.0,2.05,35.476960646490454,29.04607870701908,35.476960646490454,30.49838264237003
P1_rep4_a1,P1,1.0,111,2.0,2.05,35.476960646490454,29.04607870701908,35.476960646490454,30.49838264237003
P1_rep4_a1,P1,1.0,112,2.0,2.1,37.448694641850196,25.102610716299612,37.448694641850196,27.612871787929574
P1_rep4_a1,P1,1.0,113,2.0,2.1,37.448694641850196,25.102610716299612,37.448694641850196,27.612871787929574
P1_rep4_a1,P1,1.0,114,2.0,2.1,37.448694641850196,25.102610716299612,37.448694641850196,27.612871787929574
P1_rep4_a1,P1,1.0,115,2.0,2.05,35.476960646490454,29.04607870701908,35.476960646490454,30.49838264237003
P1_rep4_a1,P1,1.0,116,2.0,2.05,35.476960646490454,29.04607870701908,35.476960646490454,30.49838264237003
P1_rep4_a1,P1,1.0,117,2.0,2.0,33.333333333333336,33.333333333333336,33.333333333333336,33.333333333333336
P1_rep4_a1,P1,1.0,118,2.0,2.05,35.476960646490454,29.04607870701908,35.476960646490454,30.49838264237003
P1_rep4_a1,P1,1.0,119,2.0,2.05,35.476960646490454,29.04607870701908,35.476960646490454,30.49838264237003
P1_rep4_a1,P1,1.0,120,2.0,2.05,35.476960646490454,29.04607870701908,35.476960646490454,30.49838264237003
P1_rep4_a1,P1,1.0,121,2.05,2.05,31.042377345300565,31.042377345300565,32.59449621256559,32.59449621256559
P1_rep4_a1,P1,1.0,122,2.0,2.05,35.476960646490454,29.04607870701908,35.476960646490454,30.49838264237003
P1_rep4_a1,P1,1.0,123,2.0,2.05,35.476960646490454,29.04607870701908,35.476960646490454,30.49838264237003
P1_rep4_a1,P1,1.0,124,2.0,2.05,35.476960646490454,29.04607870701908,35.476960646490454,30.49838264237003
P1_rep4_a1,P1,1.0,125,2.0,2.05,35.476960646490454,29.04607870701908,35.476960646490454,30.49838264237003
P1_rep4_a1,P1,1.0,126,2.0,2.05,35.476960646490454,29.04607870701908,35.476960646490454,30.49838264237003
P1_rep4_a1,P1,1.0,127,2.05,2.05,31.042377345300565,31.042377345300565,32.59449621256559,32.59449621256559
P1_rep4_a1,P1,1.0,128,2.05,2.05,31.042377345300565,31.042377345300565,32.59449621256559,32.59449621256559
P1_rep4_a1,P1,1.0,129,2.0,2.05,35.476960646490454,29.04607870701908,35.476960646490454,30.49838264237003
P1_rep4_a1,P1,1.0,130,2.0,2.05,35.476960646490454,29.04607870701908,35.476960646490454,30.49838264237003
P1_rep4_a1,P1,1.0,131,2.0,2.05,35.476960646490454,29.04607870701908,35.476960646490454,30.49838264237003
P1_rep4_a1,P1,1.0,132,2.0,2.05,35.476960646490454,29.04607870701908,35.476960646490454,30.49838264237003
P1_rep4_a1,P1,1.0,133,2.0,2.05,35.476960646490454,29.04607870701908,35.476960646490454,30.49838264237003
P1_rep4_a1,P1,1.0,134,2.0,2.05,35.476960646490454,29.04607870701908,35.476960646490454,30.49838264237003
P1_rep4_a1,P1,1.0,135,2.0,2.05,35.476960646490454,29.04607870701908,35.476960646490454,30.49838264237003
P1_rep4_a1,P1,1.0,136,2.0,2.05,35.476960646490454,29.04607870701908,35.476960646490454,30.49838264237003
P1_rep4_a1,P1,1.0,137,2.0,2.05,35.476960646490454,29.04607870701908,35.476960646490454,30.49838264237003
P1_rep4_a1,P1,1.0,138,2.0,2.05,35.476960646490454,29.04607870701908,35.476960646490454,30.49838264237003
P1_rep4_a1,P1,1.0,139,2.0,2.05,35.476960646490454,29.04607870701908,35.476960646490454,30.49838264237003
P1_rep4_a1,P1,1.0,140,2.0,2.05,35.476960646490454,29.04607870701908,35.476960646490454,30.49838264237003
P1_rep4_a1,P1,1.0,141,2.0,2.05,35.476960646490454,29.04607870701908,35.476960646490454,30.49838264237003
P1_rep4_a1,P1,1.0,142,2.0,2.05,35.476960646490454,29.04607870701908,35.476960646490454,30.49838264237003
P1_rep4_a1,P1,1.0,143,2.0,2.05,35.476960646490454,29.04607870701908,35.476960646490454,30.49838264237003
P1_rep4_a1,P1,1.0,144,2.0,2.05,35.476960646490454,29.04607870701908,35.476960646490454,30.49838264237003
P1_rep4_a1,P1,1.0,145,2.0,2.05,35.476960646490454,29.04607870701908,35.476960646490454,30.49838264237003
P1_rep4_a1,P1,1.0,146,2.0,2.05,35.476960646490454,29.04607870701908,35.476960646490454,30.49838264237003
P1_rep4_a1,P1,1.0,147,2.0,2.05,35.476960646490454,29.04607870701908,35.476960646490454,30.49838264237003
P1_rep4_a1,P1,1.0,148,2.0,2.05,35.476960646490454,29.04607870701908,35.476960646490454,30.49838264237003
P1_rep4_a1,P1,1.0,149,2.0,2.05,35.476960646490454,29.04607870701908,35.476960646490454,30.49838264237003
P1_rep4_a1,P1,1.0,150,2.0,2.05,35.476960646490454,29.04607870701908,35.476960646490454,30.49838264237003
P1_rep4_a1,P1,1.0,151,2.0,2.05,35.476960646490454,29.04607870701908,35.476960646490454,30.49838264237003
P1_rep4_a1,P1,1.0,152,2.0,2.05,35.476960646490454,29.04607870701908,35.476960646490454,30.49838264237003
P1_rep4_a1,P1,1.0,153,2.0,2.05,35.476960646490454,29.04607870701908,35.476960646490454,30.49838264237003
P1_rep4_a1,P1,1.0,154,2.0,2.05,35.476960646490454,29.04607870701908,35.476960646490454,30.49838264237003
P1_rep4_a1,P1,1.0,155,2.0,2.05,35.476960646490454,29.04607870701908,35.476960646490454,30.49838264237003
P1_rep4_a1,P1,1.0,156,2.0,2.05,35.476960646490454,29.04607870701908,35.476960646490454,30.49838264237003
P1_rep4_a1,P1,1.0,157,2.0,2.05,35.476960646490454,29.04607870701908,35.476960646490454,30.49838264237003
P1_rep4_a1,P1,1.0,158,2.0,2.05,35.476960646490454,29.04607870701908,35.476960646490454,30.49838264237003
P1_rep4_a1,P1,1.0,159,2.0,2.05,35.476960646490454,29.04607870701908,35.476960646490454,30.49838264237003
P1_rep4_a1,P1,1.0,160,2.0,2.05,35.476960646490454,29.04607870701908,35.476960646490454,30.49838264237003
P1_rep4_a1,P1,1.0,161,2.0,2.05,35.476960646490454,29.04607870701908,35.476960646490454,30.49838264237003
P1_rep4_a1,P1,1.0,162,2.0,2.05,35.476960646490454,29.04607870701908,35.476960646490454,30.49838264237003
P1_rep4_a1,P1,1.0,163,2.0,2.0,33.333333333333336,33.333333333333336,33.333333333333336,33.333333333333336
P1_rep4_a1,P1,1.0,164,2.0,2.05,35.476960646490454,29.04607870701908,35.476960646490454,30.49838264237003
P1_rep4_a1,P1,1.0,165,2.0,2.0,33.333333333333336,33.333333333333336,33.333333333333336,33.333333333333336
P1_rep4_a1,P1,1.0,166,2.0,2.0,33.333333333333336,33.333333333333336,33.333333333333336,33.333333333333336
P1_rep4_a1,P1,1.0,167,2.0,2.0,33.333333333333336,33.333333333333336,33.333333333333336,33.333333333333336
P1_rep4_a1,P1,1.0,168,2.0,2.0,33.333333333333336,33.333333333333336,33.333333333333336,33.333333333333336
P1_rep4_a1,P1,1.0,169,2.0,2.0,33.333333333333336,33.333333333333336,33.333333333333336,33.333333333333336
P1_rep4_a1,P1,1.0,170,2.0,2.0,33.333333333333336,33.333333333333336,33.333333333333336,33.333333333333336
P1_rep4_a1,P1,1.0,171,2.0,2.0,33.333333333333336,33.333333333333336,33.333333333333336,33.333333333333336
P1_rep4_a1,P1,1.0,172,2.0,2.0,33.333333333333336,33.333333333333336,33.333333333333336,33.333333333333336
P1_rep4_a1,P1,1.0,173,2.0,2.0,33.333333333333336,33.333333333333336,33.333333333333336,33.333333333333336
P1_rep4_a1,P1,1.0,174,2.0,2.0,33.333333333333336,33.333333333333336,33.333333333333336,33.333333333333336
P1_rep4_a1,P1,1.0,175,2.0,2.0,33.333333333333336,33.333333333333336,33.333333333333336,33.333333333333336
P1_rep4_a1,P1,1.0,176,2.0,2.0,33.333333333333336,33.333333333333336,33.333333333333336,33.333333333333336
P1_rep4_a1,P1,1.0,177,2.0,2.0,33.333333333333336,33.333333333333336,33.333333333333336,33.333333333333336
P1_rep4_a1,P1,1.0,178,2.0,2.0,33.333333333333336,33.333333333333336,33.333333333333336,33.333333333333336
P1_rep4_a1,P1,1.0,179,2.0,2.0,33.333333333333336,33.333333333333336,33.333333333333336,33.333333333333336
P1_rep4_a1,P1,1.0,180,2.0,2.0,33.333333333333336,33.333333333333336,33.333333333333336,33.333333333333336
P1_rep4_a1,P1,1.0,181,2.0,2.0,33.333333333333336,33.333333333333336,33.333333333333336,33.333333333333336
P1_rep4_a1,P1,1.0,182,2.0,2.0,33.333333333333336,33.333333333333336,33.333333333333336,33.333333333333336
P1_rep4_a1,P1,1.0,183,2.0,2.0,33.333333333333336,33.333333333333336,33.333333333333336,33.333333333333336
P1_rep4_a1,P1,1.0,184,2.0,2.0,33.333333333333336,33.333333333333336,33.333333333333336,33.333333333333336
P1_rep4_a1,P1,1.0,185,2.0,2.0,33.333333333333336,33.333333333333336,33.333333333333336,33.333333333333336
P1_rep4_a1,P1,1.0,186,2.0,2.0,33.333333333333336,33.333333333333336,33.333333333333336,33.333333333333336
P1_rep4_a1,P1,1.0,187,2.0,2.0,33.333333333333336,33.333333333333336,33.333333333333336,33.333333333333336
P1_rep4_a1,P1,1.0,188,2.0,2.0,33.333333333333336,33.333333333333336,33.333333333333336,33.333333333333336
P1_rep4_a1,P1,1.0,189,2.0,2.0,33.333333333333336,33.333333333333336,33.333333333333336,33.333333333333336
P1_rep4_a1,P1,1.0,190,2.0,2.0,33.333333333333336,33.333333333333336,33.333333333333336,33.333333333333336
P1_rep4_a1,P1,1.0,191,2.0,2.0,33.333333333333336,33.333333333333336,33.333333333333336,33.333333333333336
P1_rep4_a1,P1,1.0,192,2.0,2.0,33.333333333333336,33.333333333333336,33.333333333333336,33.333333333333336
P1_rep4_a1,P1,1.0,193,2.0,2.0,33.333333333333336,33.333333333333336,33.333333333333336,33.333333333333336
P1_rep4_a1,P1,1.0,194,2.0,2.0,33.333333333333336,33.333333333333336,33.333333333333336,33.333333333333336
P1_rep4_a1,P1,1.0,195,2.0,2.0,33.333333333333336,33.333333333333336,33.333333333333336,33.333333333333336
P1_rep4_a1,P1,1.0,196,2.0,2.0,33.333333333333336,33.333333333333336,33.333333333333336,33.333333333333336
P1_rep4_a1,P1,1.0,197,2.0,2.0,33.333333333333336,33.333333333333336,33.333333333333336,33.333333333333336
P1_rep4_a1,P1,1.0,198,2.0,2.0,33.333333333333336,33.333333333333336,33.333333333333336,33.333333333333336
P1_rep4_a1,P1,1.0,199,2.0,2.0,33.333333333333336,33.333333333333336,33.333333333333336,33.333333333333336
P1_rep4_a1,P1,1.0,200,2.0,2.0,33.333333333333336,33.333333333333336,33.333333333333336,33.333333333333336
P1_rep4_a1,P1,1.0,201,2.0,2.0,33.333333333333336,33.333333333333336,33.333333333333336,33.333333333333336
P1_rep4_a1,P1,1.0,202,2.0,2.0,33.333333333333336,33.333333333333336,33.333333333333336,33.333333333333336
P1_rep4_a1,P1,1.0,203,2.0,2.0,33.333333333333336,33.333333333333336,33.333333333333336,33.333333333333336
P1_rep4_a1,P1,1.0,204,2.0,2.0,33.333333333333336,33.333333333333336,33.333333333333336,33.333333333333336
P1_rep4_a1,P1,1.0,205,2.0,2.0,33.333333333333336,33.333333333333336,33.333333333333336,33.333333333333336
P1_rep4_a1,P1,1.0,206,2.0,2.0,33.333333333333336,33.333333333333336,33.333333333333336,33.333333333333336
P1_rep4_a1,P1,1.0,207,2.0,2.0,33.333333333333336,33.333333333333336,33.333333333333336,33.333333333333336
P1_rep4_a1,P1,1.0,208,2.0,2.0,33.333333333333336,33.333333333333336,33.333333333333336,33.333333333333336
P1_rep4_a1,P1,1.0,209,2.0,2.0,33.333333333333336,33.333333333333336,33.333333333333336,33.333333333333336
P1_rep4_a1,P1,1.0,210,2.0,2.0,33.333333333333336,33.333333333333336,33.333333333333336,33.333333333333336
P1_rep4_a1,P1,1.0,211,2.0,2.0,33.333333333333336,33.333333333333336,33.333333333333336,33.333333333333336
P1_rep4_a1,P1,1.0,212,2.0,2.0,33.333333333333336,33.333333333333336,33.333333333333336,33.333333333333336
P1_rep4_a1,P1,1.0,213,2.0,2.0,33.333333333333336,33.333333333333336,33.333333333333336,33.333333333333336
P1_rep4_a1,P1,1.0,214,2.0,2.0,33.333333333333336,33.333333333333336,33.333333333333336,33.333333333333336
P1_rep4_a1,P1,1.0,215,2.0,2.0,33.333333333333336,33.333333333333336,33.333333333333336,33.333333333333336
P1_rep4_a1,P1,1.0,216,2.0,2.0,33.333333333333336,33.333333333333336,33.333333333333336,33.333333333333336
P1_rep4_a1,P1,1.0,217,2.0,2.0,33.333333333333336,33.333333333333336,33.333333333333336,33.333333333333336
P1_rep4_a1,P1,1.0,218,2.0,2.0,33.333333333333336,33.333333333333336,33.333333333333336,33.333333333333336
P1_rep4_a1,P1,1.0,219,2.0,2.0,33.333333333333336,33.333333333333336,33.333333333333336,33.333333333333336
P1_rep4_a1,P1,1.0,220,2.0,2.0,33.333333333333336,33.333333333333336,33.333333333333336,33.333333333333336
P1_rep4_a1,P1,1.0,221,2.0,2.0,33.333333333333336,33.333333333333336,33.333333333333336,33.333333333333336
P1_rep4_a1,P1,1.0,222,2.0,2.0,33.333333333333336,33.333333333333336,33.333333333333336,33.333333333333336
P1_rep4_a1,P1,1.0,223,2.0,2.0,33.333333333333336,33.333333333333336,33.333333333333336,33.333333333333336
P1_rep4_a1,P1,1.0,224,2.0,2.0,33.333333333333336,33.333333333333336,33.333333333333336,33.333333333333336
P1_rep4_a1,P1,1.0,225,2.0,2.0,33.333333333333336,33.333333333333336,33.333333333333336,33.333333333333336
P1_rep4_a1,P1,1.0,226,2.0,2.0,33.333333333333336,33.333333333333336,33.333333333333336,33.333333333333336
P1_rep4_a1,P1,1.0,227,2.0,2.0,33.333333333333336,33.333333333333336,33.333333333333336,33.333333333333336
P1_rep4_a1,P1,1.0,228,2.0,2.0,33.333333333333336,33.333333333333336,33.333333333333336,33.333333333333336
P1_rep4_a1,P1,1.0,229,2.0,2.0,33.333333333333336,33.333333333333336,33.333333333333336,33.333333333333336
P1_rep4_a1,P1,1.0,230,2.0,2.0,33.333333333333336,33.333333333333336,33.333333333333336,33.333333333333336
P1_rep4_a1,P1,1.0,231,2.0,2.0,33.333333333333336,33.333333333333336,33.333333333333336,33.333333333333336
P1_rep4_a1,P1,1.0,232,2.0,2.0,33.333333333333336,33.333333333333336,33.333333333333336,33.333333333333336
P1_rep4_a1,P1,1.0,233,2.0,2.0,33.333333333333336,33.333333333333336,33.333333333333336,33.333333333333336
P1_rep4_a1,P1,1.0,234,2.0,2.0,33.333333333333336,33.333333333333336,33.333333333333336,33.333333333333336
P1_rep4_a1,P1,1.0,235,2.0,2.0,33.333333333333336,33.333333333333336,33.333333333333336,33.333333333333336
P1_rep4_a1,P1,1.0,236,2.0,2.0,33.333333333333336,33.333333333333336,33.333333333333336,33.333333333333336
P1_rep4_a1,P1,1.0,237,2.05,2.0,29.04607870701908,35.476960646490454,30.49838264237003,35.476960646490454
P1_rep4_a1,P1,1.0,238,2.0,2.0,33.333333333333336,33.333333333333336,33.333333333333336,33.333333333333336
P1_rep4_a1,P1,1.0,239,2.0,2.0,33.333333333333336,33.333333333333336,33.333333333333336,33.333333333333336
P1_rep4_a1,P1,1.0,240,2.0,2.0,33.333333333333336,33.333333333333336,33.333333333333336,33.333333333333336
P1_rep4_a1,P1,1.0,241,2.0,2.0,33.333333333333336,33.333333333333336,33.333333333333336,33.333333333333336
P1_rep4_a1,P1,1.0,242,2.0,2.0,33.333333333333336,33.333333333333336,33.333333333333336,33.333333333333336
P1_rep4_a1,P1,1.0,243,2.0,2.0,33.333333333333336,33.333333333333336,33.333333333333336,33.333333333333336
P1_rep4_a1,P1,1.0,244,2.0,2.0,33.333333333333336,33.333333333333336,33.333333333333336,33.333333333333336
P1_rep4_a1,P1,1.0,245,2.0,2.0,33.333333333333336,33.333333333333336,33.333333333333336,33.333333333333336
P1_rep4_a1,P1,1.0,246,2.0,2.0,33.333333333333336,33.333333333333336,33.333333333333336,33.333333333333336
P1_rep4_a1,P1,1.0,247,2.0,2.0,33.333333333333336,33.333333333333336,33.333333333333336,33.333333333333336
P1_rep4_a1,P1,1.0,248,2.0,2.0,33.333333333333336,33.333333333333336,33.333333333333336,33.333333333333336
P1_rep4_a1,P1,1.0,249,2.0,2.0,33.333333333333336,33.333333333333336,33.333333333333336,33.333333333333336
P1_rep4_a1,P1,1.0,250,2.0,2.0,33.333333333333336,33.333333333333336,33.333333333333336,33.333333333333336
P1_rep4_a1,P1,1.0,251,2.0,2.0,33.333333333333336,33.333333333333336,33.333333333333336,33.333333333333336
P1_rep4_a1,P1,1.0,252,2.0,2.0,33.333333333333336,33.333333333333336,33.333333333333336,33.333333333333336
P1_rep4_a1,P1,1.0,253,2.0,2.0,33.333333333333336,33.333333333333336,33.333333333333336,33.333333333333336
P1_rep4_a1,P1,1.0,254,2.0,2.0,33.333333333333336,33.333333333333336,33.333333333333336,33.333333333333336
P1_rep4_a1,P1,1.0,255,2.0,2.0,33.333333333333336,33.333333333333336,33.333333333333336,33.333333333333336
P1_rep4_a1,P1,1.0,256,2.0,2.0,33.333333333333336,33.333333333333336,33.333333333333336,33.333333333333336
P1_rep4_a1,P1,1.0,257,2.0,2.0,33.333333333333336,33.333333333333336,33.333333333333336,33.333333333333336
P1_rep4_a1,P1,1.0,258,2.0,2.0,33.333333333333336,33.333333333333336,33.333333333333336,33.333333333333336
P1_rep4_a1,P1,1.0,259,2.0,2.0,33.333333333333336,33.333333333333336,33.333333333333336,33.333333333333336
P1_rep4_a1,P1,1.0,260,2.0,2.0,33.333333333333336,33.333333333333336,33.333333333333336,33.333333333333336
P1_rep4_a1,P1,1.0,261,2.0,2.0,33.333333333333336,33.333333333333336,33.333333333333336,33.333333333333336
P1_rep4_a1,P1,1.0,262,2.0,2.0,33.333333333333336,33.333333333333336,33.333333333333336,33.333333333333336
P1_rep4_a1,P1,1.0,263,2.0,2.0,33.333333333333336,33.333333333333336,33.333333333333336,33.333333333333336
P1_rep4_a1,P1,1.0,264,2.0,2.0,33.333333333333336,33.333333333333336,33.333333333333336,33.333333333333336
P1_rep4_a1,P1,1.0,265,2.0,2.0,33.333333333333336,33.333333333333336,33.333333333333336,33.333333333333336
P1_rep4_a1,P1,1.0,266,2.0,2.05,35.476960646490454,29.04607870701908,35.476960646490454,30.49838264237003
P1_rep4_a1,P1,1.0,267,2.0,2.1,37.448694641850196,25.102610716299612,37.448694641850196,27.612871787929574
P1_rep4_a1,P1,1.0,268,2.05,2.2,36.09828907373153,19.81116108674969,37.9032035274181,23.77339330409963
P1_rep4_a1,P1,1.0,269,2.05,2.15,34.58146121575098,23.180646674121864,36.31053427653852,26.65774367524014
P1_rep4_a1,P1,1.0,270,2.0,2.05,35.476960646490454,29.04607870701908,35.476960646490454,30.49838264237003
P1_rep4_a1,P1,1.0,271,2.1,2.05,26.93074991777377,32.89329222889069,29.62382490955115,34.53795684033521
P1_rep4_a1,P1,1.0,272,2.05,2.05,31.042377345300565,31.042377345300565,32.59449621256559,32.59449621256559
P1_rep4_a1,P1,1.0,273,2.05,2.05,31.042377345300565,31.042377345300565,32.59449621256559,32.59449621256559
P1_rep4_a1,P1,1.0,274,2.05,2.05,31.042377345300565,31.042377345300565,32.59449621256559,32.59449621256559
P1_rep4_a1,P1,1.0,275,2.05,2.05,31.042377345300565,31.042377345300565,32.59449621256559,32.59449621256559
P1_rep4_a1,P1,1.0,276,2.05,2.05,31.042377345300565,31.042377345300565,32.59449621256559,32.59449621256559
P1_rep4_a1,P1,1.0,277,2.0,2.05,35.476960646490454,29.04607870701908,35.476960646490454,30.49838264237003
P1_rep4_a1,P1,1.0,278,2.0,2.05,35.476960646490454,29.04607870701908,35.476960646490454,30.49838264237003
P1_rep4_a1,P1,1.0,279,2.0,2.1,37.448694641850196,25.102610716299612,37.448694641850196,27.612871787929574
P1_rep4_a1,P1,1.0,280,2.0,2.1,37.448694641850196,25.102610716299612,37.448694641850196,27.612871787929574
P1_rep4_a1,P1,1.0,281,2.0,2.1,37.448694641850196,25.102610716299612,37.448694641850196,27.612871787929574
P1_rep4_a1,P1,1.0,282,2.0,2.05,35.476960646490454,29.04607870701908,35.476960646490454,30.49838264237003
P1_rep4_a1,P1,1.0,283,2.1,2.05,26.93074991777377,32.89329222889069,29.62382490955115,34.53795684033521
P1_rep4_a1,P1,1.0,284,2.0,2.05,35.476960646490454,29.04607870701908,35.476960646490454,30.49838264237003
P1_rep4_a1,P1,1.0,285,2.0,2.05,35.476960646490454,29.04607870701908,35.476960646490454,30.49838264237003
P1_rep4_a1,P1,1.0,286,2.05,2.05,31.042377345300565,31.042377345300565,32.59449621256559,32.59449621256559
P1_rep4_a1,P1,1.0,287,2.05,2.05,31.042377345300565,31.042377345300565,32.59449621256559,32.59449621256559
P1_rep4_a1,P1,1.0,288,2.05,2.05,31.042377345300565,31.042377345300565,32.59449621256559,32.59449621256559
P1_rep4_a1,P1,1.0,289,2.0,2.05,35.476960646490454,29.04607870701908,35.476960646490454,30.49838264237003
P1_rep4_a1,P1,1.0,290,2.0,2.05,35.476960646490454,29.04607870701908,35.476960646490454,30.49838264237003
P1_rep4_a1,P1,1.0,291,2.0,2.05,35.476960646490454,29.04607870701908,35.476960646490454,30.49838264237003
P1_rep4_a1,P1,1.0,292,2.0,2.07,36.28731764967001,27.425364700659998,36.28731764967001,29.345140229706193
P1_rep4_a1,P1,1.0,293,2.05,2.07,31.801365065776007,29.356359929626738,33.3914333190648,31.411305124700604
P1_rep4_a1,P1,1.0,294,2.1,2.07,27.629487637409035,31.15216032193,30.39243640114994,33.332811544465095
P1_rep4_a1,P1,1.0,295,2.05,2.07,31.801365065776007,29.356359929626738,33.3914333190648,31.411305124700604
P1_rep4_a1,P1,1.0,296,2.05,2.07,31.801365065776007,29.356359929626738,33.3914333190648,31.411305124700604
P1_rep4_a1,P1,1.0,297,2.05,2.07,31.801365065776007,29.356359929626738,33.3914333190648,31.411305124700604
P1_rep4_a1,P1,1.0,298,2.05,2.07,31.801365065776007,29.356359929626738,33.3914333190648,31.411305124700604
P1_rep4_a1,P1,1.0,299,2.0,2.08,36.681780284229156,26.636439431541692,36.681780284229156,28.76735458606503
P1_rep4_a1,P1,1.0,300,2.0,2.07,36.28731764967001,27.425364700659998,36.28731764967001,29.345140229706193
P1_rep5_a1,P1,1.0,1,2.0,2.5,46.83105308334812,6.337893833303762,46.83105308334812,9.506840749955643
P1_rep5_a1,P1,1.0,2,2.49,2.0,6.579529946704484,46.71023502664776,9.803499620589681,46.71023502664776
P1_rep5_a1,P1,1.0,3,2.0,1.5,10.650697891920075,78.69860421615984,10.650697891920075,39.34930210807992
P1_rep5_a1,P1,1.0,4,2.0,1.5,10.650697891920075,78.69860421615984,10.650697891920075,39.34930210807992
P1_rep5_a1,P1,1.0,5,2.0,1.5,10.650697891920075,78.69860421615984,10.650697891920075,39.34930210807992
P1_rep5_a1,P1,1.0,6,2.0,1.5,10.650697891920075,78.69860421615984,10.650697891920075,39.34930210807992
P1_rep5_a1,P1,1.0,7,2.0,1.5,10.650697891920075,78.69860421615984,10.650697891920075,39.34930210807992
P1_rep5_a1,P1,1.0,8,2.0,1.5,10.650697891920075,78.69860421615984,10.650697891920075,39.34930210807992
P1_rep5_a1,P1,1.0,9,2.0,1.5,10.650697891920075,78.69860421615984,10.650697891920075,39.34930210807992
P1_rep5_a1,P1,1.0,10,2.1,1.5,7.3991854991923764,81.56252683068327,8.139104049111614,40.781263415341634
P1_rep5_a1,P1,1.0,11,2.0,1.7,18.796579370771095,62.40684125845782,18.796579370771095,43.68478888092047
P1_rep5_a1,P1,1.0,12,2.0,1.5,10.650697891920075,78.69860421615984,10.650697891920075,39.34930210807992
P1_rep5_a1,P1,1.0,13,2.0,1.7,18.796579370771095,62.40684125845782,18.796579370771095,43.68478888092047
P1_rep5_a1,P1,1.0,14,2.0,1.7,18.796579370771095,62.40684125845782,18.796579370771095,43.68478888092047
P1_rep5_a1,P1,1.0,15,2.0,1.9,28.63832198321698,42.723356033566034,28.63832198321698,38.451020430209425
P1_rep5_a1,P1,1.0,16,2.0,1.7,18.796579370771095,62.40684125845782,18.796579370771095,43.68478888092047
P1_rep5_a1,P1,1.0,17,2.0,1.7,18.796579370771095,62.40684125845782,18.796579370771095,43.68478888092047
P1_rep5_a1,P1,1.0,18,2.0,1.7,18.796579370771095,62.40684125845782,18.796579370771095,43.68478888092047
P1_rep5_a1,P1,1.0,19,2.0,2.0,33.333333333333336,33.333333333333336,33.333333333333336,33.333333333333336
P1_rep5_a1,P1,1.0,20,2.0,1.7,18.796579370771095,62.40684125845782,18.796579370771095,43.68478888092047
P1_rep5_a1,P1,1.0,21,2.0,1.7,18.796579370771095,62.40684125845782,18.796579370771095,43.68478888092047
P1_rep5_a1,P1,1.0,22,2.0,1.7,18.796579370771095,62.40684125845782,18.796579370771095,43.68478888092047
P1_rep5_a1,P1,1.0,23,2.0,1.7,18.796579370771095,62.40684125845782,18.796579370771095,43.68478888092047
P1_rep5_a1,P1,1.0,24,2.0,1.7,18.796579370771095,62.40684125845782,18.796579370771095,43.68478888092047
P1_rep5_a1,P1,1.0,25,2.0,1.7,18.796579370771095,62.40684125845782,18.796579370771095,43.68478888092047
P1_rep5_a1,P1,1.0,26,2.0,1.7,18.796579370771095,62.40684125845782,18.796579370771095,43.68478888092047
P1_rep5_a1,P1,1.0,27,2.0,1.7,18.796579370771095,62.40684125845782,18.796579370771095,43.68478888092047
P1_rep5_a1,P1,1.0,28,2.0,1.7,18.796579370771095,62.40684125845782,18.796579370771095,43.68478888092047
P1_rep5_a1,P1,1.0,29,2.0,1.7,18.796579370771095,62.40684125845782,18.796579370771095,43.68478888092047
P1_rep5_a1,P1,1.0,30,2.0,1.7,18.796579370771095,62.40684125845782,18.796579370771095,43.68478888092047
P1_rep5_a1,P1,1.0,31,2.0,1.7,18.796579370771095,62.40684125845782,18.796579370771095,43.68478888092047
P1_rep5_a1,P1,1.0,32,2.0,1.7,18.796579370771095,62.40684125845782,18.796579370771095,43.68478888092047
P1_rep5_a1,P1,1.0,33,2.0,1.7,18.796579370771095,62.40684125845782,18.796579370771095,43.68478888092047
P1_rep5_a1,P1,1.0,34,2.0,1.7,18.796579370771095,62.40684125845782,18.796579370771095,43.68478888092047
P1_rep5_a1,P1,1.0,35,2.0,1.7,18.796579370771095,62.40684125845782,18.796579370771095,43.68478888092047
P1_rep5_a1,P1,1.0,36,2.0,1.7,18.796579370771095,62.40684125845782,18.796579370771095,43.68478888092047
P1_rep5_a1,P1,1.0,37,2.0,1.7,18.796579370771095,62.40684125845782,18.796579370771095,43.68478888092047
P1_rep5_a1,P1,1.0,38,2.0,1.7,18.796579370771095,62.40684125845782,18.796579370771095,43.68478888092047
P1_rep5_a1,P1,1.0,39,2.0,1.7,18.796579370771095,62.40684125845782,18.796579370771095,43.68478888092047
P1_rep5_a1,P1,1.0,40,2.0,1.7,18.796579370771095,62.40684125845782,18.796579370771095,43.68478888092047
P1_rep5_a1,P1,1.0,41,2.0,1.8,23.665609135556686,52.66878172888664,23.665609135556686,42.135025383109316
P1_rep5_a1,P1,1.0,42,2.0,1.7,18.796579370771095,62.40684125845782,18.796579370771095,43.68478888092047
P1_rep5_a1,P1,1.0,43,2.0,1.7,18.796579370771095,62.40684125845782,18.796579370771095,43.68478888092047
P1_rep5_a1,P1,1.0,44,2.0,1.7,18.796579370771095,62.40684125845782,18.796579370771095,43.68478888092047
P1_rep5_a1,P1,1.0,45,2.0,1.7,18.796579370771095,62.40684125845782,18.796579370771095,43.68478888092047
P1_rep5_a1,P1,1.0,46,2.0,1.7,18.796579370771095,62.40684125845782,18.796579370771095,43.68478888092047
P1_rep5_a1,P1,1.0,47,2.0,1.7,18.796579370771095,62.40684125845782,18.796579370771095,43.68478888092047
P1_rep5_a1,P1,1.0,48,2.0,1.7,18.796579370771095,62.40684125845782,18.796579370771095,43.68478888092047
P1_rep5_a1,P1,1.0,49,2.0,1.7,18.796579370771095,62.40684125845782,18.796579370771095,43.68478888092047
P1_rep5_a1,P1,1.0,50,2.0,1.7,18.796579370771095,62.40684125845782,18.796579370771095,43.68478888092047
P1_rep5_a1,P1,1.0,51,2.0,1.7,18.796579370771095,62.40684125845782,18.796579370771095,43.68478888092047
P1_rep5_a1,P1,1.0,52,2.0,1.7,18.796579370771095,62.40684125845782,18.796579370771095,43.68478888092047
P1_rep5_a1,P1,1.0,53,2.0,1.7,18.796579370771095,62.40684125845782,18.796579370771095,43.68478888092047
P1_rep5_a1,P1,1.0,54,2.0,1.7,18.796579370771095,62.40684125845782,18.796579370771095,43.68478888092047
P1_rep5_a1,P1,1.0,55,2.0,1.7,18.796579370771095,62.40684125845782,18.796579370771095,43.68478888092047
P1_rep5_a1,P1,1.0,56,2.0,1.7,18.796579370771095,62.40684125845782,18.796579370771095,43.68478888092047
P1_rep5_a1,P1,1.0,57,2.0,1.7,18.796579370771095,62.40684125845782,18.796579370771095,43.68478888092047
P1_rep5_a1,P1,1.0,58,2.0,1.7,18.796579370771095,62.40684125845782,18.796579370771095,43.68478888092047
P1_rep5_a1,P1,1.0,59,2.0,1.6,14.38221396022033,71.23557207955935,14.38221396022033,42.741343247735614
P1_rep5_a1,P1,1.0,60,2.0,1.7,18.796579370771095,62.40684125845782,18.796579370771095,43.68478888092047
P1_rep5_a1,P1,1.0,61,2.0,1.7,18.796579370771095,62.40684125845782,18.796579370771095,43.68478888092047
P1_rep5_a1,P1,1.0,62,2.0,1.7,18.796579370771095,62.40684125845782,18.796579370771095,43.68478888092047
P1_rep5_a1,P1,1.0,63,2.0,1.6,14.38221396022033,71.23557207955935,14.38221396022033,42.741343247735614
P1_rep5_a1,P1,1.0,64,2.0,1.6,14.38221396022033,71.23557207955935,14.38221396022033,42.741343247735614
P1_rep5_a1,P1,1.0,65,2.0,1.65,16.514731230603658,66.97053753879268,16.514731230603658,43.53084940021524
P1_rep5_a1,P1,1.0,66,2.0,1.65,16.514731230603658,66.97053753879268,16.514731230603658,43.53084940021524
P1_rep5_a1,P1,1.0,67,2.0,1.7,18.796579370771095,62.40684125845782,18.796579370771095,43.68478888092047
P1_rep5_a1,P1,1.0,68,2.0,1.75,21.194155761708547,57.61168847658291,21.194155761708547,43.208766357437185
P1_rep5_a1,P1,1.0,69,2.0,1.7,18.796579370771095,62.40684125845782,18.796579370771095,43.68478888092047
P1_rep5_a1,P1,1.0,70,2.0,1.7,18.796579370771095,62.40684125845782,18.796579370771095,43.68478888092047
P1_rep5_a1,P1,1.0,71,2.0,1.65,16.514731230603658,66.97053753879268,16.514731230603658,43.53084940021524
P1_rep5_a1,P1,1.0,72,2.0,1.7,18.796579370771095,62.40684125845782,18.796579370771095,43.68478888092047
P1_rep5_a1,P1,1.0,73,2.0,1.7,18.796579370771095,62.40684125845782,18.796579370771095,43.68478888092047
P1_rep5_a1,P1,1.0,74,2.0,1.65,16.514731230603658,66.97053753879268,16.514731230603658,43.53084940021524
P1_rep5_a1,P1,1.0,75,1.95,1.65,19.45961552249154,64.60819880617099,18.48663474636696,41.99532922401114
P1_rep5_a1,P1,1.0,76,1.95,1.7,22.040935131399284,59.913473449927245,20.938888374829318,41.93943141494907
P1_rep5_a1,P1,1.0,77,1.95,1.7,22.040935131399284,59.913473449927245,20.938888374829318,41.93943141494907
P1_rep5_a1,P1,1.0,78,1.95,1.7,22.040935131399284,59.913473449927245,20.938888374829318,41.93943141494907
P1_rep5_a1,P1,1.0,79,1.95,1.65,19.45961552249154,64.60819880617099,18.48663474636696,41.99532922401114
P1_rep5_a1,P1,1.0,80,1.95,1.7,22.040935131399284,59.913473449927245,20.938888374829318,41.93943141494907
P1_rep5_a1,P1,1.0,81,1.95,1.7,22.040935131399284,59.913473449927245,20.938888374829318,41.93943141494907
P1_rep5_a1,P1,1.0,82,1.95,1.7,22.040935131399284,59.913473449927245,20.938888374829318,41.93943141494907
P1_rep5_a1,P1,1.0,83,1.95,1.7,22.040935131399284,59.913473449927245,20.938888374829318,41.93943141494907
P1_rep5_a1,P1,1.0,84,1.95,1.7,22.040935131399284,59.913473449927245,20.938888374829318,41.93943141494907
P1_rep5_a1,P1,1.0,85,1.95,1.7,22.040935131399284,59.913473449927245,20.938888374829318,41.93943141494907
P1_rep5_a1,P1,1.0,86,1.95,1.65,19.45961552249154,64.60819880617099,18.48663474636696,41.99532922401114
P1_rep5_a1,P1,1.0,87,1.95,1.7,22.040935131399284,59.913473449927245,20.938888374829318,41.93943141494907
P1_rep5_a1,P1,1.0,88,1.95,1.7,22.040935131399284,59.913473449927245,20.938888374829318,41.93943141494907
P1_rep5_a1,P1,1.0,89,1.95,1.65,19.45961552249154,64.60819880617099,18.48663474636696,41.99532922401114
P1_rep5_a1,P1,1.0,90,1.85,1.65,26.494610211633905,58.964839410445784,22.52041867988882,38.32714561678976
P1_rep5_a1,P1,1.0,91,1.95,1.65,19.45961552249154,64.60819880617099,18.48663474636696,41.99532922401114
P1_rep5_a1,P1,1.0,92,1.85,1.7,29.66540006808555,54.05388318516459,25.21559005787272,37.837718229615206
P1_rep5_a1,P1,1.0,93,1.85,1.65,26.494610211633905,58.964839410445784,22.52041867988882,38.32714561678976
P1_rep5_a1,P1,1.0,94,1.85,1.7,29.66540006808555,54.05388318516459,25.21559005787272,37.837718229615206
P1_rep5_a1,P1,1.0,95,1.85,1.65,26.494610211633905,58.964839410445784,22.52041867988882,38.32714561678976
P1_rep5_a1,P1,1.0,96,1.85,1.65,26.494610211633905,58.964839410445784,22.52041867988882,38.32714561678976
P1_rep5_a1,P1,1.0,97,1.85,1.65,26.494610211633905,58.964839410445784,22.52041867988882,38.32714561678976
P1_rep5_a1,P1,1.0,98,1.85,1.65,26.494610211633905,58.964839410445784,22.52041867988882,38.32714561678976
P1_rep5_a1,P1,1.0,99,1.85,1.7,29.66540006808555,54.05388318516459,25.21559005787272,37.837718229615206
P1_rep5_a1,P1,1.0,100,1.85,1.65,26.494610211633905,58.964839410445784,22.52041867988882,38.32714561678976
P1_rep5_a1,P1,1.0,101,1.85,1.75,32.88785274664993,49.06291097984168,27.954674834652447,36.79718323488126
P1_rep5_a1,P1,1.0,102,1.85,1.7,29.66540006808555,54.05388318516459,25.21559005787272,37.837718229615206
P1_rep5_a1,P1,1.0,103,1.85,1.7,29.66540006808555,54.05388318516459,25.21559005787272,37.837718229615206
P1_rep5_a1,P1,1.0,104,1.85,1.7,29.66540006808555,54.05388318516459,25.21559005787272,37.837718229615206
P1_rep5_a1,P1,1.0,105,1.85,1.7,29.66540006808555,54.05388318516459,25.21559005787272,37.837718229615206
P1_rep5_a1,P1,1.0,106,1.8,1.7,34.0002636721166,50.72243307237884,27.200210937693285,35.505703150665184
P1_rep5_a1,P1,1.0,107,1.85,1.75,32.88785274664993,49.06291097984168,27.954674834652447,36.79718323488126
P1_rep5_a1,P1,1.0,108,1.8,1.75,37.44292216468968,45.73288840552854,29.95433773175175,34.299666304146406
P1_rep5_a1,P1,1.0,109,1.8,1.7,34.0002636721166,50.72243307237884,27.200210937693285,35.505703150665184
P1_rep5_a1,P1,1.0,110,1.9,1.75,28.633285906303314,52.173248566831845,25.76995731567298,39.12993642512389
P1_rep5_a1,P1,1.0,111,1.8,1.7,34.0002636721166,50.72243307237884,27.200210937693285,35.505703150665184
P1_rep5_a1,P1,1.0,112,1.85,1.65,26.494610211633905,58.964839410445784,22.52041867988882,38.32714561678976
P1_rep5_a1,P1,1.0,113,1.85,1.65,26.494610211633905,58.964839410445784,22.52041867988882,38.32714561678976
P1_rep5_a1,P1,1.0,114,1.8,1.7,34.0002636721166,50.72243307237884,27.200210937693285,35.505703150665184
P1_rep5_a1,P1,1.0,115,1.8,1.7,34.0002636721166,50.72243307237884,27.200210937693285,35.505703150665184
P1_rep5_a1,P1,1.0,116,1.8,1.65,30.567506253625734,55.69762782578593,24.454005002900587,36.20345808676085
P1_rep5_a1,P1,1.0,117,1.85,1.7,29.66540006808555,54.05388318516459,25.21559005787272,37.837718229615206
P1_rep5_a1,P1,1.0,118,1.85,1.65,26.494610211633905,58.964839410445784,22.52041867988882,38.32714561678976
P1_rep5_a1,P1,1.0,119,1.9,1.7,25.668267079810956,57.1257789495951,23.10144037182986,39.98804526471657
P1_rep5_a1,P1,1.0,120,1.85,1.7,29.66540006808555,54.05388318516459,25.21559005787272,37.837718229615206
P1_rep5_a1,P1,1.0,121,1.85,1.7,29.66540006808555,54.05388318516459,25.21559005787272,37.837718229615206
P1_rep5_a1,P1,1.0,122,1.85,1.7,29.66540006808555,54.05388318516459,25.21559005787272,37.837718229615206
P1_rep5_a1,P1,1.0,123,1.8,1.75,37.44292216468968,45.73288840552854,29.95433773175175,34.299666304146406
P1_rep5_a1,P1,1.0,124,1.8,1.7,34.0002636721166,50.72243307237884,27.200210937693285,35.505703150665184
P1_rep5_a1,P1,1.0,125,1.8,1.65,30.567506253625734,55.69762782578593,24.454005002900587,36.20345808676085
P1_rep5_a1,P1,1.0,126,1.8,1.7,34.0002636721166,50.72243307237884,27.200210937693285,35.505703150665184
P1_rep5_a1,P1,1.0,127,1.8,1.7,34.0002636721166,50.72243307237884,27.200210937693285,35.505703150665184
P1_rep5_a1,P1,1.0,128,1.85,1.65,26.494610211633905,58.964839410445784,22.52041867988882,38.32714561678976
P1_rep5_a1,P1,1.0,129,1.85,1.65,26.494610211633905,58.964839410445784,22.52041867988882,38.32714561678976
P1_rep5_a1,P1,1.0,130,1.85,1.65,26.494610211633905,58.964839410445784,22.52041867988882,38.32714561678976
P1_rep5_a1,P1,1.0,131,1.85,1.65,26.494610211633905,58.964839410445784,22.52041867988882,38.32714561678976
P1_rep5_a1,P1,1.0,132,1.8,1.65,30.567506253625734,55.69762782578593,24.454005002900587,36.20345808676085
P1_rep5_a1,P1,1.0,133,1.8,1.65,30.567506253625734,55.69762782578593,24.454005002900587,36.20345808676085
P1_rep5_a1,P1,1.0,134,1.8,1.65,30.567506253625734,55.69762782578593,24.454005002900587,36.20345808676085
P1_rep5_a1,P1,1.0,135,1.85,1.6,23.43515576368418,63.703358059529954,19.919882399131556,38.22201483571798
P1_rep5_a1,P1,1.0,136,1.85,1.7,29.66540006808555,54.05388318516459,25.21559005787272,37.837718229615206
P1_rep5_a1,P1,1.0,137,1.8,1.7,34.0002636721166,50.72243307237884,27.200210937693285,35.505703150665184
P1_rep5_a1,P1,1.0,138,1.8,1.65,30.567506253625734,55.69762782578593,24.454005002900587,36.20345808676085
P1_rep5_a1,P1,1.0,139,1.8,1.7,34.0002636721166,50.72243307237884,27.200210937693285,35.505703150665184
P1_rep5_a1,P1,1.0,140,1.8,1.7,34.0002636721166,50.72243307237884,27.200210937693285,35.505703150665184
P1_rep5_a1,P1,1.0,141,1.85,1.7,29.66540006808555,54.05388318516459,25.21559005787272,37.837718229615206
P1_rep5_a1,P1,1.0,142,1.9,1.7,25.668267079810956,57.1257789495951,23.10144037182986,39.98804526471657
P1_rep5_a1,P1,1.0,143,1.95,1.7,22.040935131399284,59.913473449927245,20.938888374829318,41.93943141494907
P1_rep5_a1,P1,1.0,144,1.95,1.7,22.040935131399284,59.913473449927245,20.938888374829318,41.93943141494907
P1_rep5_a1,P1,1.0,145,1.85,1.65,26.494610211633905,58.964839410445784,22.52041867988882,38.32714561678976
P1_rep5_a1,P1,1.0,146,1.85,1.65,26.494610211633905,58.964839410445784,22.52041867988882,38.32714561678976
P1_rep5_a1,P1,1.0,147,1.85,1.65,26.494610211633905,58.964839410445784,22.52041867988882,38.32714561678976
P1_rep5_a1,P1,1.0,148,1.8,1.6,27.211847744896772,60.561080896173216,21.76947819591742,36.33664853770394
P1_rep5_a1,P1,1.0,149,1.8,1.65,30.567506253625734,55.69762782578593,24.454005002900587,36.20345808676085
P1_rep5_a1,P1,1.0,150,1.85,1.7,29.66540006808555,54.05388318516459,25.21559005787272,37.837718229615206
P1_rep5_a1,P1,1.0,151,1.85,1.65,26.494610211633905,58.964839410445784,22.52041867988882,38.32714561678976
P1_rep5_a1,P1,1.0,152,1.85,1.65,26.494610211633905,58.964839410445784,22.52041867988882,38.32714561678976
P1_rep5_a1,P1,1.0,153,1.85,1.65,26.494610211633905,58.964839410445784,22.52041867988882,38.32714561678976
P1_rep5_a1,P1,1.0,154,1.85,1.75,32.88785274664993,49.06291097984168,27.954674834652447,36.79718323488126
P1_rep5_a1,P1,1.0,155,1.8,1.7,34.0002636721166,50.72243307237884,27.200210937693285,35.505703150665184
P1_rep5_a1,P1,1.0,156,1.8,1.65,30.567506253625734,55.69762782578593,24.454005002900587,36.20345808676085
P1_rep5_a1,P1,1.0,157,1.8,1.7,34.0002636721166,50.72243307237884,27.200210937693285,35.505703150665184
P1_rep5_a1,P1,1.0,158,1.8,1.68,32.622134202316055,52.71979602926428,26.097707361852844,35.84946129989971
P1_rep5_a1,P1,1.0,159,1.8,1.68,32.622134202316055,52.71979602926428,26.097707361852844,35.84946129989971
P1_rep5_a1,P1,1.0,160,1.8,1.68,32.622134202316055,52.71979602926428,26.097707361852844,35.84946129989971
P1_rep5_a1,P1,1.0,161,1.8,1.68,32.622134202316055,52.71979602926428,26.097707361852844,35.84946129989971
P1_rep5_a1,P1,1.0,162,1.85,1.68,28.387402221491865,56.03326112087196,24.12929188826809,38.10261756219293
P1_rep5_a1,P1,1.0,163,1.85,1.69,29.025111671372724,55.04556930444939,24.67134492066682,37.98144282007007
P1_rep5_a1,P1,1.0,164,1.85,1.7,29.66540006808555,54.05388318516459,25.21559005787272,37.837718229615206
P1_rep5_a1,P1,1.0,165,1.8,1.7,34.0002636721166,50.72243307237884,27.200210937693285,35.505703150665184
P1_rep5_a1,P1,1.0,166,1.8,1.7,34.0002636721166,50.72243307237884,27.200210937693285,35.505703150665184
P1_rep5_a1,P1,1.0,167,1.8,1.68,32.622134202316055,52.71979602926428,26.097707361852844,35.84946129989971
P1_rep5_a1,P1,1.0,168,1.8,1.68,32.622134202316055,52.71979602926428,26.097707361852844,35.84946129989971
P1_rep5_a1,P1,1.0,169,1.8,1.6,27.211847744896772,60.561080896173216,21.76947819591742,36.33664853770394
P1_rep5_a1,P1,1.0,170,1.88,1.6,21.350926063245776,65.43747548913687,18.78881493565628,39.26248529348213
P1_rep5_a1,P1,1.0,171,1.85,1.6,23.43515576368418,63.703358059529954,19.919882399131556,38.22201483571798
P1_rep5_a1,P1,1.0,172,1.85,1.6,23.43515576368418,63.703358059529954,19.919882399131556,38.22201483571798
P1_rep5_a1,P1,1.0,173,1.8,1.6,27.211847744896772,60.561080896173216,21.76947819591742,36.33664853770394
P1_rep5_a1,P1,1.0,174,1.8,1.6,27.211847744896772,60.561080896173216,21.76947819591742,36.33664853770394
P1_rep5_a1,P1,1.0,175,1.8,1.65,30.567506253625734,55.69762782578593,24.454005002900587,36.20345808676085
P1_rep5_a1,P1,1.0,176,1.8,1.65,30.567506253625734,55.69762782578593,24.454005002900587,36.20345808676085
P1_rep5_a1,P1,1.0,177,1.8,1.65,30.567506253625734,55.69762782578593,24.454005002900587,36.20345808676085
P1_rep5_a1,P1,1.0,178,1.8,1.6,27.211847744896772,60.561080896173216,21.76947819591742,36.33664853770394
P1_rep5_a1,P1,1.0,179,1.8,1.6,27.211847744896772,60.561080896173216,21.76947819591742,36.33664853770394
P1_rep5_a1,P1,1.0,180,1.8,1.6,27.211847744896772,60.561080896173216,21.76947819591742,36.33664853770394
P1_rep5_a1,P1,1.0,181,1.8,1.68,32.622134202316055,52.71979602926428,26.097707361852844,35.84946129989971
P1_rep5_a1,P1,1.0,182,1.8,1.65,30.567506253625734,55.69762782578593,24.454005002900587,36.20345808676085
P1_rep5_a1,P1,1.0,183,1.8,1.65,30.567506253625734,55.69762782578593,24.454005002900587,36.20345808676085
P1_rep5_a1,P1,1.0,184,1.8,1.68,32.622134202316055,52.71979602926428,26.097707361852844,35.84946129989971
P1_rep5_a1,P1,1.0,185,1.8,1.68,32.622134202316055,52.71979602926428,26.097707361852844,35.84946129989971
P1_rep5_a1,P1,1.0,186,1.75,1.68,37.16077894180679,49.168534467585815,27.87058420635509,33.43460343795835
P1_rep5_a1,P1,1.0,187,1.75,1.65,34.96865240105496,52.16709929512652,26.226489300791222,33.908614541832236
P1_rep5_a1,P1,1.0,188,1.8,1.65,30.567506253625734,55.69762782578593,24.454005002900587,36.20345808676085
P1_rep5_a1,P1,1.0,189,1.8,1.65,30.567506253625734,55.69762782578593,24.454005002900587,36.20345808676085
P1_rep5_a1,P1,1.0,190,1.8,1.65,30.567506253625734,55.69762782578593,24.454005002900587,36.20345808676085
P1_rep5_a1,P1,1.0,191,1.8,1.68,32.622134202316055,52.71979602926428,26.097707361852844,35.84946129989971
P1_rep5_a1,P1,1.0,192,1.75,1.65,34.96865240105496,52.16709929512652,26.226489300791222,33.908614541832236
P1_rep5_a1,P1,1.0,193,1.75,1.68,37.16077894180679,49.168534467585815,27.87058420635509,33.43460343795835
P1_rep5_a1,P1,1.0,194,1.8,1.65,30.567506253625734,55.69762782578593,24.454005002900587,36.20345808676085
P1_rep5_a1,P1,1.0,195,1.8,1.65,30.567506253625734,55.69762782578593,24.454005002900587,36.20345808676085
P1_rep5_a1,P1,1.0,196,1.8,1.68,32.622134202316055,52.71979602926428,26.097707361852844,35.84946129989971
P1_rep5_a1,P1,1.0,197,1.75,1.65,34.96865240105496,52.16709929512652,26.226489300791222,33.908614541832236
P1_rep5_a1,P1,1.0,198,1.7,1.68,41.937842354255594,45.430722268556224,29.356489647978915,30.89289114261823
P1_rep5_a1,P1,1.0,199,1.7,1.68,41.937842354255594,45.430722268556224,29.356489647978915,30.89289114261823
P1_rep5_a1,P1,1.0,200,1.7,1.68,41.937842354255594,45.430722268556224,29.356489647978915,30.89289114261823
P1_rep5_a1,P1,1.0,201,1.7,1.65,39.641687192358376,48.41846607486921,27.74918103465086,31.47200294866498
P1_rep5_a1,P1,1.0,202,1.7,1.65,39.641687192358376,48.41846607486921,27.74918103465086,31.47200294866498
P1_rep5_a1,P1,1.0,203,1.7,1.65,39.641687192358376,48.41846607486921,27.74918103465086,31.47200294866498
P1_rep5_a1,P1,1.0,204,1.8,1.65,30.567506253625734,55.69762782578593,24.454005002900587,36.20345808676085
P1_rep5_a1,P1,1.0,205,1.7,1.68,41.937842354255594,45.430722268556224,29.356489647978915,30.89289114261823
P1_rep5_a1,P1,1.0,206,1.7,1.65,39.641687192358376,48.41846607486921,27.74918103465086,31.47200294866498
P1_rep5_a1,P1,1.0,207,1.7,1.7,43.4556976905065,43.4556976905065,30.418988383354545,30.418988383354545
P1_rep5_a1,P1,1.0,208,1.7,1.65,39.641687192358376,48.41846607486921,27.74918103465086,31.47200294866498
P1_rep5_a1,P1,1.0,209,1.7,1.65,39.641687192358376,48.41846607486921,27.74918103465086,31.47200294866498
P1_rep5_a1,P1,1.0,210,1.7,1.6,35.803552800144594,53.41262433055894,25.062486960101214,32.047574598335366
P1_rep5_a1,P1,1.0,211,1.7,1.6,35.803552800144594,53.41262433055894,25.062486960101214,32.047574598335366
P1_rep5_a1,P1,1.0,212,1.7,1.6,35.803552800144594,53.41262433055894,25.062486960101214,32.047574598335366
P1_rep5_a1,P1,1.0,213,1.7,1.65,39.641687192358376,48.41846607486921,27.74918103465086,31.47200294866498
P1_rep5_a1,P1,1.0,214,1.7,1.65,39.641687192358376,48.41846607486921,27.74918103465086,31.47200294866498
P1_rep5_a1,P1,1.0,215,1.7,1.65,39.641687192358376,48.41846607486921,27.74918103465086,31.47200294866498
P1_rep5_a1,P1,1.0,216,1.7,1.6,35.803552800144594,53.41262433055894,25.062486960101214,32.047574598335366
P1_rep5_a1,P1,1.0,217,1.7,1.6,35.803552800144594,53.41262433055894,25.062486960101214,32.047574598335366
P1_rep5_a1,P1,1.0,218,1.7,1.6,35.803552800144594,53.41262433055894,25.062486960101214,32.047574598335366
P1_rep5_a1,P1,1.0,219,1.68,1.6,37.66244190469609,51.86599441964696,25.610460495193337,31.11959665178818
P1_rep5_a1,P1,1.0,220,1.7,1.65,39.641687192358376,48.41846607486921,27.74918103465086,31.47200294866498
P1_rep5_a1,P1,1.0,221,1.7,1.68,41.937842354255594,45.430722268556224,29.356489647978915,30.89289114261823
P1_rep5_a1,P1,1.0,222,1.68,1.65,41.57080867694371,46.87095590086263,28.268149900321724,30.466121335560707
P1_rep5_a1,P1,1.0,223,1.68,1.65,41.57080867694371,46.87095590086263,28.268149900321724,30.466121335560707
P1_rep5_a1,P1,1.0,224,1.7,1.65,39.641687192358376,48.41846607486921,27.74918103465086,31.47200294866498
P1_rep5_a1,P1,1.0,225,1.7,1.65,39.641687192358376,48.41846607486921,27.74918103465086,31.47200294866498
P1_rep5_a1,P1,1.0,226,1.7,1.65,39.641687192358376,48.41846607486921,27.74918103465086,31.47200294866498
P1_rep5_a1,P1,1.0,227,1.7,1.65,39.641687192358376,48.41846607486921,27.74918103465086,31.47200294866498
P1_rep5_a1,P1,1.0,228,1.7,1.65,39.641687192358376,48.41846607486921,27.74918103465086,31.47200294866498
P1_rep5_a1,P1,1.0,229,1.7,1.68,41.937842354255594,45.430722268556224,29.356489647978915,30.89289114261823
P1_rep5_a1,P1,1.0,230,1.7,1.68,41.937842354255594,45.430722268556224,29.356489647978915,30.89289114261823
P1_rep5_a1,P1,1.0,231,1.7,1.68,41.937842354255594,45.430722268556224,29.356489647978915,30.89289114261823
P1_rep5_a1,P1,1.0,232,1.7,1.67,41.17444227601193,46.4240540317402,28.82210959320835,31.104116201265928
P1_rep5_a1,P1,1.0,233,1.7,1.67,41.17444227601193,46.4240540317402,28.82210959320835,31.104116201265928
P1_rep5_a1,P1,1.0,234,1.7,1.67,41.17444227601193,46.4240540317402,28.82210959320835,31.104116201265928
P1_rep5_a1,P1,1.0,235,1.7,1.68,41.937842354255594,45.430722268556224,29.356489647978915,30.89289114261823
P1_rep5_a1,P1,1.0,236,1.7,1.68,41.937842354255594,45.430722268556224,29.356489647978915,30.89289114261823
P1_rep5_a1,P1,1.0,237,1.7,1.65,39.641687192358376,48.41846607486921,27.74918103465086,31.47200294866498
P1_rep5_a1,P1,1.0,238,1.7,1.68,41.937842354255594,45.430722268556224,29.356489647978915,30.89289114261823
P1_rep5_a1,P1,1.0,239,1.7,1.66,40.408855459516886,47.42023116607984,28.286198821661817,31.297352569612688
P1_rep5_a1,P1,1.0,240,1.7,1.66,40.408855459516886,47.42023116607984,28.286198821661817,31.297352569612688
P1_rep5_a1,P1,1.0,241,1.7,1.66,40.408855459516886,47.42023116607984,28.286198821661817,31.297352569612688
P1_rep5_a1,P1,1.0,242,1.7,1.66,40.408855459516886,47.42023116607984,28.286198821661817,31.297352569612688
P1_rep5_a1,P1,1.0,243,1.7,1.66,40.408855459516886,47.42023116607984,28.286198821661817,31.297352569612688
P1_rep5_a1,P1,1.0,244,1.7,1.66,40.408855459516886,47.42023116607984,28.286198821661817,31.297352569612688
P1_rep5_a1,P1,1.0,245,1.7,1.66,40.408855459516886,47.42023116607984,28.286198821661817,31.297352569612688
P1_rep5_a1,P1,1.0,246,1.7,1.66,40.408855459516886,47.42023116607984,28.286198821661817,31.297352569612688
P1_rep5_a1,P1,1.0,247,1.7,1.66,40.408855459516886,47.42023116607984,28.286198821661817,31.297352569612688
P1_rep5_a1,P1,1.0,248,1.7,1.66,40.408855459516886,47.42023116607984,28.286198821661817,31.297352569612688
P1_rep5_a1,P1,1.0,249,1.7,1.66,40.408855459516886,47.42023116607984,28.286198821661817,31.297352569612688
P1_rep5_a1,P1,1.0,250,1.7,1.67,41.17444227601193,46.4240540317402,28.82210959320835,31.104116201265928
P1_rep5_a1,P1,1.0,251,1.7,1.66,40.408855459516886,47.42023116607984,28.286198821661817,31.297352569612688
P1_rep5_a1,P1,1.0,252,1.7,1.6,35.803552800144594,53.41262433055894,25.062486960101214,32.047574598335366
P1_rep5_a1,P1,1.0,253,1.7,1.6,35.803552800144594,53.41262433055894,25.062486960101214,32.047574598335366
P1_rep5_a1,P1,1.0,254,1.7,1.6,35.803552800144594,53.41262433055894,25.062486960101214,32.047574598335366
P1_rep5_a1,P1,1.0,255,1.7,1.65,39.641687192358376,48.41846607486921,27.74918103465086,31.47200294866498
P1_rep5_a1,P1,1.0,256,1.7,1.67,41.17444227601193,46.4240540317402,28.82210959320835,31.104116201265928
P1_rep5_a1,P1,1.0,257,1.68,1.6,37.66244190469609,51.86599441964696,25.610460495193337,31.11959665178818
P1_rep5_a1,P1,1.0,258,1.68,1.6,37.66244190469609,51.86599441964696,25.610460495193337,31.11959665178818
P1_rep5_a1,P1,1.0,259,1.7,1.6,35.803552800144594,53.41262433055894,25.062486960101214,32.047574598335366
P1_rep5_a1,P1,1.0,260,1.7,1.6,35.803552800144594,53.41262433055894,25.062486960101214,32.047574598335366
P1_rep5_a1,P1,1.0,261,1.7,1.6,35.803552800144594,53.41262433055894,25.062486960101214,32.047574598335366
P1_rep5_a1,P1,1.0,262,1.7,1.6,35.803552800144594,53.41262433055894,25.062486960101214,32.047574598335366
P1_rep5_a1,P1,1.0,263,1.7,1.6,35.803552800144594,53.41262433055894,25.062486960101214,32.047574598335366
P1_rep5_a1,P1,1.0,264,1.68,1.6,37.66244190469609,51.86599441964696,25.610460495193337,31.11959665178818
P1_rep5_a1,P1,1.0,265,1.68,1.6,37.66244190469609,51.86599441964696,25.610460495193337,31.11959665178818
P1_rep5_a1,P1,1.0,266,1.7,1.6,35.803552800144594,53.41262433055894,25.062486960101214,32.047574598335366
P1_rep5_a1,P1,1.0,267,1.7,1.6,35.803552800144594,53.41262433055894,25.062486960101214,32.047574598335366
P1_rep5_a1,P1,1.0,268,1.7,1.6,35.803552800144594,53.41262433055894,25.062486960101214,32.047574598335366
P1_rep5_a1,P1,1.0,269,1.7,1.6,35.803552800144594,53.41262433055894,25.062486960101214,32.047574598335366
P1_rep5_a1,P1,1.0,270,1.7,1.6,35.803552800144594,53.41262433055894,25.062486960101214,32.047574598335366
P1_rep5_a1,P1,1.0,271,1.68,1.6,37.66244190469609,51.86599441964696,25.610460495193337,31.11959665178818
P1_rep5_a1,P1,1.0,272,1.7,1.6,35.803552800144594,53.41262433055894,25.062486960101214,32.047574598335366
P1_rep5_a1,P1,1.0,273,1.68,1.6,37.66244190469609,51.86599441964696,25.610460495193337,31.11959665178818
P1_rep5_a1,P1,1.0,274,1.7,1.6,35.803552800144594,53.41262433055894,25.062486960101214,32.047574598335366
P1_rep5_a1,P1,1.0,275,1.7,1.6,35.803552800144594,53.41262433055894,25.062486960101214,32.047574598335366
P1_rep5_a1,P1,1.0,276,1.7,1.6,35.803552800144594,53.41262433055894,25.062486960101214,32.047574598335366
P1_rep5_a1,P1,1.0,277,1.7,1.65,39.641687192358376,48.41846607486921,27.74918103465086,31.47200294866498
P1_rep5_a1,P1,1.0,278,1.68,1.6,37.66244190469609,51.86599441964696,25.610460495193337,31.11959665178818
P1_rep5_a1,P1,1.0,279,1.68,1.6,37.66244190469609,51.86599441964696,25.610460495193337,31.11959665178818
P1_rep5_a1,P1,1.0,280,1.7,1.6,35.803552800144594,53.41262433055894,25.062486960101214,32.047574598335366
P1_rep5_a1,P1,1.0,281,1.68,1.65,41.57080867694371,46.87095590086263,28.268149900321724,30.466121335560707
P1_rep5_a1,P1,1.0,282,1.68,1.65,41.57080867694371,46.87095590086263,28.268149900321724,30.466121335560707
P1_rep5_a1,P1,1.0,283,1.68,1.65,41.57080867694371,46.87095590086263,28.268149900321724,30.466121335560707
P1_rep5_a1,P1,1.0,284,1.7,1.64,38.87354779821926,49.417964608464764,27.211483458753484,31.627497349417446
P1_rep5_a1,P1,1.0,285,1.7,1.64,38.87354779821926,49.417964608464764,27.211483458753484,31.627497349417446
P1_rep5_a1,P1,1.0,286,1.7,1.64,38.87354779821926,49.417964608464764,27.211483458753484,31.627497349417446
P1_rep5_a1,P1,1.0,287,1.7,1.64,38.87354779821926,49.417964608464764,27.211483458753484,31.627497349417446
P1_rep5_a1,P1,1.0,288,1.68,1.64,40.79055070782373,47.86815468937383,27.737574481320138,30.63561900119925
P1_rep5_a1,P1,1.0,289,1.68,1.64,40.79055070782373,47.86815468937383,27.737574481320138,30.63561900119925
P1_rep5_a1,P1,1.0,290,1.68,1.64,40.79055070782373,47.86815468937383,27.737574481320138,30.63561900119925
P1_rep5_a1,P1,1.0,291,1.68,1.67,43.12486061221765,44.884819560741086,29.324905216308,30.072829105696524
P1_rep5_a1,P1,1.0,292,1.68,1.65,41.57080867694371,46.87095590086263,28.268149900321724,30.466121335560707
P1_rep5_a1,P1,1.0,293,1.68,1.65,41.57080867694371,46.87095590086263,28.268149900321724,30.466121335560707
P1_rep5_a1,P1,1.0,294,1.68,1.65,41.57080867694371,46.87095590086263,28.268149900321724,30.466121335560707
P1_rep5_a1,P1,1.0,295,1.68,1.65,41.57080867694371,46.87095590086263,28.268149900321724,30.466121335560707
P1_rep5_a1,P1,1.0,296,1.68,1.65,41.57080867694371,46.87095590086263,28.268149900321724,30.466121335560707
P1_rep5_a1,P1,1.0,297,1.68,1.66,42.34911617808403,45.8762498831828,28.797399001097137,30.278324922900644
P1_rep5_a1,P1,1.0,298,1.68,1.65,41.57080867694371,46.87095590086263,28.268149900321724,30.466121335560707
P1_rep5_a1,P1,1.0,299,1.68,1.64,40.79055070782373,47.86815468937383,27.737574481320138,30.63561900119925
P1_rep5_a1,P1,1.0,300,1.68,1.64,40.79055070782373,47.86815468937383,27.737574481320138,30.63561900119925
P1_rep6_a1,P1,1.0,1,2.0,2.5,46.83105308334812,6.337893833303762,46.83105308334812,9.506840749955643
P1_rep6_a1,P1,1.0,2,2.0,2.5,46.83105308334812,6.337893833303762,46.83105308334812,9.506840749955643
P1_rep6_a1,P1,1.0,3,2.0,2.5,46.83105308334812,6.337893833303762,46.83105308334812,9.506840749955643
P1_rep6_a1,P1,1.0,4,2.0,2.5,46.83105308334812,6.337893833303762,46.83105308334812,9.506840749955643
P1_rep6_a1,P1,1.0,5,2.0,2.75,48.785555116036846,2.428889767926321,48.785555116036846,4.250557093871062
P1_rep6_a1,P1,1.0,6,2.0,2.5,46.83105308334812,6.337893833303762,46.83105308334812,9.506840749955643
P1_rep6_a1,P1,1.0,7,2.5,2.5,10.650697891920077,10.650697891920077,15.976046837880116,15.976046837880116
P1_rep6_a1,P1,1.0,8,2.0,2.5,46.83105308334812,6.337893833303762,46.83105308334812,9.506840749955643
P1_rep6_a1,P1,1.0,9,2.05,2.5,41.8988272587821,6.925829563664981,43.993768621721195,10.388744345497471
P1_rep6_a1,P1,1.0,10,2.1,2.5,37.123366523433,7.495078437320482,40.8357031757763,11.242617655980723
P1_rep6_a1,P1,1.0,11,2.2,2.5,28.354836986291406,8.540312779985006,34.02580438354969,12.810469169977509
P1_rep6_a1,P1,1.0,12,2.0,2.5,46.83105308334812,6.337893833303762,46.83105308334812,9.506840749955643
P1_rep6_a1,P1,1.0,13,2.0,2.5,46.83105308334812,6.337893833303762,46.83105308334812,9.506840749955643
P1_rep6_a1,P1,1.0,14,2.0,2.5,46.83105308334812,6.337893833303762,46.83105308334812,9.506840749955643
P1_rep6_a1,P1,1.0,15,2.5,2.5,10.650697891920077,10.650697891920077,15.976046837880116,15.976046837880116
P1_rep6_a1,P1,1.0,16,2.6,2.5,7.3991854991923764,11.038287670124344,11.838696798707803,16.557431505186514
P1_rep6_a1,P1,1.0,17,2.6,2.6,7.6786182631025195,7.6786182631025195,12.285789220964032,12.285789220964032
P1_rep6_a1,P1,1.0,18,2.6,2.6,7.6786182631025195,7.6786182631025195,12.285789220964032,12.285789220964032
P1_rep6_a1,P1,1.0,19,2.6,2.6,7.6786182631025195,7.6786182631025195,12.285789220964032,12.285789220964032
P1_rep6_a1,P1,1.0,20,2.6,2.6,7.6786182631025195,7.6786182631025195,12.285789220964032,12.285789220964032
P1_rep6_a1,P1,1.0,21,2.0,2.6,47.83045931311103,4.33908137377795,47.83045931311103,6.942530198044721
P1_rep6_a1,P1,1.0,22,2.0,2.6,47.83045931311103,4.33908137377795,47.83045931311103,6.942530198044721
P1_rep6_a1,P1,1.0,23,2.0,2.6,47.83045931311103,4.33908137377795,47.83045931311103,6.942530198044721
P1_rep6_a1,P1,1.0,24,2.0,2.6,47.83045931311103,4.33908137377795,47.83045931311103,6.942530198044721
P1_rep6_a1,P1,1.0,25,2.0,2.6,47.83045931311103,4.33908137377795,47.83045931311103,6.942530198044721
P1_rep6_a1,P1,1.0,26,2.0,2.6,47.83045931311103,4.33908137377795,47.83045931311103,6.942530198044721
P1_rep6_a1,P1,1.0,27,2.0,2.6,47.83045931311103,4.33908137377795,47.83045931311103,6.942530198044721
P1_rep6_a1,P1,1.0,28,2.0,2.6,47.83045931311103,4.33908137377795,47.83045931311103,6.942530198044721
P1_rep6_a1,P1,1.0,29,2.05,2.6,42.877860523185554,4.751002369788588,45.02175354934482,7.601603791661741
P1_rep6_a1,P1,1.0,30,2.1,2.6,38.06391720636073,5.151391016217805,41.870308926996806,8.242225625948489
P1_rep6_a1,P1,1.0,31,2.05,2.6,42.877860523185554,4.751002369788588,45.02175354934482,7.601603791661741
P1_rep6_a1,P1,1.0,32,2.0,2.65,48.20964845248925,3.5807030950215015,48.20964845248925,5.908160106785477
P1_rep6_a1,P1,1.0,33,2.05,2.6,42.877860523185554,4.751002369788588,45.02175354934482,7.601603791661741
P1_rep6_a1,P1,1.0,34,2.05,2.6,42.877860523185554,4.751002369788588,45.02175354934482,7.601603791661741
P1_rep6_a1,P1,1.0,35,2.05,2.55,42.43152961571088,5.742483078704952,44.553106096496414,8.900848771992674
P1_rep6_a1,P1,1.0,36,2.05,2.55,42.43152961571088,5.742483078704952,44.553106096496414,8.900848771992674
P1_rep6_a1,P1,1.0,37,2.05,2.55,42.43152961571088,5.742483078704952,44.553106096496414,8.900848771992674
P1_rep6_a1,P1,1.0,38,2.0,2.55,47.37533180383574,5.249336392328528,47.37533180383574,8.136471408109218
P1_rep6_a1,P1,1.0,39,2.0,2.55,47.37533180383574,5.249336392328528,47.37533180383574,8.136471408109218
P1_rep6_a1,P1,1.0,40,2.05,2.55,42.43152961571088,5.742483078704952,44.553106096496414,8.900848771992674
P1_rep6_a1,P1,1.0,41,2.05,2.55,42.43152961571088,5.742483078704952,44.553106096496414,8.900848771992674
P1_rep6_a1,P1,1.0,42,2.0,2.5,46.83105308334812,6.337893833303762,46.83105308334812,9.506840749955643
P1_rep6_a1,P1,1.0,43,2.0,2.5,46.83105308334812,6.337893833303762,46.83105308334812,9.506840749955643
P1_rep6_a1,P1,1.0,44,2.05,2.5,41.8988272587821,6.925829563664981,43.993768621721195,10.388744345497471
P1_rep6_a1,P1,1.0,45,2.05,2.5,41.8988272587821,6.925829563664981,43.993768621721195,10.388744345497471
P1_rep6_a1,P1,1.0,46,2.0,2.5,46.83105308334812,6.337893833303762,46.83105308334812,9.506840749955643
P1_rep6_a1,P1,1.0,47,2.1,2.5,37.123366523433,7.495078437320482,40.8357031757763,11.242617655980723
P1_rep6_a1,P1,1.0,48,2.15,2.5,32.58692159186151,8.03583592875623,37.474959830640735,12.053753893134346
P1_rep6_a1,P1,1.0,49,2.05,2.55,42.43152961571088,5.742483078704952,44.553106096496414,8.900848771992674
P1_rep6_a1,P1,1.0,50,2.0,2.5,46.83105308334812,6.337893833303762,46.83105308334812,9.506840749955643
P1_rep6_a1,P1,1.0,51,2.0,2.55,47.37533180383574,5.249336392328528,47.37533180383574,8.136471408109218
P1_rep6_a1,P1,1.0,52,2.0,2.5,46.83105308334812,6.337893833303762,46.83105308334812,9.506840749955643
P1_rep6_a1,P1,1.0,53,2.0,2.5,46.83105308334812,6.337893833303762,46.83105308334812,9.506840749955643
P1_rep6_a1,P1,1.0,54,2.0,2.6,47.83045931311103,4.33908137377795,47.83045931311103,6.942530198044721
P1_rep6_a1,P1,1.0,55,2.05,2.6,42.877860523185554,4.751002369788588,45.02175354934482,7.601603791661741
P1_rep6_a1,P1,1.0,56,2.0,2.6,47.83045931311103,4.33908137377795,47.83045931311103,6.942530198044721
P1_rep6_a1,P1,1.0,57,2.0,2.6,47.83045931311103,4.33908137377795,47.83045931311103,6.942530198044721
P1_rep6_a1,P1,1.0,58,2.05,2.55,42.43152961571088,5.742483078704952,44.553106096496414,8.900848771992674
P1_rep6_a1,P1,1.0,59,2.0,2.5,46.83105308334812,6.337893833303762,46.83105308334812,9.506840749955643
P1_rep6_a1,P1,1.0,60,2.15,2.55,33.0686155562864,6.676438335718121,38.02890788972936,10.348479420363086
P1_rep6_a1,P1,1.0,61,2.0,2.55,47.37533180383574,5.249336392328528,47.37533180383574,8.136471408109218
P1_rep6_a1,P1,1.0,62,2.05,2.55,42.43152961571088,5.742483078704952,44.553106096496414,8.900848771992674
P1_rep6_a1,P1,1.0,63,2.05,2.55,42.43152961571088,5.742483078704952,44.553106096496414,8.900848771992674
P1_rep6_a1,P1,1.0,64,2.05,2.55,42.43152961571088,5.742483078704952,44.553106096496414,8.900848771992674
P1_rep6_a1,P1,1.0,65,2.05,2.55,42.43152961571088,5.742483078704952,44.553106096496414,8.900848771992674
P1_rep6_a1,P1,1.0,66,2.05,2.5,41.8988272587821,6.925829563664981,43.993768621721195,10.388744345497471
P1_rep6_a1,P1,1.0,67,2.05,2.5,41.8988272587821,6.925829563664981,43.993768621721195,10.388744345497471
P1_rep6_a1,P1,1.0,68,2.05,2.5,41.8988272587821,6.925829563664981,43.993768621721195,10.388744345497471
P1_rep6_a1,P1,1.0,69,2.05,2.5,41.8988272587821,6.925829563664981,43.993768621721195,10.388744345497471
P1_rep6_a1,P1,1.0,70,2.05,2.5,41.8988272587821,6.925829563664981,43.993768621721195,10.388744345497471
P1_rep6_a1,P1,1.0,71,2.0,2.5,46.83105308334812,6.337893833303762,46.83105308334812,9.506840749955643
P1_rep6_a1,P1,1.0,72,2.0,2.45,46.18300066746558,7.633998665068844,46.18300066746558,11.069298064349825
P1_rep6_a1,P1,1.0,73,2.0,2.45,46.18300066746558,7.633998665068844,46.18300066746558,11.069298064349825
P1_rep6_a1,P1,1.0,74,2.05,2.45,41.26605450015865,8.331472714959702,43.329357225166575,12.08063543669157
P1_rep6_a1,P1,1.0,75,2.05,2.45,41.26605450015865,8.331472714959702,43.329357225166575,12.08063543669157
P1_rep6_a1,P1,1.0,76,2.0,2.45,46.18300066746558,7.633998665068844,46.18300066746558,11.069298064349825
P1_rep6_a1,P1,1.0,77,2.0,2.4,45.41539494829371,9.169210103412567,45.41539494829371,12.836894144777593
P1_rep6_a1,P1,1.0,78,2.0,2.45,46.18300066746558,7.633998665068844,46.18300066746558,11.069298064349825
P1_rep6_a1,P1,1.0,79,2.0,2.45,46.18300066746558,7.633998665068844,46.18300066746558,11.069298064349825
P1_rep6_a1,P1,1.0,80,2.0,2.4,45.41539494829371,9.169210103412567,45.41539494829371,12.836894144777593
P1_rep6_a1,P1,1.0,81,2.0,2.4,45.41539494829371,9.169210103412567,45.41539494829371,12.836894144777593
P1_rep6_a1,P1,1.0,82,2.0,2.4,45.41539494829371,9.169210103412567,45.41539494829371,12.836894144777593
P1_rep6_a1,P1,1.0,83,2.0,2.4,45.41539494829371,9.169210103412567,45.41539494829371,12.836894144777593
P1_rep6_a1,P1,1.0,84,2.0,2.4,45.41539494829371,9.169210103412567,45.41539494829371,12.836894144777593
P1_rep6_a1,P1,1.0,85,2.0,2.4,45.41539494829371,9.169210103412567,45.41539494829371,12.836894144777593
P1_rep6_a1,P1,1.0,86,2.0,2.4,45.41539494829371,9.169210103412567,45.41539494829371,12.836894144777593
P1_rep6_a1,P1,1.0,87,2.0,2.4,45.41539494829371,9.169210103412567,45.41539494829371,12.836894144777593
P1_rep6_a1,P1,1.0,88,2.0,2.4,45.41539494829371,9.169210103412567,45.41539494829371,12.836894144777593
P1_rep6_a1,P1,1.0,89,2.0,2.4,45.41539494829371,9.169210103412567,45.41539494829371,12.836894144777593
P1_rep6_a1,P1,1.0,90,2.0,2.4,45.41539494829371,9.169210103412567,45.41539494829371,12.836894144777593
P1_rep6_a1,P1,1.0,91,2.0,2.4,45.41539494829371,9.169210103412567,45.41539494829371,12.836894144777593
P1_rep6_a1,P1,1.0,92,2.0,2.4,45.41539494829371,9.169210103412567,45.41539494829371,12.836894144777593
P1_rep6_a1,P1,1.0,93,2.0,2.4,45.41539494829371,9.169210103412567,45.41539494829371,12.836894144777593
P1_rep6_a1,P1,1.0,94,2.0,2.4,45.41539494829371,9.169210103412567,45.41539494829371,12.836894144777593
P1_rep6_a1,P1,1.0,95,2.0,2.4,45.41539494829371,9.169210103412567,45.41539494829371,12.836894144777593
P1_rep6_a1,P1,1.0,96,2.0,2.4,45.41539494829371,9.169210103412567,45.41539494829371,12.836894144777593
P1_rep6_a1,P1,1.0,97,2.0,2.45,46.18300066746558,7.633998665068844,46.18300066746558,11.069298064349825
P1_rep6_a1,P1,1.0,98,2.0,2.45,46.18300066746558,7.633998665068844,46.18300066746558,11.069298064349825
P1_rep6_a1,P1,1.0,99,2.0,2.4,45.41539494829371,9.169210103412567,45.41539494829371,12.836894144777593
P1_rep6_a1,P1,1.0,100,2.0,2.4,45.41539494829371,9.169210103412567,45.41539494829371,12.836894144777593
P1_rep6_a1,P1,1.0,101,2.0,2.45,46.18300066746558,7.633998665068844,46.18300066746558,11.069298064349825
P1_rep6_a1,P1,1.0,102,2.0,2.4,45.41539494829371,9.169210103412567,45.41539494829371,12.836894144777593
P1_rep6_a1,P1,1.0,103,2.0,2.4,45.41539494829371,9.169210103412567,45.41539494829371,12.836894144777593
P1_rep6_a1,P1,1.0,104,2.0,2.4,45.41539494829371,9.169210103412567,45.41539494829371,12.836894144777593
P1_rep6_a1,P1,1.0,105,2.0,2.4,45.41539494829371,9.169210103412567,45.41539494829371,12.836894144777593
P1_rep6_a1,P1,1.0,106,2.0,2.4,45.41539494829371,9.169210103412567,45.41539494829371,12.836894144777593
P1_rep6_a1,P1,1.0,107,2.0,2.4,45.41539494829371,9.169210103412567,45.41539494829371,12.836894144777593
P1_rep6_a1,P1,1.0,108,2.0,2.4,45.41539494829371,9.169210103412567,45.41539494829371,12.836894144777593
P1_rep6_a1,P1,1.0,109,2.0,2.4,45.41539494829371,9.169210103412567,45.41539494829371,12.836894144777593
P1_rep6_a1,P1,1.0,110,2.0,2.4,45.41539494829371,9.169210103412567,45.41539494829371,12.836894144777593
P1_rep6_a1,P1,1.0,111,2.0,2.4,45.41539494829371,9.169210103412567,45.41539494829371,12.836894144777593
P1_rep6_a1,P1,1.0,112,2.0,2.4,45.41539494829371,9.169210103412567,45.41539494829371,12.836894144777593
P1_rep6_a1,P1,1.0,113,2.0,2.4,45.41539494829371,9.169210103412567,45.41539494829371,12.836894144777593
P1_rep6_a1,P1,1.0,114,2.0,2.4,45.41539494829371,9.169210103412567,45.41539494829371,12.836894144777593
P1_rep6_a1,P1,1.0,115,2.0,2.4,45.41539494829371,9.169210103412567,45.41539494829371,12.836894144777593
P1_rep6_a1,P1,1.0,116,2.0,2.4,45.41539494829371,9.169210103412567,45.41539494829371,12.836894144777593
P1_rep6_a1,P1,1.0,117,2.0,2.4,45.41539494829371,9.169210103412567,45.41539494829371,12.836894144777593
P1_rep6_a1,P1,1.0,118,2.0,2.4,45.41539494829371,9.169210103412567,45.41539494829371,12.836894144777593
P1_rep6_a1,P1,1.0,119,2.0,2.4,45.41539494829371,9.169210103412567,45.41539494829371,12.836894144777593
P1_rep6_a1,P1,1.0,120,2.0,2.4,45.41539494829371,9.169210103412567,45.41539494829371,12.836894144777593
P1_rep6_a1,P1,1.0,121,2.0,2.4,45.41539494829371,9.169210103412567,45.41539494829371,12.836894144777593
P1_rep6_a1,P1,1.0,122,2.0,2.4,45.41539494829371,9.169210103412567,45.41539494829371,12.836894144777593
P1_rep6_a1,P1,1.0,123,2.0,2.4,45.41539494829371,9.169210103412567,45.41539494829371,12.836894144777593
P1_rep6_a1,P1,1.0,124,2.0,2.4,45.41539494829371,9.169210103412567,45.41539494829371,12.836894144777593
P1_rep6_a1,P1,1.0,125,2.0,2.4,45.41539494829371,9.169210103412567,45.41539494829371,12.836894144777593
P1_rep6_a1,P1,1.0,126,2.0,2.4,45.41539494829371,9.169210103412567,45.41539494829371,12.836894144777593
P1_rep6_a1,P1,1.0,127,2.0,2.4,45.41539494829371,9.169210103412567,45.41539494829371,12.836894144777593
P1_rep6_a1,P1,1.0,128,2.0,2.4,45.41539494829371,9.169210103412567,45.41539494829371,12.836894144777593
P1_rep6_a1,P1,1.0,129,2.0,2.4,45.41539494829371,9.169210103412567,45.41539494829371,12.836894144777593
P1_rep6_a1,P1,1.0,130,2.0,2.4,45.41539494829371,9.169210103412567,45.41539494829371,12.836894144777593
P1_rep6_a1,P1,1.0,131,2.0,2.4,45.41539494829371,9.169210103412567,45.41539494829371,12.836894144777593
P1_rep6_a1,P1,1.0,132,2.0,2.4,45.41539494829371,9.169210103412567,45.41539494829371,12.836894144777593
P1_rep6_a1,P1,1.0,133,2.0,2.4,45.41539494829371,9.169210103412567,45.41539494829371,12.836894144777593
P1_rep6_a1,P1,1.0,134,2.0,2.4,45.41539494829371,9.169210103412567,45.41539494829371,12.836894144777593
P1_rep6_a1,P1,1.0,135,2.0,2.4,45.41539494829371,9.169210103412567,45.41539494829371,12.836894144777593
P1_rep6_a1,P1,1.0,136,2.0,2.4,45.41539494829371,9.169210103412567,45.41539494829371,12.836894144777593
P1_rep6_a1,P1,1.0,137,2.0,2.4,45.41539494829371,9.169210103412567,45.41539494829371,12.836894144777593
P1_rep6_a1,P1,1.0,138,2.0,2.4,45.41539494829371,9.169210103412567,45.41539494829371,12.836894144777593
P1_rep6_a1,P1,1.0,139,2.0,2.45,46.18300066746558,7.633998665068844,46.18300066746558,11.069298064349825
P1_rep6_a1,P1,1.0,140,2.0,2.4,45.41539494829371,9.169210103412567,45.41539494829371,12.836894144777593
P1_rep6_a1,P1,1.0,141,2.0,2.4,45.41539494829371,9.169210103412567,45.41539494829371,12.836894144777593
P1_rep6_a1,P1,1.0,142,2.0,2.4,45.41539494829371,9.169210103412567,45.41539494829371,12.836894144777593
P1_rep6_a1,P1,1.0,143,2.0,2.4,45.41539494829371,9.169210103412567,45.41539494829371,12.836894144777593
P1_rep6_a1,P1,1.0,144,2.0,2.4,45.41539494829371,9.169210103412567,45.41539494829371,12.836894144777593
P1_rep6_a1,P1,1.0,145,2.0,2.4,45.41539494829371,9.169210103412567,45.41539494829371,12.836894144777593
P1_rep6_a1,P1,1.0,146,2.0,2.4,45.41539494829371,9.169210103412567,45.41539494829371,12.836894144777593
P1_rep6_a1,P1,1.0,147,2.0,2.4,45.41539494829371,9.169210103412567,45.41539494829371,12.836894144777593
P1_rep6_a1,P1,1.0,148,2.0,2.45,46.18300066746558,7.633998665068844,46.18300066746558,11.069298064349825
P1_rep6_a1,P1,1.0,149,2.0,2.45,46.18300066746558,7.633998665068844,46.18300066746558,11.069298064349825
P1_rep6_a1,P1,1.0,150,2.0,2.4,45.41539494829371,9.169210103412567,45.41539494829371,12.836894144777593
P1_rep6_a1,P1,1.0,151,2.0,2.4,45.41539494829371,9.169210103412567,45.41539494829371,12.836894144777593
P1_rep6_a1,P1,1.0,152,2.0,2.4,45.41539494829371,9.169210103412567,45.41539494829371,12.836894144777593
P1_rep6_a1,P1,1.0,153,2.0,2.4,45.41539494829371,9.169210103412567,45.41539494829371,12.836894144777593
P1_rep6_a1,P1,1.0,154,2.0,2.4,45.41539494829371,9.169210103412567,45.41539494829371,12.836894144777593
P1_rep6_a1,P1,1.0,155,2.0,2.4,45.41539494829371,9.169210103412567,45.41539494829371,12.836894144777593
P1_rep6_a1,P1,1.0,156,2.0,2.4,45.41539494829371,9.169210103412567,45.41539494829371,12.836894144777593
P1_rep6_a1,P1,1.0,157,2.0,2.4,45.41539494829371,9.169210103412567,45.41539494829371,12.836894144777593
P1_rep6_a1,P1,1.0,158,2.0,2.4,45.41539494829371,9.169210103412567,45.41539494829371,12.836894144777593
P1_rep6_a1,P1,1.0,159,2.0,2.4,45.41539494829371,9.169210103412567,45.41539494829371,12.836894144777593
P1_rep6_a1,P1,1.0,160,2.0,2.35,44.51176673209428,10.976466535811447,44.51176673209428,14.818229823345455
P1_rep6_a1,P1,1.0,161,2.0,2.35,44.51176673209428,10.976466535811447,44.51176673209428,14.818229823345455
P1_rep6_a1,P1,1.0,162,2.0,2.35,44.51176673209428,10.976466535811447,44.51176673209428,14.818229823345455
P1_rep6_a1,P1,1.0,163,2.0,2.4,45.41539494829371,9.169210103412567,45.41539494829371,12.836894144777593
P1_rep6_a1,P1,1.0,164,2.0,2.35,44.51176673209428,10.976466535811447,44.51176673209428,14.818229823345455
P1_rep6_a1,P1,1.0,165,2.0,2.35,44.51176673209428,10.976466535811447,44.51176673209428,14.818229823345455
P1_rep6_a1,P1,1.0,166,2.0,2.35,44.51176673209428,10.976466535811447,44.51176673209428,14.818229823345455
P1_rep6_a1,P1,1.0,167,2.0,2.35,44.51176673209428,10.976466535811447,44.51176673209428,14.818229823345455
P1_rep6_a1,P1,1.0,168,2.0,2.35,44.51176673209428,10.976466535811447,44.51176673209428,14.818229823345455
P1_rep6_a1,P1,1.0,169,2.0,2.35,44.51176673209428,10.976466535811447,44.51176673209428,14.818229823345455
P1_rep6_a1,P1,1.0,170,2.0,2.35,44.51176673209428,10.976466535811447,44.51176673209428,14.818229823345455
P1_rep6_a1,P1,1.0,171,2.0,2.35,44.51176673209428,10.976466535811447,44.51176673209428,14.818229823345455
P1_rep6_a1,P1,1.0,172,2.0,2.35,44.51176673209428,10.976466535811447,44.51176673209428,14.818229823345455
P1_rep6_a1,P1,1.0,173,2.0,2.35,44.51176673209428,10.976466535811447,44.51176673209428,14.818229823345455
P1_rep6_a1,P1,1.0,174,2.0,2.35,44.51176673209428,10.976466535811447,44.51176673209428,14.818229823345455
P1_rep6_a1,P1,1.0,175,2.0,2.35,44.51176673209428,10.976466535811447,44.51176673209428,14.818229823345455
P1_rep6_a1,P1,1.0,176,2.0,2.35,44.51176673209428,10.976466535811447,44.51176673209428,14.818229823345455
P1_rep6_a1,P1,1.0,177,2.0,2.35,44.51176673209428,10.976466535811447,44.51176673209428,14.818229823345455
P1_rep6_a1,P1,1.0,178,2.0,2.35,44.51176673209428,10.976466535811447,44.51176673209428,14.818229823345455
P1_rep6_a1,P1,1.0,179,2.0,2.35,44.51176673209428,10.976466535811447,44.51176673209428,14.818229823345455
P1_rep6_a1,P1,1.0,180,2.1,2.35,34.96865240105496,12.864248303818513,38.46551764116046,17.366735210154996
P1_rep6_a1,P1,1.0,181,2.1,2.35,34.96865240105496,12.864248303818513,38.46551764116046,17.366735210154996
P1_rep6_a1,P1,1.0,182,2.0,2.35,44.51176673209428,10.976466535811447,44.51176673209428,14.818229823345455
P1_rep6_a1,P1,1.0,183,2.0,2.35,44.51176673209428,10.976466535811447,44.51176673209428,14.818229823345455
P1_rep6_a1,P1,1.0,184,2.25,2.35,22.786300252290324,15.274113834097141,28.482875315362904,20.62005367603114
P1_rep6_a1,P1,1.0,185,2.25,2.35,22.786300252290324,15.274113834097141,28.482875315362904,20.62005367603114
P1_rep6_a1,P1,1.0,186,2.1,2.35,34.96865240105496,12.864248303818513,38.46551764116046,17.366735210154996
P1_rep6_a1,P1,1.0,187,2.1,2.35,34.96865240105496,12.864248303818513,38.46551764116046,17.366735210154996
P1_rep6_a1,P1,1.0,188,2.2,2.35,26.494610211633905,14.540550377920308,31.79353225396069,19.629743010192417
P1_rep6_a1,P1,1.0,189,2.2,2.35,26.494610211633905,14.540550377920308,31.79353225396069,19.629743010192417
P1_rep6_a1,P1,1.0,190,2.2,2.35,26.494610211633905,14.540550377920308,31.79353225396069,19.629743010192417
P1_rep6_a1,P1,1.0,191,2.2,2.35,26.494610211633905,14.540550377920308,31.79353225396069,19.629743010192417
P1_rep6_a1,P1,1.0,192,2.2,2.25,24.726330937581444,20.244207549381475,29.671597125097737,25.305259436726843
P1_rep6_a1,P1,1.0,193,2.2,2.35,26.494610211633905,14.540550377920308,31.79353225396069,19.629743010192417
P1_rep6_a1,P1,1.0,194,2.25,2.25,21.194155761708547,21.194155761708547,26.492694702135683,26.492694702135683
P1_rep6_a1,P1,1.0,195,2.2,2.25,24.726330937581444,20.244207549381475,29.671597125097737,25.305259436726843
P1_rep6_a1,P1,1.0,196,2.3,2.25,18.04559141867349,22.04093513139928,23.45926884427553,27.5511689142491
P1_rep6_a1,P1,1.0,197,2.3,2.25,18.04559141867349,22.04093513139928,23.45926884427553,27.5511689142491
P1_rep6_a1,P1,1.0,198,2.3,2.25,18.04559141867349,22.04093513139928,23.45926884427553,27.5511689142491
P1_rep6_a1,P1,1.0,199,2.2,2.25,24.726330937581444,20.244207549381475,29.671597125097737,25.305259436726843
P1_rep6_a1,P1,1.0,200,2.3,2.25,18.04559141867349,22.04093513139928,23.45926884427553,27.5511689142491
P1_rep6_a1,P1,1.0,201,2.2,2.2,23.665609135556668,23.665609135556668,28.398730962668004,28.398730962668004
P1_rep6_a1,P1,1.0,202,2.2,2.2,23.665609135556668,23.665609135556668,28.398730962668004,28.398730962668004
P1_rep6_a1,P1,1.0,203,2.2,2.2,23.665609135556668,23.665609135556668,28.398730962668004,28.398730962668004
P1_rep6_a1,P1,1.0,204,2.2,2.1,21.198272070752765,31.624105822468138,25.437926484903322,34.78651640471495
P1_rep6_a1,P1,1.0,205,2.2,2.1,21.198272070752765,31.624105822468138,25.437926484903322,34.78651640471495
P1_rep6_a1,P1,1.0,206,2.2,2.1,21.198272070752765,31.624105822468138,25.437926484903322,34.78651640471495
P1_rep6_a1,P1,1.0,207,2.1,2.1,28.63832198321698,28.63832198321698,31.50215418153868,31.50215418153868
P1_rep6_a1,P1,1.0,208,2.0,2.1,37.448694641850196,25.102610716299612,37.448694641850196,27.612871787929574
P1_rep6_a1,P1,1.0,209,2.15,2.1,24.730917976320395,30.206411428110634,28.44055567276845,33.2270525709217
P1_rep6_a1,P1,1.0,210,2.1,2.1,28.63832198321698,28.63832198321698,31.50215418153868,31.50215418153868
P1_rep6_a1,P1,1.0,211,2.0,2.1,37.448694641850196,25.102610716299612,37.448694641850196,27.612871787929574
P1_rep6_a1,P1,1.0,212,2.15,2.1,24.730917976320395,30.206411428110634,28.44055567276845,33.2270525709217
P1_rep6_a1,P1,1.0,213,2.0,2.1,37.448694641850196,25.102610716299612,37.448694641850196,27.612871787929574
P1_rep6_a1,P1,1.0,214,2.0,2.35,44.51176673209428,10.976466535811447,44.51176673209428,14.818229823345455
P1_rep6_a1,P1,1.0,215,2.0,2.35,44.51176673209428,10.976466535811447,44.51176673209428,14.818229823345455
P1_rep6_a1,P1,1.0,216,2.0,2.2,40.82750886671593,18.344982266568138,40.82750886671593,22.01397871988177
P1_rep6_a1,P1,1.0,217,2.1,2.1,28.63832198321698,28.63832198321698,31.50215418153868,31.50215418153868
P1_rep6_a1,P1,1.0,218,2.15,2.1,24.730917976320395,30.206411428110634,28.44055567276845,33.2270525709217
P1_rep6_a1,P1,1.0,219,2.15,2.2,27.4661170508224,22.487354697147797,31.586034608445757,26.984825636577362
P1_rep6_a1,P1,1.0,220,2.0,2.2,40.82750886671593,18.344982266568138,40.82750886671593,22.01397871988177
P1_rep6_a1,P1,1.0,221,2.0,2.1,37.448694641850196,25.102610716299612,37.448694641850196,27.612871787929574
P1_rep6_a1,P1,1.0,222,2.0,2.1,37.448694641850196,25.102610716299612,37.448694641850196,27.612871787929574
P1_rep6_a1,P1,1.0,223,2.0,2.1,37.448694641850196,25.102610716299612,37.448694641850196,27.612871787929574
P1_rep6_a1,P1,1.0,224,2.0,2.25,42.23187982515182,15.536240349696362,42.23187982515182,19.420300437120453
P1_rep6_a1,P1,1.0,225,2.05,2.2,36.09828907373153,19.81116108674969,37.9032035274181,23.77339330409963
P1_rep6_a1,P1,1.0,226,2.0,2.1,37.448694641850196,25.102610716299612,37.448694641850196,27.612871787929574
P1_rep6_a1,P1,1.0,227,2.0,2.1,37.448694641850196,25.102610716299612,37.448694641850196,27.612871787929574
P1_rep6_a1,P1,1.0,228,2.0,2.25,42.23187982515182,15.536240349696362,42.23187982515182,19.420300437120453
P1_rep6_a1,P1,1.0,229,2.0,2.1,37.448694641850196,25.102610716299612,37.448694641850196,27.612871787929574
P1_rep6_a1,P1,1.0,230,2.05,2.1,32.89329222889069,26.93074991777377,34.53795684033521,29.62382490955115
P1_rep6_a1,P1,1.0,231,2.05,2.1,32.89329222889069,26.93074991777377,34.53795684033521,29.62382490955115
P1_rep6_a1,P1,1.0,232,2.05,2.1,32.89329222889069,26.93074991777377,34.53795684033521,29.62382490955115
P1_rep6_a1,P1,1.0,233,2.0,2.1,37.448694641850196,25.102610716299612,37.448694641850196,27.612871787929574
P1_rep6_a1,P1,1.0,234,2.05,2.1,32.89329222889069,26.93074991777377,34.53795684033521,29.62382490955115
P1_rep6_a1,P1,1.0,235,2.05,2.1,32.89329222889069,26.93074991777377,34.53795684033521,29.62382490955115
P1_rep6_a1,P1,1.0,236,2.05,2.1,32.89329222889069,26.93074991777377,34.53795684033521,29.62382490955115
P1_rep6_a1,P1,1.0,237,2.05,2.2,36.09828907373153,19.81116108674969,37.9032035274181,23.77339330409963
P1_rep6_a1,P1,1.0,238,2.05,2.1,32.89329222889069,26.93074991777377,34.53795684033521,29.62382490955115
P1_rep6_a1,P1,1.0,239,2.05,2.2,36.09828907373153,19.81116108674969,37.9032035274181,23.77339330409963
P1_rep6_a1,P1,1.0,240,2.05,2.2,36.09828907373153,19.81116108674969,37.9032035274181,23.77339330409963
P1_rep6_a1,P1,1.0,241,2.05,2.1,32.89329222889069,26.93074991777377,34.53795684033521,29.62382490955115
P1_rep6_a1,P1,1.0,242,2.05,2.1,32.89329222889069,26.93074991777377,34.53795684033521,29.62382490955115
P1_rep6_a1,P1,1.0,243,2.05,2.15,34.58146121575098,23.180646674121864,36.31053427653852,26.65774367524014
P1_rep6_a1,P1,1.0,244,2.05,2.25,37.4429221646897,16.824189429781768,39.31506827292418,21.03023678722721
P1_rep6_a1,P1,1.0,245,2.05,2.1,32.89329222889069,26.93074991777377,34.53795684033521,29.62382490955115
P1_rep6_a1,P1,1.0,246,2.05,2.1,32.89329222889069,26.93074991777377,34.53795684033521,29.62382490955115
P1_rep6_a1,P1,1.0,247,2.05,2.1,32.89329222889069,26.93074991777377,34.53795684033521,29.62382490955115
P1_rep6_a1,P1,1.0,248,2.05,2.1,32.89329222889069,26.93074991777377,34.53795684033521,29.62382490955115
P1_rep6_a1,P1,1.0,249,2.05,2.15,34.58146121575098,23.180646674121864,36.31053427653852,26.65774367524014
P1_rep6_a1,P1,1.0,250,2.05,2.1,32.89329222889069,26.93074991777377,34.53795684033521,29.62382490955115
P1_rep6_a1,P1,1.0,251,2.05,2.2,36.09828907373153,19.81116108674969,37.9032035274181,23.77339330409963
P1_rep6_a1,P1,1.0,252,2.05,2.15,34.58146121575098,23.180646674121864,36.31053427653852,26.65774367524014
P1_rep6_a1,P1,1.0,253,2.0,2.15,39.23397028791302,21.532059424173973,39.23397028791302,24.761868337800067
P1_rep6_a1,P1,1.0,254,2.0,2.1,37.448694641850196,25.102610716299612,37.448694641850196,27.612871787929574
P1_rep6_a1,P1,1.0,255,2.0,2.1,37.448694641850196,25.102610716299612,37.448694641850196,27.612871787929574
P1_rep6_a1,P1,1.0,256,2.0,2.2,40.82750886671593,18.344982266568138,40.82750886671593,22.01397871988177
P1_rep6_a1,P1,1.0,257,2.05,2.1,32.89329222889069,26.93074991777377,34.53795684033521,29.62382490955115
P1_rep6_a1,P1,1.0,258,2.0,2.1,37.448694641850196,25.102610716299612,37.448694641850196,27.612871787929574
P1_rep6_a1,P1,1.0,259,2.0,2.1,37.448694641850196,25.102610716299612,37.448694641850196,27.612871787929574
P1_rep6_a1,P1,1.0,260,2.0,2.1,37.448694641850196,25.102610716299612,37.448694641850196,27.612871787929574
P1_rep6_a1,P1,1.0,261,2.0,2.15,39.23397028791302,21.532059424173973,39.23397028791302,24.761868337800067
P1_rep6_a1,P1,1.0,262,2.0,2.1,37.448694641850196,25.102610716299612,37.448694641850196,27.612871787929574
P1_rep6_a1,P1,1.0,263,2.05,2.1,32.89329222889069,26.93074991777377,34.53795684033521,29.62382490955115
P1_rep6_a1,P1,1.0,264,2.05,2.1,32.89329222889069,26.93074991777377,34.53795684033521,29.62382490955115
P1_rep6_a1,P1,1.0,265,2.05,2.1,32.89329222889069,26.93074991777377,34.53795684033521,29.62382490955115
P1_rep6_a1,P1,1.0,266,2.0,2.1,37.448694641850196,25.102610716299612,37.448694641850196,27.612871787929574
P1_rep6_a1,P1,1.0,267,2.0,2.1,37.448694641850196,25.102610716299612,37.448694641850196,27.612871787929574
P1_rep6_a1,P1,1.0,268,2.0,2.1,37.448694641850196,25.102610716299612,37.448694641850196,27.612871787929574
P1_rep6_a1,P1,1.0,269,2.0,2.1,37.448694641850196,25.102610716299612,37.448694641850196,27.612871787929574
P1_rep6_a1,P1,1.0,270,2.05,2.1,32.89329222889069,26.93074991777377,34.53795684033521,29.62382490955115
P1_rep6_a1,P1,1.0,271,2.05,2.25,37.4429221646897,16.824189429781768,39.31506827292418,21.03023678722721
P1_rep6_a1,P1,1.0,272,2.05,2.15,34.58146121575098,23.180646674121864,36.31053427653852,26.65774367524014
P1_rep6_a1,P1,1.0,273,2.0,2.2,40.82750886671593,18.344982266568138,40.82750886671593,22.01397871988177
P1_rep6_a1,P1,1.0,274,2.0,2.15,39.23397028791302,21.532059424173973,39.23397028791302,24.761868337800067
P1_rep6_a1,P1,1.0,275,2.0,2.15,39.23397028791302,21.532059424173973,39.23397028791302,24.761868337800067
P1_rep6_a1,P1,1.0,276,2.0,2.1,37.448694641850196,25.102610716299612,37.448694641850196,27.612871787929574
P1_rep6_a1,P1,1.0,277,2.0,2.1,37.448694641850196,25.102610716299612,37.448694641850196,27.612871787929574
P1_rep6_a1,P1,1.0,278,2.0,2.1,37.448694641850196,25.102610716299612,37.448694641850196,27.612871787929574
P1_rep6_a1,P1,1.0,279,2.0,2.1,37.448694641850196,25.102610716299612,37.448694641850196,27.612871787929574
P1_rep6_a1,P1,1.0,280,2.0,2.1,37.448694641850196,25.102610716299612,37.448694641850196,27.612871787929574
P1_rep6_a1,P1,1.0,281,2.0,2.1,37.448694641850196,25.102610716299612,37.448694641850196,27.612871787929574
P1_rep6_a1,P1,1.0,282,2.0,2.1,37.448694641850196,25.102610716299612,37.448694641850196,27.612871787929574
P1_rep6_a1,P1,1.0,283,2.0,2.1,37.448694641850196,25.102610716299612,37.448694641850196,27.612871787929574
P1_rep6_a1,P1,1.0,284,2.0,2.1,37.448694641850196,25.102610716299612,37.448694641850196,27.612871787929574
P1_rep6_a1,P1,1.0,285,2.0,2.05,35.476960646490454,29.04607870701908,35.476960646490454,30.49838264237003
P1_rep6_a1,P1,1.0,286,2.0,2.05,35.476960646490454,29.04607870701908,35.476960646490454,30.49838264237003
P1_rep6_a1,P1,1.0,287,2.0,2.05,35.476960646490454,29.04607870701908,35.476960646490454,30.49838264237003
P1_rep6_a1,P1,1.0,288,2.0,2.1,37.448694641850196,25.102610716299612,37.448694641850196,27.612871787929574
P1_rep6_a1,P1,1.0,289,2.0,2.05,35.476960646490454,29.04607870701908,35.476960646490454,30.49838264237003
P1_rep6_a1,P1,1.0,290,2.0,2.05,35.476960646490454,29.04607870701908,35.476960646490454,30.49838264237003
P1_rep6_a1,P1,1.0,291,2.0,2.05,35.476960646490454,29.04607870701908,35.476960646490454,30.49838264237003
P1_rep6_a1,P1,1.0,292,2.0,2.05,35.476960646490454,29.04607870701908,35.476960646490454,30.49838264237003
P1_rep6_a1,P1,1.0,293,2.0,2.05,35.476960646490454,29.04607870701908,35.476960646490454,30.49838264237003
P1_rep6_a1,P1,1.0,294,2.0,2.05,35.476960646490454,29.04607870701908,35.476960646490454,30.49838264237003
P1_rep6_a1,P1,1.0,295,2.0,2.05,35.476960646490454,29.04607870701908,35.476960646490454,30.49838264237003
P1_rep6_a1,P1,1.0,296,2.0,2.05,35.476960646490454,29.04607870701908,35.476960646490454,30.49838264237003
P1_rep6_a1,P1,1.0,297,2.0,2.05,35.476960646490454,29.04607870701908,35.476960646490454,30.49838264237003
P1_rep6_a1,P1,1.0,298,2.0,2.1,37.448694641850196,25.102610716299612,37.448694641850196,27.612871787929574
P1_rep6_a1,P1,1.0,299,2.0,2.1,37.448694641850196,25.102610716299612,37.448694641850196,27.612871787929574
P1_rep6_a1,P1,1.0,300,2.0,2.1,37.448694641850196,25.102610716299612,37.448694641850196,27.612871787929574
P1_rep7_a1,P1,1.0,1,1.0,2.5,97.96292071670796,0.24282580295913372,0.0,0.3642387044387006
P1_rep7_a1,P1,1.0,2,1.5,2.0,78.69860421615984,10.650697891920075,39.34930210807992,10.650697891920075
P1_rep7_a1,P1,1.0,3,2.0,2.0,33.333333333333336,33.333333333333336,33.333333333333336,33.333333333333336
P1_rep7_a1,P1,1.0,4,2.0,1.75,21.194155761708547,57.61168847658291,21.194155761708547,43.208766357437185
P1_rep7_a1,P1,1.0,5,2.5,1.5,1.5876239976466762,86.68133321973347,2.3814359964700142,43.34066660986674
P1_rep7_a1,P1,1.0,6,2.25,1.25,1.714782554552039,93.62395518765058,2.143478193190049,23.405988796912645
P1_rep7_a1,P1,1.0,7,2.0,1.7,18.796579370771095,62.40684125845782,18.796579370771095,43.68478888092047
P1_rep7_a1,P1,1.0,8,1.5,1.7,63.10485023372357,28.354836986291428,31.552425116861784,19.848385890404
P1_rep7_a1,P1,1.0,9,1.5,1.7,63.10485023372357,28.354836986291428,31.552425116861784,19.848385890404
P1_rep7_a1,P1,1.0,10,1.5,1.65,59.377242479382254,32.58692159186151,29.688621239691127,21.18149903470998
P1_rep7_a1,P1,1.0,11,1.5,1.7,63.10485023372357,28.354836986291428,31.552425116861784,19.848385890404
P1_rep7_a1,P1,1.0,12,1.5,1.65,59.377242479382254,32.58692159186151,29.688621239691127,21.18149903470998
P1_rep7_a1,P1,1.0,13,1.5,1.5,46.83105308334812,46.83105308334812,23.41552654167406,23.41552654167406
P1_rep7_a1,P1,1.0,14,1.5,1.5,46.83105308334812,46.83105308334812,23.41552654167406,23.41552654167406
P1_rep7_a1,P1,1.0,15,1.5,1.5,46.83105308334812,46.83105308334812,23.41552654167406,23.41552654167406
P1_rep7_a1,P1,1.0,16,1.5,1.5,46.83105308334812,46.83105308334812,23.41552654167406,23.41552654167406
P1_rep7_a1,P1,1.0,17,1.5,1.25,25.949646034241916,70.53845126982412,12.974823017120958,17.63461281745603
P1_rep7_a1,P1,1.0,18,1.5,1.65,59.377242479382254,32.58692159186151,29.688621239691127,21.18149903470998
P1_rep7_a1,P1,1.0,19,1.5,1.65,59.377242479382254,32.58692159186151,29.688621239691127,21.18149903470998
P1_rep7_a1,P1,1.0,20,1.5,1.5,46.83105308334812,46.83105308334812,23.41552654167406,23.41552654167406
P1_rep7_a1,P1,1.0,21,1.5,1.5,46.83105308334812,46.83105308334812,23.41552654167406,23.41552654167406
P1_rep7_a1,P1,1.0,22,1.5,1.5,46.83105308334812,46.83105308334812,23.41552654167406,23.41552654167406
P1_rep7_a1,P1,1.0,23,1.5,1.5,46.83105308334812,46.83105308334812,23.41552654167406,23.41552654167406
P1_rep7_a1,P1,1.0,24,1.5,1.5,46.83105308334812,46.83105308334812,23.41552654167406,23.41552654167406
P1_rep7_a1,P1,1.0,25,1.5,1.5,46.83105308334812,46.83105308334812,23.41552654167406,23.41552654167406
P1_rep7_a1,P1,1.0,26,1.5,1.5,46.83105308334812,46.83105308334812,23.41552654167406,23.41552654167406
P1_rep7_a1,P1,1.0,27,1.5,1.5,46.83105308334812,46.83105308334812,23.41552654167406,23.41552654167406
P1_rep7_a1,P1,1.0,28,1.5,1.5,46.83105308334812,46.83105308334812,23.41552654167406,23.41552654167406
P1_rep7_a1,P1,1.0,29,1.5,1.5,46.83105308334812,46.83105308334812,23.41552654167406,23.41552654167406
P1_rep7_a1,P1,1.0,30,1.5,1.5,46.83105308334812,46.83105308334812,23.41552654167406,23.41552654167406
P1_rep7_a1,P1,1.0,31,1.5,1.5,46.83105308334812,46.83105308334812,23.41552654167406,23.41552654167406
P1_rep7_a1,P1,1.0,32,1.5,1.5,46.83105308334812,46.83105308334812,23.41552654167406,23.41552654167406
P1_rep7_a1,P1,1.0,33,1.5,1.7,63.10485023372357,28.354836986291428,31.552425116861784,19.848385890404
P1_rep7_a1,P1,1.0,34,1.5,1.5,46.83105308334812,46.83105308334812,23.41552654167406,23.41552654167406
P1_rep7_a1,P1,1.0,35,1.5,1.5,46.83105308334812,46.83105308334812,23.41552654167406,23.41552654167406
P1_rep7_a1,P1,1.0,36,1.45,1.7,67.62776543899933,24.878864557372456,30.432494447549697,17.41520519016072
P1_rep7_a1,P1,1.0,37,1.45,1.65,64.09713546636524,28.800699481983127,28.843710959864357,18.72045466328903
P1_rep7_a1,P1,1.0,38,1.45,1.65,64.09713546636524,28.800699481983127,28.843710959864357,18.72045466328903
P1_rep7_a1,P1,1.0,39,1.45,1.5,51.825987305584185,42.431529615710865,23.32169428751288,21.215764807855432
P1_rep7_a1,P1,1.0,40,1.45,1.75,70.82166164414096,21.331074565219662,31.869747739863428,15.998305923914746
P1_rep7_a1,P1,1.0,41,1.45,1.5,51.825987305584185,42.431529615710865,23.32169428751288,21.215764807855432
P1_rep7_a1,P1,1.0,42,1.45,1.5,51.825987305584185,42.431529615710865,23.32169428751288,21.215764807855432
P1_rep7_a1,P1,1.0,43,1.4,1.65,68.55901455724405,25.221451962583725,27.423605822897617,16.393943775679418
P1_rep7_a1,P1,1.0,44,1.45,1.7,67.62776543899933,24.878864557372456,30.432494447549697,17.41520519016072
P1_rep7_a1,P1,1.0,45,1.45,1.65,64.09713546636524,28.800699481983127,28.843710959864357,18.72045466328903
P1_rep7_a1,P1,1.0,46,1.45,1.65,64.09713546636524,28.800699481983127,28.843710959864357,18.72045466328903
P1_rep7_a1,P1,1.0,47,1.45,1.5,51.825987305584185,42.431529615710865,23.32169428751288,21.215764807855432
P1_rep7_a1,P1,1.0,48,1.45,1.5,51.825987305584185,42.431529615710865,23.32169428751288,21.215764807855432
P1_rep7_a1,P1,1.0,49,1.45,1.5,51.825987305584185,42.431529615710865,23.32169428751288,21.215764807855432
P1_rep7_a1,P1,1.0,50,1.45,1.5,51.825987305584185,42.431529615710865,23.32169428751288,21.215764807855432
P1_rep7_a1,P1,1.0,51,1.45,1.5,51.825987305584185,42.431529615710865,23.32169428751288,21.215764807855432
P1_rep7_a1,P1,1.0,52,1.45,1.45,47.37533180383574,47.37533180383574,21.31889931172608,21.31889931172608
P1_rep7_a1,P1,1.0,53,1.45,1.5,51.825987305584185,42.431529615710865,23.32169428751288,21.215764807855432
P1_rep7_a1,P1,1.0,54,1.45,1.5,51.825987305584185,42.431529615710865,23.32169428751288,21.215764807855432
P1_rep7_a1,P1,1.0,55,1.42,1.45,50.372910091205256,44.67676341680587,21.156622238306205,20.104543537562638
P1_rep7_a1,P1,1.0,56,1.42,1.45,50.372910091205256,44.67676341680587,21.156622238306205,20.104543537562638
P1_rep7_a1,P1,1.0,57,1.42,1.55,59.07392872920522,35.12066447883928,24.811050066266187,19.316365463361606
P1_rep7_a1,P1,1.0,58,1.45,1.55,56.144347428116525,37.634681552655984,25.264956342652432,20.69907485396079
P1_rep7_a1,P1,1.0,59,1.42,1.5,54.81186143877726,39.80158040398466,23.020981804286443,19.90079020199233
P1_rep7_a1,P1,1.0,60,1.45,1.45,47.37533180383574,47.37533180383574,21.31889931172608,21.31889931172608
P1_rep7_a1,P1,1.0,61,1.45,1.45,47.37533180383574,47.37533180383574,21.31889931172608,21.31889931172608
P1_rep7_a1,P1,1.0,62,1.45,1.45,47.37533180383574,47.37533180383574,21.31889931172608,21.31889931172608
P1_rep7_a1,P1,1.0,63,1.45,1.5,51.825987305584185,42.431529615710865,23.32169428751288,21.215764807855432
P1_rep7_a1,P1,1.0,64,1.45,1.4,42.87786052318553,52.37113710702588,19.295037235433487,20.948454842810346
P1_rep7_a1,P1,1.0,65,1.45,1.4,42.87786052318553,52.37113710702588,19.295037235433487,20.948454842810346
P1_rep7_a1,P1,1.0,66,1.45,1.4,42.87786052318553,52.37113710702588,19.295037235433487,20.948454842810346
P1_rep7_a1,P1,1.0,67,1.45,1.4,42.87786052318553,52.37113710702588,19.295037235433487,20.948454842810346
P1_rep7_a1,P1,1.0,68,1.45,1.4,42.87786052318553,52.37113710702588,19.295037235433487,20.948454842810346
P1_rep7_a1,P1,1.0,69,1.45,1.35,38.4227041024422,57.3199389301858,17.290216846098986,20.061978625565036
P1_rep7_a1,P1,1.0,70,1.45,1.4,42.87786052318553,52.37113710702588,19.295037235433487,20.948454842810346
P1_rep7_a1,P1,1.0,71,1.4,1.4,47.83045931311103,47.83045931311103,19.132183725244406,19.132183725244406
P1_rep7_a1,P1,1.0,72,1.4,1.4,47.83045931311103,47.83045931311103,19.132183725244406,19.132183725244406
P1_rep7_a1,P1,1.0,73,1.45,1.4,42.87786052318553,52.37113710702588,19.295037235433487,20.948454842810346
P1_rep7_a1,P1,1.0,74,1.45,1.4,42.87786052318553,52.37113710702588,19.295037235433487,20.948454842810346
P1_rep7_a1,P1,1.0,75,1.45,1.4,42.87786052318553,52.37113710702588,19.295037235433487,20.948454842810346
P1_rep7_a1,P1,1.0,76,1.45,1.35,38.4227041024422,57.3199389301858,17.290216846098986,20.061978625565036
P1_rep7_a1,P1,1.0,77,1.45,1.5,51.825987305584185,42.431529615710865,23.32169428751288,21.215764807855432
P1_rep7_a1,P1,1.0,78,1.4,1.5,56.784691777421465,38.06391720636073,22.71387671096858,19.031958603180364
P1_rep7_a1,P1,1.0,79,1.45,1.55,56.144347428116525,37.634681552655984,25.264956342652432,20.69907485396079
P1_rep7_a1,P1,1.0,80,1.4,1.5,56.784691777421465,38.06391720636073,22.71387671096858,19.031958603180364
P1_rep7_a1,P1,1.0,81,1.45,1.5,51.825987305584185,42.431529615710865,23.32169428751288,21.215764807855432
P1_rep7_a1,P1,1.0,82,1.4,1.5,56.784691777421465,38.06391720636073,22.71387671096858,19.031958603180364
P1_rep7_a1,P1,1.0,83,1.45,1.5,51.825987305584185,42.431529615710865,23.32169428751288,21.215764807855432
P1_rep7_a1,P1,1.0,84,1.4,1.5,56.784691777421465,38.06391720636073,22.71387671096858,19.031958603180364
P1_rep7_a1,P1,1.0,85,1.41,1.55,60.03736892583307,34.29388930007102,24.615321259591553,18.861639115039065
P1_rep7_a1,P1,1.0,86,1.41,1.55,60.03736892583307,34.29388930007102,24.615321259591553,18.861639115039065
P1_rep7_a1,P1,1.0,87,1.41,1.55,60.03736892583307,34.29388930007102,24.615321259591553,18.861639115039065
P1_rep7_a1,P1,1.0,88,1.41,1.55,60.03736892583307,34.29388930007102,24.615321259591553,18.861639115039065
P1_rep7_a1,P1,1.0,89,1.41,1.55,60.03736892583307,34.29388930007102,24.615321259591553,18.861639115039065
P1_rep7_a1,P1,1.0,90,1.41,1.5,55.80056500911361,38.9307331882461,22.878231653736577,19.46536659412305
P1_rep7_a1,P1,1.0,91,1.41,1.5,55.80056500911361,38.9307331882461,22.878231653736577,19.46536659412305
P1_rep7_a1,P1,1.0,92,1.41,1.5,55.80056500911361,38.9307331882461,22.878231653736577,19.46536659412305
P1_rep7_a1,P1,1.0,93,1.41,1.45,51.372572068105846,43.77681821105547,21.062754547923394,19.699568194974958
P1_rep7_a1,P1,1.0,94,1.41,1.5,55.80056500911361,38.9307331882461,22.878231653736577,19.46536659412305
P1_rep7_a1,P1,1.0,95,1.41,1.4,46.833340337554276,48.74464521474547,19.20166953839725,19.497858085898184
P1_rep7_a1,P1,1.0,96,1.41,1.4,46.833340337554276,48.74464521474547,19.20166953839725,19.497858085898184
P1_rep7_a1,P1,1.0,97,1.41,1.4,46.833340337554276,48.74464521474547,19.20166953839725,19.497858085898184
P1_rep7_a1,P1,1.0,98,1.42,1.4,45.83874385966766,49.65651842164289,19.252272421060415,19.86260736865715
P1_rep7_a1,P1,1.0,99,1.45,1.4,42.87786052318553,52.37113710702588,19.295037235433487,20.948454842810346
P1_rep7_a1,P1,1.0,100,1.45,1.4,42.87786052318553,52.37113710702588,19.295037235433487,20.948454842810346
P1_rep7_a1,P1,1.0,101,1.41,1.4,46.833340337554276,48.74464521474547,19.20166953839725,19.497858085898184
P1_rep7_a1,P1,1.0,102,1.41,1.4,46.833340337554276,48.74464521474547,19.20166953839725,19.497858085898184
P1_rep7_a1,P1,1.0,103,1.41,1.35,42.27133390635305,53.73739731140367,17.331246901604747,18.80808905899129
P1_rep7_a1,P1,1.0,104,1.42,1.5,54.81186143877726,39.80158040398466,23.020981804286443,19.90079020199233
P1_rep7_a1,P1,1.0,105,1.42,1.45,50.372910091205256,44.67676341680587,21.156622238306205,20.104543537562638
P1_rep7_a1,P1,1.0,106,1.42,1.5,54.81186143877726,39.80158040398466,23.020981804286443,19.90079020199233
P1_rep7_a1,P1,1.0,107,1.42,1.5,54.81186143877726,39.80158040398466,23.020981804286443,19.90079020199233
P1_rep7_a1,P1,1.0,108,1.42,1.5,54.81186143877726,39.80158040398466,23.020981804286443,19.90079020199233
P1_rep7_a1,P1,1.0,109,1.45,1.5,51.825987305584185,42.431529615710865,23.32169428751288,21.215764807855432
P1_rep7_a1,P1,1.0,110,1.45,1.5,51.825987305584185,42.431529615710865,23.32169428751288,21.215764807855432
P1_rep7_a1,P1,1.0,111,1.4,1.5,56.784691777421465,38.06391720636073,22.71387671096858,19.031958603180364
P1_rep7_a1,P1,1.0,112,1.4,1.5,56.784691777421465,38.06391720636073,22.71387671096858,19.031958603180364
P1_rep7_a1,P1,1.0,113,1.41,1.5,55.80056500911361,38.9307331882461,22.878231653736577,19.46536659412305
P1_rep7_a1,P1,1.0,114,1.41,1.5,55.80056500911361,38.9307331882461,22.878231653736577,19.46536659412305
P1_rep7_a1,P1,1.0,115,1.42,1.5,54.81186143877726,39.80158040398466,23.020981804286443,19.90079020199233
P1_rep7_a1,P1,1.0,116,1.41,1.5,55.80056500911361,38.9307331882461,22.878231653736577,19.46536659412305
P1_rep7_a1,P1,1.0,117,1.42,1.5,54.81186143877726,39.80158040398466,23.020981804286443,19.90079020199233
P1_rep7_a1,P1,1.0,118,1.43,1.5,53.819345034406005,40.67578595279998,23.14231836479458,20.33789297639999
P1_rep7_a1,P1,1.0,119,1.42,1.5,54.81186143877726,39.80158040398466,23.020981804286443,19.90079020199233
P1_rep7_a1,P1,1.0,120,1.42,1.5,54.81186143877726,39.80158040398466,23.020981804286443,19.90079020199233
P1_rep7_a1,P1,1.0,121,1.42,1.5,54.81186143877726,39.80158040398466,23.020981804286443,19.90079020199233
P1_rep7_a1,P1,1.0,122,1.43,1.45,49.3729498823512,45.57697710572652,21.230368449411014,20.509639697576933
P1_rep7_a1,P1,1.0,123,1.42,1.45,50.372910091205256,44.67676341680587,21.156622238306205,20.104543537562638
P1_rep7_a1,P1,1.0,124,1.43,1.45,49.3729498823512,45.57697710572652,21.230368449411014,20.509639697576933
P1_rep7_a1,P1,1.0,125,1.43,1.45,49.3729498823512,45.57697710572652,21.230368449411014,20.509639697576933
P1_rep7_a1,P1,1.0,126,1.42,1.45,50.372910091205256,44.67676341680587,21.156622238306205,20.104543537562638
P1_rep7_a1,P1,1.0,127,1.43,1.45,49.3729498823512,45.57697710572652,21.230368449411014,20.509639697576933
P1_rep7_a1,P1,1.0,128,1.43,1.45,49.3729498823512,45.57697710572652,21.230368449411014,20.509639697576933
P1_rep7_a1,P1,1.0,129,1.45,1.4,42.87786052318553,52.37113710702588,19.295037235433487,20.948454842810346
P1_rep7_a1,P1,1.0,130,1.45,1.4,42.87786052318553,52.37113710702588,19.295037235433487,20.948454842810346
P1_rep7_a1,P1,1.0,131,1.5,1.5,46.83105308334812,46.83105308334812,23.41552654167406,23.41552654167406
P1_rep7_a1,P1,1.0,132,1.42,1.5,54.81186143877726,39.80158040398466,23.020981804286443,19.90079020199233
P1_rep7_a1,P1,1.0,133,1.43,1.5,53.819345034406005,40.67578595279998,23.14231836479458,20.33789297639999
P1_rep7_a1,P1,1.0,134,1.42,1.5,54.81186143877726,39.80158040398466,23.020981804286443,19.90079020199233
P1_rep7_a1,P1,1.0,135,1.44,1.5,52.82379178535303,41.55266634553722,23.24246838555533,20.77633317276861
P1_rep7_a1,P1,1.0,136,1.44,1.5,52.82379178535303,41.55266634553722,23.24246838555533,20.77633317276861
P1_rep7_a1,P1,1.0,137,1.44,1.45,48.37349110100714,46.47673938477654,21.28433608444314,20.914532723149442
P1_rep7_a1,P1,1.0,138,1.44,1.5,52.82379178535303,41.55266634553722,23.24246838555533,20.77633317276861
P1_rep7_a1,P1,1.0,139,1.44,1.5,52.82379178535303,41.55266634553722,23.24246838555533,20.77633317276861
P1_rep7_a1,P1,1.0,140,1.44,1.5,52.82379178535303,41.55266634553722,23.24246838555533,20.77633317276861
P1_rep7_a1,P1,1.0,141,1.44,1.45,48.37349110100714,46.47673938477654,21.28433608444314,20.914532723149442
P1_rep7_a1,P1,1.0,142,1.44,1.5,52.82379178535303,41.55266634553722,23.24246838555533,20.77633317276861
P1_rep7_a1,P1,1.0,143,1.44,1.45,48.37349110100714,46.47673938477654,21.28433608444314,20.914532723149442
P1_rep7_a1,P1,1.0,144,1.42,1.5,54.81186143877726,39.80158040398466,23.020981804286443,19.90079020199233
P1_rep7_a1,P1,1.0,145,1.41,1.5,55.80056500911361,38.9307331882461,22.878231653736577,19.46536659412305
P1_rep7_a1,P1,1.0,146,1.41,1.5,55.80056500911361,38.9307331882461,22.878231653736577,19.46536659412305
P1_rep7_a1,P1,1.0,147,1.41,1.5,55.80056500911361,38.9307331882461,22.878231653736577,19.46536659412305
P1_rep7_a1,P1,1.0,148,1.42,1.5,54.81186143877726,39.80158040398466,23.020981804286443,19.90079020199233
P1_rep7_a1,P1,1.0,149,1.41,1.5,55.80056500911361,38.9307331882461,22.878231653736577,19.46536659412305
P1_rep7_a1,P1,1.0,150,1.41,1.5,55.80056500911361,38.9307331882461,22.878231653736577,19.46536659412305
P1_rep7_a1,P1,1.0,151,1.41,1.45,51.372572068105846,43.77681821105547,21.062754547923394,19.699568194974958
P1_rep7_a1,P1,1.0,152,1.41,1.45,51.372572068105846,43.77681821105547,21.062754547923394,19.699568194974958
P1_rep7_a1,P1,1.0,153,1.41,1.45,51.372572068105846,43.77681821105547,21.062754547923394,19.699568194974958
P1_rep7_a1,P1,1.0,154,1.41,1.45,51.372572068105846,43.77681821105547,21.062754547923394,19.699568194974958
P1_rep7_a1,P1,1.0,155,1.41,1.45,51.372572068105846,43.77681821105547,21.062754547923394,19.699568194974958
P1_rep7_a1,P1,1.0,156,1.44,1.5,52.82379178535303,41.55266634553722,23.24246838555533,20.77633317276861
P1_rep7_a1,P1,1.0,157,1.44,1.45,48.37349110100714,46.47673938477654,21.28433608444314,20.914532723149442
P1_rep7_a1,P1,1.0,158,1.44,1.45,48.37349110100714,46.47673938477654,21.28433608444314,20.914532723149442
P1_rep7_a1,P1,1.0,159,1.44,1.45,48.37349110100714,46.47673938477654,21.28433608444314,20.914532723149442
P1_rep7_a1,P1,1.0,160,1.43,1.45,49.3729498823512,45.57697710572652,21.230368449411014,20.509639697576933
P1_rep7_a1,P1,1.0,161,1.41,1.47,53.161852074179144,41.81859398744805,21.796359350413447,19.65473917410058
P1_rep7_a1,P1,1.0,162,1.41,1.47,53.161852074179144,41.81859398744805,21.796359350413447,19.65473917410058
P1_rep7_a1,P1,1.0,163,1.41,1.45,51.372572068105846,43.77681821105547,21.062754547923394,19.699568194974958
P1_rep7_a1,P1,1.0,164,1.41,1.4,46.833340337554276,48.74464521474547,19.20166953839725,19.497858085898184
P1_rep7_a1,P1,1.0,165,1.41,1.47,53.161852074179144,41.81859398744805,21.796359350413447,19.65473917410058
P1_rep7_a1,P1,1.0,166,1.42,1.45,50.372910091205256,44.67676341680587,21.156622238306205,20.104543537562638
P1_rep7_a1,P1,1.0,167,1.44,1.45,48.37349110100714,46.47673938477654,21.28433608444314,20.914532723149442
P1_rep7_a1,P1,1.0,168,1.44,1.45,48.37349110100714,46.47673938477654,21.28433608444314,20.914532723149442
P1_rep7_a1,P1,1.0,169,1.41,1.45,51.372572068105846,43.77681821105547,21.062754547923394,19.699568194974958
P1_rep7_a1,P1,1.0,170,1.41,1.45,51.372572068105846,43.77681821105547,21.062754547923394,19.699568194974958
P1_rep7_a1,P1,1.0,171,1.41,1.45,51.372572068105846,43.77681821105547,21.062754547923394,19.699568194974958
P1_rep7_a1,P1,1.0,172,1.42,1.45,50.372910091205256,44.67676341680587,21.156622238306205,20.104543537562638
P1_rep7_a1,P1,1.0,173,1.42,1.4,45.83874385966766,49.65651842164289,19.252272421060415,19.86260736865715
P1_rep7_a1,P1,1.0,174,1.42,1.4,45.83874385966766,49.65651842164289,19.252272421060415,19.86260736865715
P1_rep7_a1,P1,1.0,175,1.42,1.47,52.164722834553,42.708862810437765,21.909183590512257,20.07316552090575
P1_rep7_a1,P1,1.0,176,1.42,1.45,50.372910091205256,44.67676341680587,21.156622238306205,20.104543537562638
P1_rep7_a1,P1,1.0,177,1.41,1.45,51.372572068105846,43.77681821105547,21.062754547923394,19.699568194974958
P1_rep7_a1,P1,1.0,178,1.42,1.4,45.83874385966766,49.65651842164289,19.252272421060415,19.86260736865715
P1_rep7_a1,P1,1.0,179,1.41,1.4,46.833340337554276,48.74464521474547,19.20166953839725,19.497858085898184
P1_rep7_a1,P1,1.0,180,1.41,1.45,51.372572068105846,43.77681821105547,21.062754547923394,19.699568194974958
P1_rep7_a1,P1,1.0,181,1.41,1.4,46.833340337554276,48.74464521474547,19.20166953839725,19.497858085898184
P1_rep7_a1,P1,1.0,182,1.42,1.4,45.83874385966766,49.65651842164289,19.252272421060415,19.86260736865715
P1_rep7_a1,P1,1.0,183,1.41,1.4,46.833340337554276,48.74464521474547,19.20166953839725,19.497858085898184
P1_rep7_a1,P1,1.0,184,1.41,1.4,46.833340337554276,48.74464521474547,19.20166953839725,19.497858085898184
P1_rep7_a1,P1,1.0,185,1.41,1.4,46.833340337554276,48.74464521474547,19.20166953839725,19.497858085898184
P1_rep7_a1,P1,1.0,186,1.42,1.4,45.83874385966766,49.65651842164289,19.252272421060415,19.86260736865715
P1_rep7_a1,P1,1.0,187,1.42,1.42,47.65822754767092,47.65822754767092,20.016455570021783,20.016455570021783
P1_rep7_a1,P1,1.0,188,1.43,1.4,44.84745245637201,50.56536144591519,19.284404556239963,20.22614457836607
P1_rep7_a1,P1,1.0,189,1.42,1.4,45.83874385966766,49.65651842164289,19.252272421060415,19.86260736865715
P1_rep7_a1,P1,1.0,190,1.42,1.4,45.83874385966766,49.65651842164289,19.252272421060415,19.86260736865715
P1_rep7_a1,P1,1.0,191,1.42,1.45,50.372910091205256,44.67676341680587,21.156622238306205,20.104543537562638
P1_rep7_a1,P1,1.0,192,1.42,1.45,50.372910091205256,44.67676341680587,21.156622238306205,20.104543537562638
P1_rep7_a1,P1,1.0,193,1.42,1.4,45.83874385966766,49.65651842164289,19.252272421060415,19.86260736865715
P1_rep7_a1,P1,1.0,194,1.42,1.4,45.83874385966766,49.65651842164289,19.252272421060415,19.86260736865715
P1_rep7_a1,P1,1.0,195,1.42,1.4,45.83874385966766,49.65651842164289,19.252272421060415,19.86260736865715
P1_rep7_a1,P1,1.0,196,1.42,1.45,50.372910091205256,44.67676341680587,21.156622238306205,20.104543537562638
P1_rep7_a1,P1,1.0,197,1.42,1.45,50.372910091205256,44.67676341680587,21.156622238306205,20.104543537562638
P1_rep7_a1,P1,1.0,198,1.43,1.4,44.84745245637201,50.56536144591519,19.284404556239963,20.22614457836607
P1_rep7_a1,P1,1.0,199,1.43,1.42,46.66148765727351,48.56577909353542,20.06443969262761,20.39762721928487
P1_rep7_a1,P1,1.0,200,1.42,1.42,47.65822754767092,47.65822754767092,20.016455570021783,20.016455570021783
P1_rep7_a1,P1,1.0,201,1.42,1.47,52.164722834553,42.708862810437765,21.909183590512257,20.07316552090575
P1_rep7_a1,P1,1.0,202,1.4,1.45,52.37113710702588,42.87786052318553,20.948454842810346,19.295037235433487
P1_rep7_a1,P1,1.0,203,1.4,1.45,52.37113710702588,42.87786052318553,20.948454842810346,19.295037235433487
P1_rep7_a1,P1,1.0,204,1.42,1.47,52.164722834553,42.708862810437765,21.909183590512257,20.07316552090575
P1_rep7_a1,P1,1.0,205,1.42,1.45,50.372910091205256,44.67676341680587,21.156622238306205,20.104543537562638
P1_rep7_a1,P1,1.0,206,1.43,1.45,49.3729498823512,45.57697710572652,21.230368449411014,20.509639697576933
P1_rep7_a1,P1,1.0,207,1.42,1.45,50.372910091205256,44.67676341680587,21.156622238306205,20.104543537562638
P1_rep7_a1,P1,1.0,208,1.42,1.45,50.372910091205256,44.67676341680587,21.156622238306205,20.104543537562638
P1_rep7_a1,P1,1.0,209,1.42,1.45,50.372910091205256,44.67676341680587,21.156622238306205,20.104543537562638
P1_rep7_a1,P1,1.0,210,1.42,1.45,50.372910091205256,44.67676341680587,21.156622238306205,20.104543537562638
P1_rep7_a1,P1,1.0,211,1.41,1.45,51.372572068105846,43.77681821105547,21.062754547923394,19.699568194974958
P1_rep7_a1,P1,1.0,212,1.42,1.45,50.372910091205256,44.67676341680587,21.156622238306205,20.104543537562638
P1_rep7_a1,P1,1.0,213,1.43,1.45,49.3729498823512,45.57697710572652,21.230368449411014,20.509639697576933
P1_rep7_a1,P1,1.0,214,1.44,1.42,45.66740596542889,49.47091029661138,20.09365862478871,20.777782324576776
P1_rep7_a1,P1,1.0,215,1.45,1.45,47.37533180383574,47.37533180383574,21.31889931172608,21.31889931172608
P1_rep7_a1,P1,1.0,216,1.46,1.42,43.69033008403288,51.27107731083312,20.09755183865512,21.533852470549906
P1_rep7_a1,P1,1.0,217,1.44,1.45,48.37349110100714,46.47673938477654,21.28433608444314,20.914532723149442
P1_rep7_a1,P1,1.0,218,1.42,1.42,47.65822754767092,47.65822754767092,20.016455570021783,20.016455570021783
P1_rep7_a1,P1,1.0,219,1.42,1.42,47.65822754767092,47.65822754767092,20.016455570021783,20.016455570021783
P1_rep7_a1,P1,1.0,220,1.42,1.42,47.65822754767092,47.65822754767092,20.016455570021783,20.016455570021783
P1_rep7_a1,P1,1.0,221,1.42,1.42,47.65822754767092,47.65822754767092,20.016455570021783,20.016455570021783
P1_rep7_a1,P1,1.0,222,1.42,1.4,45.83874385966766,49.65651842164289,19.252272421060415,19.86260736865715
P1_rep7_a1,P1,1.0,223,1.44,1.42,45.66740596542889,49.47091029661138,20.09365862478871,20.777782324576776
P1_rep7_a1,P1,1.0,224,1.44,1.4,43.860238247158506,51.47046638733129,19.298504828749742,20.588186554932513
P1_rep7_a1,P1,1.0,225,1.44,1.4,43.860238247158506,51.47046638733129,19.298504828749742,20.588186554932513
P1_rep7_a1,P1,1.0,226,1.42,1.4,45.83874385966766,49.65651842164289,19.252272421060415,19.86260736865715
P1_rep7_a1,P1,1.0,227,1.42,1.4,45.83874385966766,49.65651842164289,19.252272421060415,19.86260736865715
P1_rep7_a1,P1,1.0,228,1.42,1.42,47.65822754767092,47.65822754767092,20.016455570021783,20.016455570021783
P1_rep7_a1,P1,1.0,229,1.43,1.42,46.66148765727351,48.56577909353542,20.06443969262761,20.39762721928487
P1_rep7_a1,P1,1.0,230,1.45,1.42,44.67676341680587,50.372910091205256,20.104543537562638,21.156622238306205
P1_rep7_a1,P1,1.0,231,1.44,1.42,45.66740596542889,49.47091029661138,20.09365862478871,20.777782324576776
P1_rep7_a1,P1,1.0,232,1.44,1.42,45.66740596542889,49.47091029661138,20.09365862478871,20.777782324576776
P1_rep7_a1,P1,1.0,233,1.44,1.42,45.66740596542889,49.47091029661138,20.09365862478871,20.777782324576776
P1_rep7_a1,P1,1.0,234,1.42,1.42,47.65822754767092,47.65822754767092,20.016455570021783,20.016455570021783
P1_rep7_a1,P1,1.0,235,1.46,1.42,43.69033008403288,51.27107731083312,20.09755183865512,21.533852470549906
P1_rep7_a1,P1,1.0,236,1.42,1.42,47.65822754767092,47.65822754767092,20.016455570021783,20.016455570021783
P1_rep7_a1,P1,1.0,237,1.42,1.45,50.372910091205256,44.67676341680587,21.156622238306205,20.104543537562638
P1_rep7_a1,P1,1.0,238,1.4,1.45,52.37113710702588,42.87786052318553,20.948454842810346,19.295037235433487
P1_rep7_a1,P1,1.0,239,1.4,1.45,52.37113710702588,42.87786052318553,20.948454842810346,19.295037235433487
P1_rep7_a1,P1,1.0,240,1.4,1.45,52.37113710702588,42.87786052318553,20.948454842810346,19.295037235433487
P1_rep7_a1,P1,1.0,241,1.4,1.45,52.37113710702588,42.87786052318553,20.948454842810346,19.295037235433487
P1_rep7_a1,P1,1.0,242,1.41,1.4,46.833340337554276,48.74464521474547,19.20166953839725,19.497858085898184
P1_rep7_a1,P1,1.0,243,1.41,1.4,46.833340337554276,48.74464521474547,19.20166953839725,19.497858085898184
P1_rep7_a1,P1,1.0,244,1.43,1.4,44.84745245637201,50.56536144591519,19.284404556239963,20.22614457836607
P1_rep7_a1,P1,1.0,245,1.43,1.4,44.84745245637201,50.56536144591519,19.284404556239963,20.22614457836607
P1_rep7_a1,P1,1.0,246,1.42,1.42,47.65822754767092,47.65822754767092,20.016455570021783,20.016455570021783
P1_rep7_a1,P1,1.0,247,1.44,1.42,45.66740596542889,49.47091029661138,20.09365862478871,20.777782324576776
P1_rep7_a1,P1,1.0,248,1.41,1.42,48.656836249846805,46.74897441141673,19.949302862437186,19.634569252795025
P1_rep7_a1,P1,1.0,249,1.42,1.42,47.65822754767092,47.65822754767092,20.016455570021783,20.016455570021783
P1_rep7_a1,P1,1.0,250,1.4,1.42,49.65651842164289,45.83874385966766,19.86260736865715,19.252272421060415
P1_rep7_a1,P1,1.0,251,1.42,1.42,47.65822754767092,47.65822754767092,20.016455570021783,20.016455570021783
P1_rep7_a1,P1,1.0,252,1.43,1.42,46.66148765727351,48.56577909353542,20.06443969262761,20.39762721928487
P1_rep7_a1,P1,1.0,253,1.43,1.4,44.84745245637201,50.56536144591519,19.284404556239963,20.22614457836607
P1_rep7_a1,P1,1.0,254,1.41,1.4,46.833340337554276,48.74464521474547,19.20166953839725,19.497858085898184
P1_rep7_a1,P1,1.0,255,1.43,1.4,44.84745245637201,50.56536144591519,19.284404556239963,20.22614457836607
P1_rep7_a1,P1,1.0,256,1.42,1.4,45.83874385966766,49.65651842164289,19.252272421060415,19.86260736865715
P1_rep7_a1,P1,1.0,257,1.4,1.4,47.83045931311103,47.83045931311103,19.132183725244406,19.132183725244406
P1_rep7_a1,P1,1.0,258,1.42,1.4,45.83874385966766,49.65651842164289,19.252272421060415,19.86260736865715
P1_rep7_a1,P1,1.0,259,1.41,1.4,46.833340337554276,48.74464521474547,19.20166953839725,19.497858085898184
P1_rep7_a1,P1,1.0,260,1.41,1.4,46.833340337554276,48.74464521474547,19.20166953839725,19.497858085898184
P1_rep7_a1,P1,1.0,261,1.41,1.42,48.656836249846805,46.74897441141673,19.949302862437186,19.634569252795025
P1_rep7_a1,P1,1.0,262,1.41,1.4,46.833340337554276,48.74464521474547,19.20166953839725,19.497858085898184
P1_rep7_a1,P1,1.0,263,1.41,1.4,46.833340337554276,48.74464521474547,19.20166953839725,19.497858085898184
P1_rep7_a1,P1,1.0,264,1.4,1.4,47.83045931311103,47.83045931311103,19.132183725244406,19.132183725244406
P1_rep7_a1,P1,1.0,265,1.41,1.4,46.833340337554276,48.74464521474547,19.20166953839725,19.497858085898184
P1_rep7_a1,P1,1.0,266,1.41,1.42,48.656836249846805,46.74897441141673,19.949302862437186,19.634569252795025
P1_rep7_a1,P1,1.0,267,1.41,1.42,48.656836249846805,46.74897441141673,19.949302862437186,19.634569252795025
P1_rep7_a1,P1,1.0,268,1.43,1.42,46.66148765727351,48.56577909353542,20.06443969262761,20.39762721928487
P1_rep7_a1,P1,1.0,269,1.43,1.4,44.84745245637201,50.56536144591519,19.284404556239963,20.22614457836607
P1_rep7_a1,P1,1.0,270,1.43,1.42,46.66148765727351,48.56577909353542,20.06443969262761,20.39762721928487
P1_rep7_a1,P1,1.0,271,1.43,1.4,44.84745245637201,50.56536144591519,19.284404556239963,20.22614457836607
P1_rep7_a1,P1,1.0,272,1.43,1.4,44.84745245637201,50.56536144591519,19.284404556239963,20.22614457836607
P1_rep7_a1,P1,1.0,273,1.43,1.42,46.66148765727351,48.56577909353542,20.06443969262761,20.39762721928487
P1_rep7_a1,P1,1.0,274,1.42,1.42,47.65822754767092,47.65822754767092,20.016455570021783,20.016455570021783
P1_rep7_a1,P1,1.0,275,1.44,1.4,43.860238247158506,51.47046638733129,19.298504828749742,20.588186554932513
P1_rep7_a1,P1,1.0,276,1.44,1.4,43.860238247158506,51.47046638733129,19.298504828749742,20.588186554932513
P1_rep7_a1,P1,1.0,277,1.41,1.42,48.656836249846805,46.74897441141673,19.949302862437186,19.634569252795025
P1_rep7_a1,P1,1.0,278,1.42,1.42,47.65822754767092,47.65822754767092,20.016455570021783,20.016455570021783
P1_rep7_a1,P1,1.0,279,1.42,1.42,47.65822754767092,47.65822754767092,20.016455570021783,20.016455570021783
P1_rep7_a1,P1,1.0,280,1.42,1.42,47.65822754767092,47.65822754767092,20.016455570021783,20.016455570021783
P1_rep7_a1,P1,1.0,281,1.42,1.42,47.65822754767092,47.65822754767092,20.016455570021783,20.016455570021783
P1_rep7_a1,P1,1.0,282,1.42,1.42,47.65822754767092,47.65822754767092,20.016455570021783,20.016455570021783
P1_rep7_a1,P1,1.0,283,1.42,1.42,47.65822754767092,47.65822754767092,20.016455570021783,20.016455570021783
P1_rep7_a1,P1,1.0,284,1.42,1.42,47.65822754767092,47.65822754767092,20.016455570021783,20.016455570021783
P1_rep7_a1,P1,1.0,285,1.42,1.42,47.65822754767092,47.65822754767092,20.016455570021783,20.016455570021783
P1_rep7_a1,P1,1.0,286,1.42,1.42,47.65822754767092,47.65822754767092,20.016455570021783,20.016455570021783
P1_rep7_a1,P1,1.0,287,1.42,1.42,47.65822754767092,47.65822754767092,20.016455570021783,20.016455570021783
P1_rep7_a1,P1,1.0,288,1.42,1.42,47.65822754767092,47.65822754767092,20.016455570021783,20.016455570021783
P1_rep7_a1,P1,1.0,289,1.42,1.42,47.65822754767092,47.65822754767092,20.016455570021783,20.016455570021783
P1_rep7_a1,P1,1.0,290,1.43,1.42,46.66148765727351,48.56577909353542,20.06443969262761,20.39762721928487
P1_rep7_a1,P1,1.0,291,1.41,1.42,48.656836249846805,46.74897441141673,19.949302862437186,19.634569252795025
P1_rep7_a1,P1,1.0,292,1.4,1.42,49.65651842164289,45.83874385966766,19.86260736865715,19.252272421060415
P1_rep7_a1,P1,1.0,293,1.4,1.43,50.56536144591519,44.84745245637201,20.22614457836607,19.284404556239963
P1_rep7_a1,P1,1.0,294,1.42,1.43,48.56577909353542,46.66148765727351,20.39762721928487,20.06443969262761
P1_rep7_a1,P1,1.0,295,1.42,1.43,48.56577909353542,46.66148765727351,20.39762721928487,20.06443969262761
P1_rep7_a1,P1,1.0,296,1.42,1.43,48.56577909353542,46.66148765727351,20.39762721928487,20.06443969262761
P1_rep7_a1,P1,1.0,297,1.42,1.43,48.56577909353542,46.66148765727351,20.39762721928487,20.06443969262761
P1_rep7_a1,P1,1.0,298,1.42,1.43,48.56577909353542,46.66148765727351,20.39762721928487,20.06443969262761
P1_rep7_a1,P1,1.0,299,1.42,1.43,48.56577909353542,46.66148765727351,20.39762721928487,20.06443969262761
P1_rep7_a1,P1,1.0,300,1.41,1.42,48.656836249846805,46.74897441141673,19.949302862437186,19.634569252795025
P1_rep8_a1,P1,1.0,1,1.5,2.5,86.68133321973347,1.5876239976466762,43.34066660986674,2.3814359964700142
P1_rep8_a1,P1,1.0,2,1.75,2.75,72.13991842739686,1.3212886953789413,54.104938820547645,2.3122552169131474
P1_rep8_a1,P1,1.0,3,2.0,2.8,49.00129951694268,1.9974009661146368,49.00129951694268,3.595321739006346
P1_rep8_a1,P1,1.0,4,2.0,2.8,49.00129951694268,1.9974009661146368,49.00129951694268,3.595321739006346
P1_rep8_a1,P1,1.0,5,2.0,2.8,49.00129951694268,1.9974009661146368,49.00129951694268,3.595321739006346
P1_rep8_a1,P1,1.0,6,2.0,2.8,49.00129951694268,1.9974009661146368,49.00129951694268,3.595321739006346
P1_rep8_a1,P1,1.0,7,2.25,2.8,26.11589984139071,2.893724185900467,32.64487480173839,5.208703534620841
P1_rep8_a1,P1,1.0,8,2.0,2.8,49.00129951694268,1.9974009661146368,49.00129951694268,3.595321739006346
P1_rep8_a1,P1,1.0,9,2.0,2.9,49.32611348289486,1.347773034210275,49.32611348289486,2.5607687649995223
P1_rep8_a1,P1,1.0,10,2.0,2.8,49.00129951694268,1.9974009661146368,49.00129951694268,3.595321739006346
P1_rep8_a1,P1,1.0,11,2.1,2.8,39.17520890828904,2.3822469070690553,43.09272979911794,4.288044432724299
P1_rep8_a1,P1,1.0,12,2.0,2.8,49.00129951694268,1.9974009661146368,49.00129951694268,3.595321739006346
P1_rep8_a1,P1,1.0,13,2.0,2.8,49.00129951694268,1.9974009661146368,49.00129951694268,3.595321739006346
P1_rep8_a1,P1,1.0,14,2.0,2.8,49.00129951694268,1.9974009661146368,49.00129951694268,3.595321739006346
P1_rep8_a1,P1,1.0,15,2.0,2.8,49.00129951694268,1.9974009661146368,49.00129951694268,3.595321739006346
P1_rep8_a1,P1,1.0,16,2.0,2.8,49.00129951694268,1.9974009661146368,49.00129951694268,3.595321739006346
P1_rep8_a1,P1,1.0,17,2.0,2.8,49.00129951694268,1.9974009661146368,49.00129951694268,3.595321739006346
P1_rep8_a1,P1,1.0,18,2.05,2.8,44.02978510733731,2.1921139213613605,46.23127436270417,3.9458050584504485
P1_rep8_a1,P1,1.0,19,2.05,2.8,44.02978510733731,2.1921139213613605,46.23127436270417,3.9458050584504485
P1_rep8_a1,P1,1.0,20,2.05,2.8,44.02978510733731,2.1921139213613605,46.23127436270417,3.9458050584504485
P1_rep8_a1,P1,1.0,21,2.05,2.8,44.02978510733731,2.1921139213613605,46.23127436270417,3.9458050584504485
P1_rep8_a1,P1,1.0,22,2.05,2.8,44.02978510733731,2.1921139213613605,46.23127436270417,3.9458050584504485
P1_rep8_a1,P1,1.0,23,2.05,2.8,44.02978510733731,2.1921139213613605,46.23127436270417,3.9458050584504485
P1_rep8_a1,P1,1.0,24,2.05,2.8,44.02978510733731,2.1921139213613605,46.23127436270417,3.9458050584504485
P1_rep8_a1,P1,1.0,25,2.0,2.8,49.00129951694268,1.9974009661146368,49.00129951694268,3.595321739006346
P1_rep8_a1,P1,1.0,26,2.0,2.8,49.00129951694268,1.9974009661146368,49.00129951694268,3.595321739006346
P1_rep8_a1,P1,1.0,27,2.0,2.8,49.00129951694268,1.9974009661146368,49.00129951694268,3.595321739006346
P1_rep8_a1,P1,1.0,28,2.0,2.8,49.00129951694268,1.9974009661146368,49.00129951694268,3.595321739006346
P1_rep8_a1,P1,1.0,29,2.0,2.8,49.00129951694268,1.9974009661146368,49.00129951694268,3.595321739006346
P1_rep8_a1,P1,1.0,30,2.0,2.8,49.00129951694268,1.9974009661146368,49.00129951694268,3.595321739006346
P1_rep8_a1,P1,1.0,31,2.0,2.8,49.00129951694268,1.9974009661146368,49.00129951694268,3.595321739006346
P1_rep8_a1,P1,1.0,32,2.0,2.8,49.00129951694268,1.9974009661146368,49.00129951694268,3.595321739006346
P1_rep8_a1,P1,1.0,33,2.0,2.8,49.00129951694268,1.9974009661146368,49.00129951694268,3.595321739006346
P1_rep8_a1,P1,1.0,34,2.0,2.8,49.00129951694268,1.9974009661146368,49.00129951694268,3.595321739006346
P1_rep8_a1,P1,1.0,35,1.9,2.8,58.9051730737145,1.6095085997759067,53.01465576634305,2.8971154795966316
P1_rep8_a1,P1,1.0,36,1.9,2.8,58.9051730737145,1.6095085997759067,53.01465576634305,2.8971154795966316
P1_rep8_a1,P1,1.0,37,1.85,2.8,63.646333801854844,1.4238176129626567,54.09938373157662,2.5628717033327817
P1_rep8_a1,P1,1.0,38,1.85,2.8,63.646333801854844,1.4238176129626567,54.09938373157662,2.5628717033327817
P1_rep8_a1,P1,1.0,39,1.85,2.85,63.81102645354702,1.1687397176426313,54.23937248551498,2.162168477638868
P1_rep8_a1,P1,1.0,40,1.85,2.8,63.646333801854844,1.4238176129626567,54.09938373157662,2.5628717033327817
P1_rep8_a1,P1,1.0,41,1.85,2.8,63.646333801854844,1.4238176129626567,54.09938373157662,2.5628717033327817
P1_rep8_a1,P1,1.0,42,1.9,2.8,58.9051730737145,1.6095085997759067,53.01465576634305,2.8971154795966316
P1_rep8_a1,P1,1.0,43,1.9,2.8,58.9051730737145,1.6095085997759067,53.01465576634305,2.8971154795966316
P1_rep8_a1,P1,1.0,44,1.9,2.8,58.9051730737145,1.6095085997759067,53.01465576634305,2.8971154795966316
P1_rep8_a1,P1,1.0,45,1.85,2.8,63.646333801854844,1.4238176129626567,54.09938373157662,2.5628717033327817
P1_rep8_a1,P1,1.0,46,1.85,2.8,63.646333801854844,1.4238176129626567,54.09938373157662,2.5628717033327817
P1_rep8_a1,P1,1.0,47,1.85,2.8,63.646333801854844,1.4238176129626567,54.09938373157662,2.5628717033327817
P1_rep8_a1,P1,1.0,48,1.85,2.8,63.646333801854844,1.4238176129626567,54.09938373157662,2.5628717033327817
P1_rep8_a1,P1,1.0,49,1.85,2.8,63.646333801854844,1.4238176129626567,54.09938373157662,2.5628717033327817
P1_rep8_a1,P1,1.0,50,1.85,2.8,63.646333801854844,1.4238176129626567,54.09938373157662,2.5628717033327817
P1_rep8_a1,P1,1.0,51,1.85,2.8,63.646333801854844,1.4238176129626567,54.09938373157662,2.5628717033327817
P1_rep8_a1,P1,1.0,52,1.85,2.8,63.646333801854844,1.4238176129626567,54.09938373157662,2.5628717033327817
P1_rep8_a1,P1,1.0,53,1.85,2.8,63.646333801854844,1.4238176129626567,54.09938373157662,2.5628717033327817
P1_rep8_a1,P1,1.0,54,1.85,2.5,61.611059677241066,4.5760738598055575,52.36940072565491,6.864110789708336
P1_rep8_a1,P1,1.0,55,1.85,2.5,61.611059677241066,4.5760738598055575,52.36940072565491,6.864110789708336
P1_rep8_a1,P1,1.0,56,1.85,2.5,61.611059677241066,4.5760738598055575,52.36940072565491,6.864110789708336
P1_rep8_a1,P1,1.0,57,1.85,2.5,61.611059677241066,4.5760738598055575,52.36940072565491,6.864110789708336
P1_rep8_a1,P1,1.0,58,1.85,2.5,61.611059677241066,4.5760738598055575,52.36940072565491,6.864110789708336
P1_rep8_a1,P1,1.0,59,1.85,2.5,61.611059677241066,4.5760738598055575,52.36940072565491,6.864110789708336
P1_rep8_a1,P1,1.0,60,1.85,2.5,61.611059677241066,4.5760738598055575,52.36940072565491,6.864110789708336
P1_rep8_a1,P1,1.0,61,1.85,2.5,61.611059677241066,4.5760738598055575,52.36940072565491,6.864110789708336
P1_rep8_a1,P1,1.0,62,1.85,2.5,61.611059677241066,4.5760738598055575,52.36940072565491,6.864110789708336
P1_rep8_a1,P1,1.0,63,1.85,2.5,61.611059677241066,4.5760738598055575,52.36940072565491,6.864110789708336
P1_rep8_a1,P1,1.0,64,1.85,2.5,61.611059677241066,4.5760738598055575,52.36940072565491,6.864110789708336
P1_rep8_a1,P1,1.0,65,1.85,2.5,61.611059677241066,4.5760738598055575,52.36940072565491,6.864110789708336
P1_rep8_a1,P1,1.0,66,1.75,2.5,70.53845126982412,3.5119026959339728,52.90383845236809,5.267854043900959
P1_rep8_a1,P1,1.0,67,1.85,2.5,61.611059677241066,4.5760738598055575,52.36940072565491,6.864110789708336
P1_rep8_a1,P1,1.0,68,1.85,2.5,61.611059677241066,4.5760738598055575,52.36940072565491,6.864110789708336
P1_rep8_a1,P1,1.0,69,1.9,2.5,56.784691777421465,5.151391016217805,51.10622259967931,7.727086524326708
P1_rep8_a1,P1,1.0,70,1.85,2.5,61.611059677241066,4.5760738598055575,52.36940072565491,6.864110789708336
P1_rep8_a1,P1,1.0,71,1.85,2.5,61.611059677241066,4.5760738598055575,52.36940072565491,6.864110789708336
P1_rep8_a1,P1,1.0,72,1.85,2.5,61.611059677241066,4.5760738598055575,52.36940072565491,6.864110789708336
P1_rep8_a1,P1,1.0,73,1.9,2.5,56.784691777421465,5.151391016217805,51.10622259967931,7.727086524326708
P1_rep8_a1,P1,1.0,74,1.8,2.5,66.21906872754134,4.026785716305403,52.97525498203308,6.040178574458104
P1_rep8_a1,P1,1.0,75,1.8,2.5,66.21906872754134,4.026785716305403,52.97525498203308,6.040178574458104
P1_rep8_a1,P1,1.0,76,1.8,2.5,66.21906872754134,4.026785716305403,52.97525498203308,6.040178574458104
P1_rep8_a1,P1,1.0,77,1.8,2.5,66.21906872754134,4.026785716305403,52.97525498203308,6.040178574458104
P1_rep8_a1,P1,1.0,78,1.8,2.5,66.21906872754134,4.026785716305403,52.97525498203308,6.040178574458104
P1_rep8_a1,P1,1.0,79,1.85,2.5,61.611059677241066,4.5760738598055575,52.36940072565491,6.864110789708336
P1_rep8_a1,P1,1.0,80,1.8,2.5,66.21906872754134,4.026785716305403,52.97525498203308,6.040178574458104
P1_rep8_a1,P1,1.0,81,1.8,2.7,67.72073142849428,1.8503824694798188,54.176585142795425,3.145650198115692
P1_rep8_a1,P1,1.0,82,1.8,2.7,67.72073142849428,1.8503824694798188,54.176585142795425,3.145650198115692
P1_rep8_a1,P1,1.0,83,1.8,2.5,66.21906872754134,4.026785716305403,52.97525498203308,6.040178574458104
P1_rep8_a1,P1,1.0,84,1.8,2.5,66.21906872754134,4.026785716305403,52.97525498203308,6.040178574458104
P1_rep8_a1,P1,1.0,85,1.8,2.5,66.21906872754134,4.026785716305403,52.97525498203308,6.040178574458104
P1_rep8_a1,P1,1.0,86,1.8,2.5,66.21906872754134,4.026785716305403,52.97525498203308,6.040178574458104
P1_rep8_a1,P1,1.0,87,1.8,2.5,66.21906872754134,4.026785716305403,52.97525498203308,6.040178574458104
P1_rep8_a1,P1,1.0,88,1.8,2.5,66.21906872754134,4.026785716305403,52.97525498203308,6.040178574458104
P1_rep8_a1,P1,1.0,89,1.8,2.7,67.72073142849428,1.8503824694798188,54.176585142795425,3.145650198115692
P1_rep8_a1,P1,1.0,90,1.8,2.5,66.21906872754134,4.026785716305403,52.97525498203308,6.040178574458104
P1_rep8_a1,P1,1.0,91,1.8,2.5,66.21906872754134,4.026785716305403,52.97525498203308,6.040178574458104
P1_rep8_a1,P1,1.0,92,1.8,2.5,66.21906872754134,4.026785716305403,52.97525498203308,6.040178574458104
P1_rep8_a1,P1,1.0,93,1.8,2.5,66.21906872754134,4.026785716305403,52.97525498203308,6.040178574458104
P1_rep8_a1,P1,1.0,94,1.8,2.5,66.21906872754134,4.026785716305403,52.97525498203308,6.040178574458104
P1_rep8_a1,P1,1.0,95,1.8,2.5,66.21906872754134,4.026785716305403,52.97525498203308,6.040178574458104
P1_rep8_a1,P1,1.0,96,1.75,2.5,70.53845126982412,3.5119026959339728,52.90383845236809,5.267854043900959
P1_rep8_a1,P1,1.0,97,1.8,2.5,66.21906872754134,4.026785716305403,52.97525498203308,6.040178574458104
P1_rep8_a1,P1,1.0,98,1.8,2.5,66.21906872754134,4.026785716305403,52.97525498203308,6.040178574458104
P1_rep8_a1,P1,1.0,99,1.8,2.5,66.21906872754134,4.026785716305403,52.97525498203308,6.040178574458104
P1_rep8_a1,P1,1.0,100,1.75,2.5,70.53845126982412,3.5119026959339728,52.90383845236809,5.267854043900959
P1_rep8_a1,P1,1.0,101,1.8,2.5,66.21906872754134,4.026785716305403,52.97525498203308,6.040178574458104
P1_rep8_a1,P1,1.0,102,1.75,2.5,70.53845126982412,3.5119026959339728,52.90383845236809,5.267854043900959
P1_rep8_a1,P1,1.0,103,1.85,2.5,61.611059677241066,4.5760738598055575,52.36940072565491,6.864110789708336
P1_rep8_a1,P1,1.0,104,1.8,2.5,66.21906872754134,4.026785716305403,52.97525498203308,6.040178574458104
P1_rep8_a1,P1,1.0,105,1.8,2.5,66.21906872754134,4.026785716305403,52.97525498203308,6.040178574458104
P1_rep8_a1,P1,1.0,106,1.8,2.5,66.21906872754134,4.026785716305403,52.97525498203308,6.040178574458104
P1_rep8_a1,P1,1.0,107,1.8,2.5,66.21906872754134,4.026785716305403,52.97525498203308,6.040178574458104
P1_rep8_a1,P1,1.0,108,1.8,2.4,64.93308669348545,5.890596725596989,51.94646935478836,8.246835415835784
P1_rep8_a1,P1,1.0,109,1.8,2.4,64.93308669348545,5.890596725596989,51.94646935478836,8.246835415835784
P1_rep8_a1,P1,1.0,110,1.8,2.4,64.93308669348545,5.890596725596989,51.94646935478836,8.246835415835784
P1_rep8_a1,P1,1.0,111,1.8,2.4,64.93308669348545,5.890596725596989,51.94646935478836,8.246835415835784
P1_rep8_a1,P1,1.0,112,1.8,2.5,66.21906872754134,4.026785716305403,52.97525498203308,6.040178574458104
P1_rep8_a1,P1,1.0,113,1.8,2.4,64.93308669348545,5.890596725596989,51.94646935478836,8.246835415835784
P1_rep8_a1,P1,1.0,114,1.8,2.4,64.93308669348545,5.890596725596989,51.94646935478836,8.246835415835784
P1_rep8_a1,P1,1.0,115,1.8,2.4,64.93308669348545,5.890596725596989,51.94646935478836,8.246835415835784
P1_rep8_a1,P1,1.0,116,1.85,2.4,60.25494610799548,6.676438335718121,51.21670419179616,9.347013670005369
P1_rep8_a1,P1,1.0,117,1.85,2.4,60.25494610799548,6.676438335718121,51.21670419179616,9.347013670005369
P1_rep8_a1,P1,1.0,118,1.8,2.4,64.93308669348545,5.890596725596989,51.94646935478836,8.246835415835784
P1_rep8_a1,P1,1.0,119,1.8,2.4,64.93308669348545,5.890596725596989,51.94646935478836,8.246835415835784
P1_rep8_a1,P1,1.0,120,1.8,2.4,64.93308669348545,5.890596725596989,51.94646935478836,8.246835415835784
P1_rep8_a1,P1,1.0,121,1.8,2.4,64.93308669348545,5.890596725596989,51.94646935478836,8.246835415835784
P1_rep8_a1,P1,1.0,122,1.8,2.4,64.93308669348545,5.890596725596989,51.94646935478836,8.246835415835784
P1_rep8_a1,P1,1.0,123,1.8,2.4,64.93308669348545,5.890596725596989,51.94646935478836,8.246835415835784
P1_rep8_a1,P1,1.0,124,1.75,2.4,69.34076942999484,5.150187061700815,52.00557707249612,7.21026188638114
P1_rep8_a1,P1,1.0,125,1.8,2.4,64.93308669348545,5.890596725596989,51.94646935478836,8.246835415835784
P1_rep8_a1,P1,1.0,126,1.8,2.4,64.93308669348545,5.890596725596989,51.94646935478836,8.246835415835784
P1_rep8_a1,P1,1.0,127,1.8,2.3,63.10485023372357,8.540312779985012,50.48388018697886,11.102406613980515
P1_rep8_a1,P1,1.0,128,1.75,2.3,67.62776543899933,7.493370003628218,50.720824079249496,9.741381004716683
P1_rep8_a1,P1,1.0,129,1.8,2.3,63.10485023372357,8.540312779985012,50.48388018697886,11.102406613980515
P1_rep8_a1,P1,1.0,130,1.85,2.3,58.33929526797966,9.643420647427913,49.58840097778271,12.536446841656286
P1_rep8_a1,P1,1.0,131,1.9,2.3,53.412624330558955,10.783822869296468,48.07136189750305,14.018969730085407
P1_rep8_a1,P1,1.0,132,1.9,2.3,53.412624330558955,10.783822869296468,48.07136189750305,14.018969730085407
P1_rep8_a1,P1,1.0,133,1.9,2.3,53.412624330558955,10.783822869296468,48.07136189750305,14.018969730085407
P1_rep8_a1,P1,1.0,134,1.85,2.3,58.33929526797966,9.643420647427913,49.58840097778271,12.536446841656286
P1_rep8_a1,P1,1.0,135,1.88,2.3,55.39683231016566,10.32452789763403,48.749212432945775,13.421886266924236
P1_rep8_a1,P1,1.0,136,1.88,2.3,55.39683231016566,10.32452789763403,48.749212432945775,13.421886266924236
P1_rep8_a1,P1,1.0,137,1.8,2.3,63.10485023372357,8.540312779985012,50.48388018697886,11.102406613980515
P1_rep8_a1,P1,1.0,138,1.8,2.3,63.10485023372357,8.540312779985012,50.48388018697886,11.102406613980515
P1_rep8_a1,P1,1.0,139,1.8,2.3,63.10485023372357,8.540312779985012,50.48388018697886,11.102406613980515
P1_rep8_a1,P1,1.0,140,1.8,2.3,63.10485023372357,8.540312779985012,50.48388018697886,11.102406613980515
P1_rep8_a1,P1,1.0,141,1.8,2.3,63.10485023372357,8.540312779985012,50.48388018697886,11.102406613980515
P1_rep8_a1,P1,1.0,142,1.8,2.4,64.93308669348545,5.890596725596989,51.94646935478836,8.246835415835784
P1_rep8_a1,P1,1.0,143,1.75,2.3,67.62776543899933,7.493370003628218,50.720824079249496,9.741381004716683
P1_rep8_a1,P1,1.0,144,1.75,2.3,67.62776543899933,7.493370003628218,50.720824079249496,9.741381004716683
P1_rep8_a1,P1,1.0,145,1.75,2.3,67.62776543899933,7.493370003628218,50.720824079249496,9.741381004716683
P1_rep8_a1,P1,1.0,146,1.8,2.3,63.10485023372357,8.540312779985012,50.48388018697886,11.102406613980515
P1_rep8_a1,P1,1.0,147,1.8,2.3,63.10485023372357,8.540312779985012,50.48388018697886,11.102406613980515
P1_rep8_a1,P1,1.0,148,1.8,2.3,63.10485023372357,8.540312779985012,50.48388018697886,11.102406613980515
P1_rep8_a1,P1,1.0,149,1.8,2.3,63.10485023372357,8.540312779985012,50.48388018697886,11.102406613980515
P1_rep8_a1,P1,1.0,150,1.8,2.3,63.10485023372357,8.540312779985012,50.48388018697886,11.102406613980515
P1_rep8_a1,P1,1.0,151,1.8,2.3,63.10485023372357,8.540312779985012,50.48388018697886,11.102406613980515
P1_rep8_a1,P1,1.0,152,1.8,2.3,63.10485023372357,8.540312779985012,50.48388018697886,11.102406613980515
P1_rep8_a1,P1,1.0,153,1.75,2.3,67.62776543899933,7.493370003628218,50.720824079249496,9.741381004716683
P1_rep8_a1,P1,1.0,154,1.8,2.3,63.10485023372357,8.540312779985012,50.48388018697886,11.102406613980515
P1_rep8_a1,P1,1.0,155,1.8,2.3,63.10485023372357,8.540312779985012,50.48388018697886,11.102406613980515
P1_rep8_a1,P1,1.0,156,1.8,2.3,63.10485023372357,8.540312779985012,50.48388018697886,11.102406613980515
P1_rep8_a1,P1,1.0,157,1.8,2.3,63.10485023372357,8.540312779985012,50.48388018697886,11.102406613980515
P1_rep8_a1,P1,1.0,158,1.8,2.3,63.10485023372357,8.540312779985012,50.48388018697886,11.102406613980515
P1_rep8_a1,P1,1.0,159,1.8,2.3,63.10485023372357,8.540312779985012,50.48388018697886,11.102406613980515
P1_rep8_a1,P1,1.0,160,1.8,2.3,63.10485023372357,8.540312779985012,50.48388018697886,11.102406613980515
P1_rep8_a1,P1,1.0,161,1.8,2.3,63.10485023372357,8.540312779985012,50.48388018697886,11.102406613980515
P1_rep8_a1,P1,1.0,162,1.8,2.3,63.10485023372357,8.540312779985012,50.48388018697886,11.102406613980515
P1_rep8_a1,P1,1.0,163,1.75,2.3,67.62776543899933,7.493370003628218,50.720824079249496,9.741381004716683
P1_rep8_a1,P1,1.0,164,1.75,2.2,65.22398476607029,10.781452167213109,48.917988574552716,12.937742600655733
P1_rep8_a1,P1,1.0,165,1.75,2.2,65.22398476607029,10.781452167213109,48.917988574552716,12.937742600655733
P1_rep8_a1,P1,1.0,166,1.8,2.3,63.10485023372357,8.540312779985012,50.48388018697886,11.102406613980515
P1_rep8_a1,P1,1.0,167,1.75,2.3,67.62776543899933,7.493370003628218,50.720824079249496,9.741381004716683
P1_rep8_a1,P1,1.0,168,1.75,2.3,67.62776543899933,7.493370003628218,50.720824079249496,9.741381004716683
P1_rep8_a1,P1,1.0,169,1.8,2.3,63.10485023372357,8.540312779985012,50.48388018697886,11.102406613980515
P1_rep8_a1,P1,1.0,170,1.8,2.2,60.56108089617322,12.227071358930012,48.44886471693858,14.672485630716016
P1_rep8_a1,P1,1.0,171,1.75,2.2,65.22398476607029,10.781452167213109,48.917988574552716,12.937742600655733
P1_rep8_a1,P1,1.0,172,1.75,2.2,65.22398476607029,10.781452167213109,48.917988574552716,12.937742600655733
P1_rep8_a1,P1,1.0,173,1.8,2.2,60.56108089617322,12.227071358930012,48.44886471693858,14.672485630716016
P1_rep8_a1,P1,1.0,174,1.75,2.2,65.22398476607029,10.781452167213109,48.917988574552716,12.937742600655733
P1_rep8_a1,P1,1.0,175,1.75,2.2,65.22398476607029,10.781452167213109,48.917988574552716,12.937742600655733
P1_rep8_a1,P1,1.0,176,1.75,2.2,65.22398476607029,10.781452167213109,48.917988574552716,12.937742600655733
P1_rep8_a1,P1,1.0,177,1.75,2.2,65.22398476607029,10.781452167213109,48.917988574552716,12.937742600655733
P1_rep8_a1,P1,1.0,178,1.75,2.2,65.22398476607029,10.781452167213109,48.917988574552716,12.937742600655733
P1_rep8_a1,P1,1.0,179,1.75,2.2,65.22398476607029,10.781452167213109,48.917988574552716,12.937742600655733
P1_rep8_a1,P1,1.0,180,1.75,2.2,65.22398476607029,10.781452167213109,48.917988574552716,12.937742600655733
P1_rep8_a1,P1,1.0,181,1.75,2.2,65.22398476607029,10.781452167213109,48.917988574552716,12.937742600655733
P1_rep8_a1,P1,1.0,182,1.75,2.2,65.22398476607029,10.781452167213109,48.917988574552716,12.937742600655733
P1_rep8_a1,P1,1.0,183,1.75,2.2,65.22398476607029,10.781452167213109,48.917988574552716,12.937742600655733
P1_rep8_a1,P1,1.0,184,1.75,2.2,65.22398476607029,10.781452167213109,48.917988574552716,12.937742600655733
P1_rep8_a1,P1,1.0,185,1.75,2.2,65.22398476607029,10.781452167213109,48.917988574552716,12.937742600655733
P1_rep8_a1,P1,1.0,186,1.75,2.2,65.22398476607029,10.781452167213109,48.917988574552716,12.937742600655733
P1_rep8_a1,P1,1.0,187,1.75,2.2,65.22398476607029,10.781452167213109,48.917988574552716,12.937742600655733
P1_rep8_a1,P1,1.0,188,1.75,2.2,65.22398476607029,10.781452167213109,48.917988574552716,12.937742600655733
P1_rep8_a1,P1,1.0,189,1.7,2.2,69.61221495117348,9.420988827145019,48.728550465821435,11.305186592574024
P1_rep8_a1,P1,1.0,190,1.75,2.2,65.22398476607029,10.781452167213109,48.917988574552716,12.937742600655733
P1_rep8_a1,P1,1.0,191,1.7,2.2,69.61221495117348,9.420988827145019,48.728550465821435,11.305186592574024
P1_rep8_a1,P1,1.0,192,1.7,2.2,69.61221495117348,9.420988827145019,48.728550465821435,11.305186592574024
P1_rep8_a1,P1,1.0,193,1.7,2.2,69.61221495117348,9.420988827145019,48.728550465821435,11.305186592574024
P1_rep8_a1,P1,1.0,194,1.7,2.2,69.61221495117348,9.420988827145019,48.728550465821435,11.305186592574024
P1_rep8_a1,P1,1.0,195,1.7,2.2,69.61221495117348,9.420988827145019,48.728550465821435,11.305186592574024
P1_rep8_a1,P1,1.0,196,1.7,2.2,69.61221495117348,9.420988827145019,48.728550465821435,11.305186592574024
P1_rep8_a1,P1,1.0,197,1.7,2.2,69.61221495117348,9.420988827145019,48.728550465821435,11.305186592574024
P1_rep8_a1,P1,1.0,198,1.7,2.2,69.61221495117348,9.420988827145019,48.728550465821435,11.305186592574024
P1_rep8_a1,P1,1.0,199,1.7,2.2,69.61221495117348,9.420988827145019,48.728550465821435,11.305186592574024
P1_rep8_a1,P1,1.0,200,1.7,2.3,71.84361377107103,6.5175055982266175,50.29052963974972,8.472757277694601
P1_rep8_a1,P1,1.0,201,1.75,2.2,65.22398476607029,10.781452167213109,48.917988574552716,12.937742600655733
P1_rep8_a1,P1,1.0,202,1.7,2.2,69.61221495117348,9.420988827145019,48.728550465821435,11.305186592574024
P1_rep8_a1,P1,1.0,203,1.75,2.2,65.22398476607029,10.781452167213109,48.917988574552716,12.937742600655733
P1_rep8_a1,P1,1.0,204,1.7,2.2,69.61221495117348,9.420988827145019,48.728550465821435,11.305186592574024
P1_rep8_a1,P1,1.0,205,1.7,2.2,69.61221495117348,9.420988827145019,48.728550465821435,11.305186592574024
P1_rep8_a1,P1,1.0,206,1.7,2.2,69.61221495117348,9.420988827145019,48.728550465821435,11.305186592574024
P1_rep8_a1,P1,1.0,207,1.7,2.2,69.61221495117348,9.420988827145019,48.728550465821435,11.305186592574024
P1_rep8_a1,P1,1.0,208,1.7,2.2,69.61221495117348,9.420988827145019,48.728550465821435,11.305186592574024
P1_rep8_a1,P1,1.0,209,1.7,2.2,69.61221495117348,9.420988827145019,48.728550465821435,11.305186592574024
P1_rep8_a1,P1,1.0,210,1.7,2.2,69.61221495117348,9.420988827145019,48.728550465821435,11.305186592574024
P1_rep8_a1,P1,1.0,211,1.65,2.2,73.67024531445317,8.162895858169332,47.885659454394556,9.7954750298032
P1_rep8_a1,P1,1.0,212,1.65,2.2,73.67024531445317,8.162895858169332,47.885659454394556,9.7954750298032
P1_rep8_a1,P1,1.0,213,1.65,2.3,75.70764644109545,5.623077799365841,49.209970186712034,7.310001139175593
P1_rep8_a1,P1,1.0,214,1.65,2.2,73.67024531445317,8.162895858169332,47.885659454394556,9.7954750298032
P1_rep8_a1,P1,1.0,215,1.65,2.15,72.3624477279483,9.793192358956464,47.03559102316638,11.262171212799933
P1_rep8_a1,P1,1.0,216,1.65,2.15,72.3624477279483,9.793192358956464,47.03559102316638,11.262171212799933
P1_rep8_a1,P1,1.0,217,1.65,2.15,72.3624477279483,9.793192358956464,47.03559102316638,11.262171212799933
P1_rep8_a1,P1,1.0,218,1.7,2.15,68.18988782891442,11.271712646074253,47.732921480240094,12.96246954298539
P1_rep8_a1,P1,1.0,219,1.7,2.2,69.61221495117348,9.420988827145019,48.728550465821435,11.305186592574024
P1_rep8_a1,P1,1.0,220,1.7,2.15,68.18988782891442,11.271712646074253,47.732921480240094,12.96246954298539
P1_rep8_a1,P1,1.0,221,1.7,2.15,68.18988782891442,11.271712646074253,47.732921480240094,12.96246954298539
P1_rep8_a1,P1,1.0,222,1.7,2.15,68.18988782891442,11.271712646074253,47.732921480240094,12.96246954298539
P1_rep8_a1,P1,1.0,223,1.7,2.15,68.18988782891442,11.271712646074253,47.732921480240094,12.96246954298539
P1_rep8_a1,P1,1.0,224,1.7,2.15,68.18988782891442,11.271712646074253,47.732921480240094,12.96246954298539
P1_rep8_a1,P1,1.0,225,1.7,2.1,66.52958335136346,13.432091222275472,46.570708345954415,14.775300344503021
P1_rep8_a1,P1,1.0,226,1.7,2.1,66.52958335136346,13.432091222275472,46.570708345954415,14.775300344503021
P1_rep8_a1,P1,1.0,227,1.8,2.1,57.125778949595095,17.205953970593953,45.70062315967608,18.92654936765335
P1_rep8_a1,P1,1.0,228,1.8,2.1,57.125778949595095,17.205953970593953,45.70062315967608,18.92654936765335
P1_rep8_a1,P1,1.0,229,1.75,2.1,61.93958591361254,15.274113834097141,46.4546894352094,16.801525217506857
P1_rep8_a1,P1,1.0,230,1.75,2.1,61.93958591361254,15.274113834097141,46.4546894352094,16.801525217506857
P1_rep8_a1,P1,1.0,231,1.8,2.1,57.125778949595095,17.205953970593953,45.70062315967608,18.92654936765335
P1_rep8_a1,P1,1.0,232,1.8,2.1,57.125778949595095,17.205953970593953,45.70062315967608,18.92654936765335
P1_rep8_a1,P1,1.0,233,1.8,2.1,57.125778949595095,17.205953970593953,45.70062315967608,18.92654936765335
P1_rep8_a1,P1,1.0,234,1.8,2.1,57.125778949595095,17.205953970593953,45.70062315967608,18.92654936765335
P1_rep8_a1,P1,1.0,235,1.8,2.1,57.125778949595095,17.205953970593953,45.70062315967608,18.92654936765335
P1_rep8_a1,P1,1.0,236,1.8,2.1,57.125778949595095,17.205953970593953,45.70062315967608,18.92654936765335
P1_rep8_a1,P1,1.0,237,1.8,2.1,57.125778949595095,17.205953970593953,45.70062315967608,18.92654936765335
P1_rep8_a1,P1,1.0,238,1.85,2.1,52.173248566831845,19.193465526864852,44.34726128180707,21.11281207955134
P1_rep8_a1,P1,1.0,239,1.75,2.1,61.93958591361254,15.274113834097141,46.4546894352094,16.801525217506857
P1_rep8_a1,P1,1.0,240,1.7,2.15,68.18988782891442,11.271712646074253,47.732921480240094,12.96246954298539
P1_rep8_a1,P1,1.0,241,1.7,2.15,68.18988782891442,11.271712646074253,47.732921480240094,12.96246954298539
P1_rep8_a1,P1,1.0,242,1.7,2.15,68.18988782891442,11.271712646074253,47.732921480240094,12.96246954298539
P1_rep8_a1,P1,1.0,243,1.7,2.1,66.52958335136346,13.432091222275472,46.570708345954415,14.775300344503021
P1_rep8_a1,P1,1.0,244,1.75,2.1,61.93958591361254,15.274113834097141,46.4546894352094,16.801525217506857
P1_rep8_a1,P1,1.0,245,1.75,2.1,61.93958591361254,15.274113834097141,46.4546894352094,16.801525217506857
P1_rep8_a1,P1,1.0,246,1.75,2.1,61.93958591361254,15.274113834097141,46.4546894352094,16.801525217506857
P1_rep8_a1,P1,1.0,247,1.75,2.1,61.93958591361254,15.274113834097141,46.4546894352094,16.801525217506857
P1_rep8_a1,P1,1.0,248,1.75,2.1,61.93958591361254,15.274113834097141,46.4546894352094,16.801525217506857
P1_rep8_a1,P1,1.0,249,1.75,2.1,61.93958591361254,15.274113834097141,46.4546894352094,16.801525217506857
P1_rep8_a1,P1,1.0,250,1.75,2.1,61.93958591361254,15.274113834097141,46.4546894352094,16.801525217506857
P1_rep8_a1,P1,1.0,251,1.75,2.1,61.93958591361254,15.274113834097141,46.4546894352094,16.801525217506857
P1_rep8_a1,P1,1.0,252,1.75,2.05,59.91347344992724,18.04559141867349,44.93510508744543,18.94787098960716
P1_rep8_a1,P1,1.0,253,1.75,2.05,59.91347344992724,18.04559141867349,44.93510508744543,18.94787098960716
P1_rep8_a1,P1,1.0,254,1.75,2.05,59.91347344992724,18.04559141867349,44.93510508744543,18.94787098960716
P1_rep8_a1,P1,1.0,255,1.7,2.05,64.60819880617098,15.932185671337495,45.22573916431968,16.728794954904366
P1_rep8_a1,P1,1.0,256,1.7,2.05,64.60819880617098,15.932185671337495,45.22573916431968,16.728794954904366
P1_rep8_a1,P1,1.0,257,1.7,2.1,66.52958335136346,13.432091222275472,46.570708345954415,14.775300344503021
P1_rep8_a1,P1,1.0,258,1.7,2.1,66.52958335136346,13.432091222275472,46.570708345954415,14.775300344503021
P1_rep8_a1,P1,1.0,259,1.7,2.1,66.52958335136346,13.432091222275472,46.570708345954415,14.775300344503021
P1_rep8_a1,P1,1.0,260,1.7,2.1,66.52958335136346,13.432091222275472,46.570708345954415,14.775300344503021
P1_rep8_a1,P1,1.0,261,1.7,2.1,66.52958335136346,13.432091222275472,46.570708345954415,14.775300344503021
P1_rep8_a1,P1,1.0,262,1.7,2.1,66.52958335136346,13.432091222275472,46.570708345954415,14.775300344503021
P1_rep8_a1,P1,1.0,263,1.7,2.1,66.52958335136346,13.432091222275472,46.570708345954415,14.775300344503021
P1_rep8_a1,P1,1.0,264,1.68,2.1,68.2868273450536,12.726887523414337,46.43504259463644,13.999576275755771
P1_rep8_a1,P1,1.0,265,1.68,2.05,66.41539558098168,15.11864712315117,45.16246899506754,15.874579479308727
P1_rep8_a1,P1,1.0,266,1.7,2.05,64.60819880617098,15.932185671337495,45.22573916431968,16.728794954904366
P1_rep8_a1,P1,1.0,267,1.68,2.05,66.41539558098168,15.11864712315117,45.16246899506754,15.874579479308727
P1_rep8_a1,P1,1.0,268,1.68,2.05,66.41539558098168,15.11864712315117,45.16246899506754,15.874579479308727
P1_rep8_a1,P1,1.0,269,1.68,2.05,66.41539558098168,15.11864712315117,45.16246899506754,15.874579479308727
P1_rep8_a1,P1,1.0,270,1.7,2.05,64.60819880617098,15.932185671337495,45.22573916431968,16.728794954904366
P1_rep8_a1,P1,1.0,271,1.68,2.05,66.41539558098168,15.11864712315117,45.16246899506754,15.874579479308727
P1_rep8_a1,P1,1.0,272,1.68,2.05,66.41539558098168,15.11864712315117,45.16246899506754,15.874579479308727
P1_rep8_a1,P1,1.0,273,1.7,2.1,66.52958335136346,13.432091222275472,46.570708345954415,14.775300344503021
P1_rep8_a1,P1,1.0,274,1.7,2.1,66.52958335136346,13.432091222275472,46.570708345954415,14.775300344503021
P1_rep8_a1,P1,1.0,275,1.75,2.05,59.91347344992724,18.04559141867349,44.93510508744543,18.94787098960716
P1_rep8_a1,P1,1.0,276,1.7,2.05,64.60819880617098,15.932185671337495,45.22573916431968,16.728794954904366
P1_rep8_a1,P1,1.0,277,1.7,2.05,64.60819880617098,15.932185671337495,45.22573916431968,16.728794954904366
P1_rep8_a1,P1,1.0,278,1.7,2.05,64.60819880617098,15.932185671337495,45.22573916431968,16.728794954904366
P1_rep8_a1,P1,1.0,279,1.68,2.05,66.41539558098168,15.11864712315117,45.16246899506754,15.874579479308727
P1_rep8_a1,P1,1.0,280,1.7,2.05,64.60819880617098,15.932185671337495,45.22573916431968,16.728794954904366
P1_rep8_a1,P1,1.0,281,1.68,2.05,66.41539558098168,15.11864712315117,45.16246899506754,15.874579479308727
P1_rep8_a1,P1,1.0,282,1.72,2.05,62.75828578132303,16.76495362305287,45.185965762552584,17.603201304205513
P1_rep8_a1,P1,1.0,283,1.68,2.05,66.41539558098168,15.11864712315117,45.16246899506754,15.874579479308727
P1_rep8_a1,P1,1.0,284,1.72,2.05,62.75828578132303,16.76495362305287,45.185965762552584,17.603201304205513
P1_rep8_a1,P1,1.0,285,1.72,2.05,62.75828578132303,16.76495362305287,45.185965762552584,17.603201304205513
P1_rep8_a1,P1,1.0,286,1.72,2.05,62.75828578132303,16.76495362305287,45.185965762552584,17.603201304205513
P1_rep8_a1,P1,1.0,287,1.7,2.05,64.60819880617098,15.932185671337495,45.22573916431968,16.728794954904366
P1_rep8_a1,P1,1.0,288,1.7,2.05,64.60819880617098,15.932185671337495,45.22573916431968,16.728794954904366
P1_rep8_a1,P1,1.0,289,1.72,2.05,62.75828578132303,16.76495362305287,45.185965762552584,17.603201304205513
P1_rep8_a1,P1,1.0,290,1.7,2.05,64.60819880617098,15.932185671337495,45.22573916431968,16.728794954904366
P1_rep8_a1,P1,1.0,291,1.7,2.05,64.60819880617098,15.932185671337495,45.22573916431968,16.728794954904366
P1_rep8_a1,P1,1.0,292,1.68,2.05,66.41539558098168,15.11864712315117,45.16246899506754,15.874579479308727
P1_rep8_a1,P1,1.0,293,1.72,2.05,62.75828578132303,16.76495362305287,45.185965762552584,17.603201304205513
P1_rep8_a1,P1,1.0,294,1.74,2.05,60.870241145506746,17.6148871296539,45.043978447674995,18.495631486136592
P1_rep8_a1,P1,1.0,295,1.72,2.05,62.75828578132303,16.76495362305287,45.185965762552584,17.603201304205513
P1_rep8_a1,P1,1.0,296,1.72,2.05,62.75828578132303,16.76495362305287,45.185965762552584,17.603201304205513
P1_rep8_a1,P1,1.0,297,1.72,2.05,62.75828578132303,16.76495362305287,45.185965762552584,17.603201304205513
P1_rep8_a1,P1,1.0,298,1.72,2.05,62.75828578132303,16.76495362305287,45.185965762552584,17.603201304205513
P1_rep8_a1,P1,1.0,299,1.7,2.05,64.60819880617098,15.932185671337495,45.22573916431968,16.728794954904366
P1_rep8_a1,P1,1.0,300,1.7,2.05,64.60819880617098,15.932185671337495,45.22573916431968,16.728794954904366
P1_rep9_a1,P1,1.0,1,2.0,1.5,10.650697891920075,78.69860421615984,10.650697891920075,39.34930210807992
P1_rep9_a1,P1,1.0,2,2.5,2.0,6.337893833303762,46.83105308334812,9.506840749955643,46.83105308334812
P1_rep9_a1,P1,1.0,3,2.75,2.5,4.201006613406605,11.419519938459448,7.351761573461559,17.129279907689174
P1_rep9_a1,P1,1.0,4,2.75,2.25,3.5119026959339723,25.949646034241912,6.145829717884451,32.43705754280239
P1_rep9_a1,P1,1.0,5,2.5,2.25,9.003057317038046,24.472847105479765,13.504585975557069,30.591058881849705
P1_rep9_a1,P1,1.0,6,2.5,2.25,9.003057317038046,24.472847105479765,13.504585975557069,30.591058881849705
P1_rep9_a1,P1,1.0,7,2.5,2.25,9.003057317038046,24.472847105479765,13.504585975557069,30.591058881849705
P1_rep9_a1,P1,1.0,8,2.5,2.25,9.003057317038046,24.472847105479765,13.504585975557069,30.591058881849705
P1_rep9_a1,P1,1.0,9,2.5,2.25,9.003057317038046,24.472847105479765,13.504585975557069,30.591058881849705
P1_rep9_a1,P1,1.0,10,2.5,2.25,9.003057317038046,24.472847105479765,13.504585975557069,30.591058881849705
P1_rep9_a1,P1,1.0,11,2.5,2.1,7.495078437320482,37.123366523433,11.242617655980723,40.8357031757763
P1_rep9_a1,P1,1.0,12,2.5,2.1,7.495078437320482,37.123366523433,11.242617655980723,40.8357031757763
P1_rep9_a1,P1,1.0,13,2.5,2.1,7.495078437320482,37.123366523433,11.242617655980723,40.8357031757763
P1_rep9_a1,P1,1.0,14,2.5,2.1,7.495078437320482,37.123366523433,11.242617655980723,40.8357031757763
P1_rep9_a1,P1,1.0,15,2.5,2.1,7.495078437320482,37.123366523433,11.242617655980723,40.8357031757763
P1_rep9_a1,P1,1.0,16,2.5,2.1,7.495078437320482,37.123366523433,11.242617655980723,40.8357031757763
P1_rep9_a1,P1,1.0,17,2.5,2.1,7.495078437320482,37.123366523433,11.242617655980723,40.8357031757763
P1_rep9_a1,P1,1.0,18,2.5,2.1,7.495078437320482,37.123366523433,11.242617655980723,40.8357031757763
P1_rep9_a1,P1,1.0,19,2.5,2.15,8.03583592875623,32.58692159186151,12.053753893134346,37.474959830640735
P1_rep9_a1,P1,1.0,20,2.5,2.1,7.495078437320482,37.123366523433,11.242617655980723,40.8357031757763
P1_rep9_a1,P1,1.0,21,2.25,2.1,18.04923627350838,32.88785274664993,22.561545341885477,36.17663802131493
P1_rep9_a1,P1,1.0,22,2.25,2.1,18.04923627350838,32.88785274664993,22.561545341885477,36.17663802131493
P1_rep9_a1,P1,1.0,23,2.25,2.05,16.824189429781768,37.4429221646897,21.03023678722721,39.31506827292418
P1_rep9_a1,P1,1.0,24,2.25,2.05,16.824189429781768,37.4429221646897,21.03023678722721,39.31506827292418
P1_rep9_a1,P1,1.0,25,2.25,2.05,16.824189429781768,37.4429221646897,21.03023678722721,39.31506827292418
P1_rep9_a1,P1,1.0,26,2.25,2.1,18.04923627350838,32.88785274664993,22.561545341885477,36.17663802131493
P1_rep9_a1,P1,1.0,27,2.25,2.1,18.04923627350838,32.88785274664993,22.561545341885477,36.17663802131493
P1_rep9_a1,P1,1.0,28,2.25,2.05,16.824189429781768,37.4429221646897,21.03023678722721,39.31506827292418
P1_rep9_a1,P1,1.0,29,2.25,2.1,18.04923627350838,32.88785274664993,22.561545341885477,36.17663802131493
P1_rep9_a1,P1,1.0,30,2.25,2.1,18.04923627350838,32.88785274664993,22.561545341885477,36.17663802131493
P1_rep9_a1,P1,1.0,31,2.25,2.1,18.04923627350838,32.88785274664993,22.561545341885477,36.17663802131493
P1_rep9_a1,P1,1.0,32,2.25,2.12,18.51745726878424,31.146875128212702,23.1468215859803,34.88450014359823
P1_rep9_a1,P1,1.0,33,2.25,2.1,18.04923627350838,32.88785274664993,22.561545341885477,36.17663802131493
P1_rep9_a1,P1,1.0,34,2.25,2.1,18.04923627350838,32.88785274664993,22.561545341885477,36.17663802131493
P1_rep9_a1,P1,1.0,35,2.25,2.1,18.04923627350838,32.88785274664993,22.561545341885477,36.17663802131493
P1_rep9_a1,P1,1.0,36,2.25,2.1,18.04923627350838,32.88785274664993,22.561545341885477,36.17663802131493
P1_rep9_a1,P1,1.0,37,2.25,2.1,18.04923627350838,32.88785274664993,22.561545341885477,36.17663802131493
P1_rep9_a1,P1,1.0,38,2.25,2.1,18.04923627350838,32.88785274664993,22.561545341885477,36.17663802131493
P1_rep9_a1,P1,1.0,39,2.25,2.1,18.04923627350838,32.88785274664993,22.561545341885477,36.17663802131493
P1_rep9_a1,P1,1.0,40,2.25,2.1,18.04923627350838,32.88785274664993,22.561545341885477,36.17663802131493
P1_rep9_a1,P1,1.0,41,2.25,2.1,18.04923627350838,32.88785274664993,22.561545341885477,36.17663802131493
P1_rep9_a1,P1,1.0,42,2.25,2.1,18.04923627350838,32.88785274664993,22.561545341885477,36.17663802131493
P1_rep9_a1,P1,1.0,43,2.25,2.1,18.04923627350838,32.88785274664993,22.561545341885477,36.17663802131493
P1_rep9_a1,P1,1.0,44,2.25,2.15,19.193465526864852,28.633285906303314,23.991831908581066,32.92827879224881
P1_rep9_a1,P1,1.0,45,2.25,2.15,19.193465526864852,28.633285906303314,23.991831908581066,32.92827879224881
P1_rep9_a1,P1,1.0,46,2.25,2.12,18.51745726878424,31.146875128212702,23.1468215859803,34.88450014359823
P1_rep9_a1,P1,1.0,47,2.25,2.1,18.04923627350838,32.88785274664993,22.561545341885477,36.17663802131493
P1_rep9_a1,P1,1.0,48,2.25,2.12,18.51745726878424,31.146875128212702,23.1468215859803,34.88450014359823
P1_rep9_a1,P1,1.0,49,2.25,2.1,18.04923627350838,32.88785274664993,22.561545341885477,36.17663802131493
P1_rep9_a1,P1,1.0,50,2.25,2.12,18.51745726878424,31.146875128212702,23.1468215859803,34.88450014359823
P1_rep9_a1,P1,1.0,51,2.25,2.12,18.51745726878424,31.146875128212702,23.1468215859803,34.88450014359823
P1_rep9_a1,P1,1.0,52,2.25,2.12,18.51745726878424,31.146875128212702,23.1468215859803,34.88450014359823
P1_rep9_a1,P1,1.0,53,2.25,2.1,18.04923627350838,32.88785274664993,22.561545341885477,36.17663802131493
P1_rep9_a1,P1,1.0,54,2.25,2.1,18.04923627350838,32.88785274664993,22.561545341885477,36.17663802131493
P1_rep9_a1,P1,1.0,55,2.5,2.05,6.925829563664981,41.8988272587821,10.388744345497471,43.993768621721195
P1_rep9_a1,P1,1.0,56,2.25,2.1,18.04923627350838,32.88785274664993,22.561545341885477,36.17663802131493
P1_rep9_a1,P1,1.0,57,2.25,2.1,18.04923627350838,32.88785274664993,22.561545341885477,36.17663802131493
P1_rep9_a1,P1,1.0,58,2.25,2.1,18.04923627350838,32.88785274664993,22.561545341885477,36.17663802131493
P1_rep9_a1,P1,1.0,59,2.25,2.05,16.824189429781768,37.4429221646897,21.03023678722721,39.31506827292418
P1_rep9_a1,P1,1.0,60,2.25,2.05,16.824189429781768,37.4429221646897,21.03023678722721,39.31506827292418
P1_rep9_a1,P1,1.0,61,2.25,2.05,16.824189429781768,37.4429221646897,21.03023678722721,39.31506827292418
P1_rep9_a1,P1,1.0,62,2.25,2.05,16.824189429781768,37.4429221646897,21.03023678722721,39.31506827292418
P1_rep9_a1,P1,1.0,63,2.25,2.05,16.824189429781768,37.4429221646897,21.03023678722721,39.31506827292418
P1_rep9_a1,P1,1.0,64,2.25,2.05,16.824189429781768,37.4429221646897,21.03023678722721,39.31506827292418
P1_rep9_a1,P1,1.0,65,2.25,2.05,16.824189429781768,37.4429221646897,21.03023678722721,39.31506827292418
P1_rep9_a1,P1,1.0,66,2.25,2.05,16.824189429781768,37.4429221646897,21.03023678722721,39.31506827292418
P1_rep9_a1,P1,1.0,67,2.25,2.05,16.824189429781768,37.4429221646897,21.03023678722721,39.31506827292418
P1_rep9_a1,P1,1.0,68,2.25,2.05,16.824189429781768,37.4429221646897,21.03023678722721,39.31506827292418
P1_rep9_a1,P1,1.0,69,2.25,2.05,16.824189429781768,37.4429221646897,21.03023678722721,39.31506827292418
P1_rep9_a1,P1,1.0,70,2.25,2.05,16.824189429781768,37.4429221646897,21.03023678722721,39.31506827292418
P1_rep9_a1,P1,1.0,71,2.25,2.05,16.824189429781768,37.4429221646897,21.03023678722721,39.31506827292418
P1_rep9_a1,P1,1.0,72,2.25,2.05,16.824189429781768,37.4429221646897,21.03023678722721,39.31506827292418
P1_rep9_a1,P1,1.0,73,2.25,2.05,16.824189429781768,37.4429221646897,21.03023678722721,39.31506827292418
P1_rep9_a1,P1,1.0,74,2.25,2.05,16.824189429781768,37.4429221646897,21.03023678722721,39.31506827292418
P1_rep9_a1,P1,1.0,75,2.25,2.05,16.824189429781768,37.4429221646897,21.03023678722721,39.31506827292418
P1_rep9_a1,P1,1.0,76,2.25,2.05,16.824189429781768,37.4429221646897,21.03023678722721,39.31506827292418
P1_rep9_a1,P1,1.0,77,2.25,2.15,19.193465526864852,28.633285906303314,23.991831908581066,32.92827879224881
P1_rep9_a1,P1,1.0,78,2.25,2.1,18.04923627350838,32.88785274664993,22.561545341885477,36.17663802131493
P1_rep9_a1,P1,1.0,79,2.25,2.1,18.04923627350838,32.88785274664993,22.561545341885477,36.17663802131493
P1_rep9_a1,P1,1.0,80,2.25,2.1,18.04923627350838,32.88785274664993,22.561545341885477,36.17663802131493
P1_rep9_a1,P1,1.0,81,2.25,2.1,18.04923627350838,32.88785274664993,22.561545341885477,36.17663802131493
P1_rep9_a1,P1,1.0,82,2.25,2.1,18.04923627350838,32.88785274664993,22.561545341885477,36.17663802131493
P1_rep9_a1,P1,1.0,83,2.25,2.1,18.04923627350838,32.88785274664993,22.561545341885477,36.17663802131493
P1_rep9_a1,P1,1.0,84,2.25,2.1,18.04923627350838,32.88785274664993,22.561545341885477,36.17663802131493
P1_rep9_a1,P1,1.0,85,2.25,2.1,18.04923627350838,32.88785274664993,22.561545341885477,36.17663802131493
P1_rep9_a1,P1,1.0,86,2.25,2.1,18.04923627350838,32.88785274664993,22.561545341885477,36.17663802131493
P1_rep9_a1,P1,1.0,87,2.25,2.1,18.04923627350838,32.88785274664993,22.561545341885477,36.17663802131493
P1_rep9_a1,P1,1.0,88,2.25,2.1,18.04923627350838,32.88785274664993,22.561545341885477,36.17663802131493
P1_rep9_a1,P1,1.0,89,2.25,2.1,18.04923627350838,32.88785274664993,22.561545341885477,36.17663802131493
P1_rep9_a1,P1,1.0,90,2.25,2.12,18.51745726878424,31.146875128212702,23.1468215859803,34.88450014359823
P1_rep9_a1,P1,1.0,91,2.25,2.15,19.193465526864852,28.633285906303314,23.991831908581066,32.92827879224881
P1_rep9_a1,P1,1.0,92,2.25,2.1,18.04923627350838,32.88785274664993,22.561545341885477,36.17663802131493
P1_rep9_a1,P1,1.0,93,2.25,2.1,18.04923627350838,32.88785274664993,22.561545341885477,36.17663802131493
P1_rep9_a1,P1,1.0,94,2.25,2.1,18.04923627350838,32.88785274664993,22.561545341885477,36.17663802131493
P1_rep9_a1,P1,1.0,95,2.25,2.1,18.04923627350838,32.88785274664993,22.561545341885477,36.17663802131493
P1_rep9_a1,P1,1.0,96,2.25,2.05,16.824189429781768,37.4429221646897,21.03023678722721,39.31506827292418
P1_rep9_a1,P1,1.0,97,2.25,2.05,16.824189429781768,37.4429221646897,21.03023678722721,39.31506827292418
P1_rep9_a1,P1,1.0,98,2.25,2.05,16.824189429781768,37.4429221646897,21.03023678722721,39.31506827292418
P1_rep9_a1,P1,1.0,99,2.25,2.05,16.824189429781768,37.4429221646897,21.03023678722721,39.31506827292418
P1_rep9_a1,P1,1.0,100,2.25,2.05,16.824189429781768,37.4429221646897,21.03023678722721,39.31506827292418
P1_rep9_a1,P1,1.0,101,2.25,2.1,18.04923627350838,32.88785274664993,22.561545341885477,36.17663802131493
P1_rep9_a1,P1,1.0,102,2.25,2.1,18.04923627350838,32.88785274664993,22.561545341885477,36.17663802131493
P1_rep9_a1,P1,1.0,103,2.25,2.05,16.824189429781768,37.4429221646897,21.03023678722721,39.31506827292418
P1_rep9_a1,P1,1.0,104,2.25,2.15,19.193465526864852,28.633285906303314,23.991831908581066,32.92827879224881
P1_rep9_a1,P1,1.0,105,2.25,2.1,18.04923627350838,32.88785274664993,22.561545341885477,36.17663802131493
P1_rep9_a1,P1,1.0,106,2.3,2.1,15.277303255504568,34.0002636721166,19.860494232155936,37.40029003932827
P1_rep9_a1,P1,1.0,107,2.25,2.05,16.824189429781768,37.4429221646897,21.03023678722721,39.31506827292418
P1_rep9_a1,P1,1.0,108,2.25,2.05,16.824189429781768,37.4429221646897,21.03023678722721,39.31506827292418
P1_rep9_a1,P1,1.0,109,2.25,2.05,16.824189429781768,37.4429221646897,21.03023678722721,39.31506827292418
P1_rep9_a1,P1,1.0,110,2.25,2.05,16.824189429781768,37.4429221646897,21.03023678722721,39.31506827292418
P1_rep9_a1,P1,1.0,111,2.25,2.05,16.824189429781768,37.4429221646897,21.03023678722721,39.31506827292418
P1_rep9_a1,P1,1.0,112,2.25,2.05,16.824189429781768,37.4429221646897,21.03023678722721,39.31506827292418
P1_rep9_a1,P1,1.0,113,2.25,2.05,16.824189429781768,37.4429221646897,21.03023678722721,39.31506827292418
P1_rep9_a1,P1,1.0,114,2.25,2.05,16.824189429781768,37.4429221646897,21.03023678722721,39.31506827292418
P1_rep9_a1,P1,1.0,115,2.25,2.05,16.824189429781768,37.4429221646897,21.03023678722721,39.31506827292418
P1_rep9_a1,P1,1.0,116,2.25,2.05,16.824189429781768,37.4429221646897,21.03023678722721,39.31506827292418
P1_rep9_a1,P1,1.0,117,2.1,2.05,26.93074991777377,32.89329222889069,29.62382490955115,34.53795684033521
P1_rep9_a1,P1,1.0,118,2.15,2.05,23.180646674121864,34.58146121575098,26.65774367524014,36.31053427653852
P1_rep9_a1,P1,1.0,119,2.1,2.05,26.93074991777377,32.89329222889069,29.62382490955115,34.53795684033521
P1_rep9_a1,P1,1.0,120,2.1,2.05,26.93074991777377,32.89329222889069,29.62382490955115,34.53795684033521
P1_rep9_a1,P1,1.0,121,2.1,2.05,26.93074991777377,32.89329222889069,29.62382490955115,34.53795684033521
P1_rep9_a1,P1,1.0,122,2.1,2.05,26.93074991777377,32.89329222889069,29.62382490955115,34.53795684033521
P1_rep9_a1,P1,1.0,123,2.1,2.05,26.93074991777377,32.89329222889069,29.62382490955115,34.53795684033521
P1_rep9_a1,P1,1.0,124,2.1,2.05,26.93074991777377,32.89329222889069,29.62382490955115,34.53795684033521
P1_rep9_a1,P1,1.0,125,2.1,2.05,26.93074991777377,32.89329222889069,29.62382490955115,34.53795684033521
P1_rep9_a1,P1,1.0,126,2.1,2.05,26.93074991777377,32.89329222889069,29.62382490955115,34.53795684033521
P1_rep9_a1,P1,1.0,127,2.1,2.05,26.93074991777377,32.89329222889069,29.62382490955115,34.53795684033521
P1_rep9_a1,P1,1.0,128,2.1,2.05,26.93074991777377,32.89329222889069,29.62382490955115,34.53795684033521
P1_rep9_a1,P1,1.0,129,2.1,2.05,26.93074991777377,32.89329222889069,29.62382490955115,34.53795684033521
P1_rep9_a1,P1,1.0,130,2.1,2.05,26.93074991777377,32.89329222889069,29.62382490955115,34.53795684033521
P1_rep9_a1,P1,1.0,131,2.1,2.05,26.93074991777377,32.89329222889069,29.62382490955115,34.53795684033521
P1_rep9_a1,P1,1.0,132,2.1,2.05,26.93074991777377,32.89329222889069,29.62382490955115,34.53795684033521
P1_rep9_a1,P1,1.0,133,2.1,2.05,26.93074991777377,32.89329222889069,29.62382490955115,34.53795684033521
P1_rep9_a1,P1,1.0,134,2.1,2.05,26.93074991777377,32.89329222889069,29.62382490955115,34.53795684033521
P1_rep9_a1,P1,1.0,135,2.1,2.05,26.93074991777377,32.89329222889069,29.62382490955115,34.53795684033521
P1_rep9_a1,P1,1.0,136,2.1,2.05,26.93074991777377,32.89329222889069,29.62382490955115,34.53795684033521
P1_rep9_a1,P1,1.0,137,2.1,2.05,26.93074991777377,32.89329222889069,29.62382490955115,34.53795684033521
P1_rep9_a1,P1,1.0,138,2.1,2.05,26.93074991777377,32.89329222889069,29.62382490955115,34.53795684033521
P1_rep9_a1,P1,1.0,139,2.1,2.0,25.102610716299612,37.448694641850196,27.612871787929574,37.448694641850196
P1_rep9_a1,P1,1.0,140,2.1,2.0,25.102610716299612,37.448694641850196,27.612871787929574,37.448694641850196
P1_rep9_a1,P1,1.0,141,2.1,2.0,25.102610716299612,37.448694641850196,27.612871787929574,37.448694641850196
P1_rep9_a1,P1,1.0,142,2.1,2.0,25.102610716299612,37.448694641850196,27.612871787929574,37.448694641850196
P1_rep9_a1,P1,1.0,143,2.1,2.0,25.102610716299612,37.448694641850196,27.612871787929574,37.448694641850196
P1_rep9_a1,P1,1.0,144,2.1,2.0,25.102610716299612,37.448694641850196,27.612871787929574,37.448694641850196
P1_rep9_a1,P1,1.0,145,2.1,2.05,26.93074991777377,32.89329222889069,29.62382490955115,34.53795684033521
P1_rep9_a1,P1,1.0,146,2.1,2.05,26.93074991777377,32.89329222889069,29.62382490955115,34.53795684033521
P1_rep9_a1,P1,1.0,147,2.1,2.05,26.93074991777377,32.89329222889069,29.62382490955115,34.53795684033521
P1_rep9_a1,P1,1.0,148,2.1,2.05,26.93074991777377,32.89329222889069,29.62382490955115,34.53795684033521
P1_rep9_a1,P1,1.0,149,2.1,2.05,26.93074991777377,32.89329222889069,29.62382490955115,34.53795684033521
P1_rep9_a1,P1,1.0,150,2.1,2.05,26.93074991777377,32.89329222889069,29.62382490955115,34.53795684033521
P1_rep9_a1,P1,1.0,151,2.1,2.05,26.93074991777377,32.89329222889069,29.62382490955115,34.53795684033521
P1_rep9_a1,P1,1.0,152,2.1,2.05,26.93074991777377,32.89329222889069,29.62382490955115,34.53795684033521
P1_rep9_a1,P1,1.0,153,2.1,2.05,26.93074991777377,32.89329222889069,29.62382490955115,34.53795684033521
P1_rep9_a1,P1,1.0,154,2.1,2.05,26.93074991777377,32.89329222889069,29.62382490955115,34.53795684033521
P1_rep9_a1,P1,1.0,155,2.1,2.05,26.93074991777377,32.89329222889069,29.62382490955115,34.53795684033521
P1_rep9_a1,P1,1.0,156,2.1,2.05,26.93074991777377,32.89329222889069,29.62382490955115,34.53795684033521
P1_rep9_a1,P1,1.0,157,2.1,2.05,26.93074991777377,32.89329222889069,29.62382490955115,34.53795684033521
P1_rep9_a1,P1,1.0,158,2.1,2.05,26.93074991777377,32.89329222889069,29.62382490955115,34.53795684033521
P1_rep9_a1,P1,1.0,159,2.1,2.05,26.93074991777377,32.89329222889069,29.62382490955115,34.53795684033521
P1_rep9_a1,P1,1.0,160,2.1,2.1,28.63832198321698,28.63832198321698,31.50215418153868,31.50215418153868
P1_rep9_a1,P1,1.0,161,2.1,2.05,26.93074991777377,32.89329222889069,29.62382490955115,34.53795684033521
P1_rep9_a1,P1,1.0,162,2.1,2.05,26.93074991777377,32.89329222889069,29.62382490955115,34.53795684033521
P1_rep9_a1,P1,1.0,163,2.1,2.05,26.93074991777377,32.89329222889069,29.62382490955115,34.53795684033521
P1_rep9_a1,P1,1.0,164,2.1,2.08,27.971153509142027,30.300788864404595,30.76826886005623,32.724851973556966
P1_rep9_a1,P1,1.0,165,2.1,2.05,26.93074991777377,32.89329222889069,29.62382490955115,34.53795684033521
P1_rep9_a1,P1,1.0,166,2.1,2.08,27.971153509142027,30.300788864404595,30.76826886005623,32.724851973556966
P1_rep9_a1,P1,1.0,167,2.1,2.08,27.971153509142027,30.300788864404595,30.76826886005623,32.724851973556966
P1_rep9_a1,P1,1.0,168,2.1,2.05,26.93074991777377,32.89329222889069,29.62382490955115,34.53795684033521
P1_rep9_a1,P1,1.0,169,2.1,2.05,26.93074991777377,32.89329222889069,29.62382490955115,34.53795684033521
P1_rep9_a1,P1,1.0,170,2.1,2.05,26.93074991777377,32.89329222889069,29.62382490955115,34.53795684033521
P1_rep9_a1,P1,1.0,171,2.1,2.0,25.102610716299612,37.448694641850196,27.612871787929574,37.448694641850196
P1_rep9_a1,P1,1.0,172,2.1,2.05,26.93074991777377,32.89329222889069,29.62382490955115,34.53795684033521
P1_rep9_a1,P1,1.0,173,2.05,2.05,31.042377345300565,31.042377345300565,32.59449621256559,32.59449621256559
P1_rep9_a1,P1,1.0,174,2.05,2.05,31.042377345300565,31.042377345300565,32.59449621256559,32.59449621256559
P1_rep9_a1,P1,1.0,175,2.05,2.05,31.042377345300565,31.042377345300565,32.59449621256559,32.59449621256559
P1_rep9_a1,P1,1.0,176,2.1,2.06,27.282631597437376,32.01646476885742,30.010894757181116,33.93745265498887
P1_rep9_a1,P1,1.0,177,2.1,2.05,26.93074991777377,32.89329222889069,29.62382490955115,34.53795684033521
P1_rep9_a1,P1,1.0,178,2.1,2.05,26.93074991777377,32.89329222889069,29.62382490955115,34.53795684033521
P1_rep9_a1,P1,1.0,179,2.05,2.05,31.042377345300565,31.042377345300565,32.59449621256559,32.59449621256559
P1_rep9_a1,P1,1.0,180,2.05,2.05,31.042377345300565,31.042377345300565,32.59449621256559,32.59449621256559
P1_rep9_a1,P1,1.0,181,2.05,2.05,31.042377345300565,31.042377345300565,32.59449621256559,32.59449621256559
P1_rep9_a1,P1,1.0,182,2.05,2.05,31.042377345300565,31.042377345300565,32.59449621256559,32.59449621256559
P1_rep9_a1,P1,1.0,183,2.05,2.05,31.042377345300565,31.042377345300565,32.59449621256559,32.59449621256559
P1_rep9_a1,P1,1.0,184,2.05,2.05,31.042377345300565,31.042377345300565,32.59449621256559,32.59449621256559
P1_rep9_a1,P1,1.0,185,2.1,2.05,26.93074991777377,32.89329222889069,29.62382490955115,34.53795684033521
P1_rep9_a1,P1,1.0,186,2.1,2.05,26.93074991777377,32.89329222889069,29.62382490955115,34.53795684033521
P1_rep9_a1,P1,1.0,187,2.05,2.05,31.042377345300565,31.042377345300565,32.59449621256559,32.59449621256559
P1_rep9_a1,P1,1.0,188,2.05,2.05,31.042377345300565,31.042377345300565,32.59449621256559,32.59449621256559
P1_rep9_a1,P1,1.0,189,2.05,2.06,31.4248775056562,30.19269043408985,32.99612138093901,32.00425186013524
P1_rep9_a1,P1,1.0,190,2.05,2.05,31.042377345300565,31.042377345300565,32.59449621256559,32.59449621256559
P1_rep9_a1,P1,1.0,191,2.05,2.05,31.042377345300565,31.042377345300565,32.59449621256559,32.59449621256559
P1_rep9_a1,P1,1.0,192,2.05,2.05,31.042377345300565,31.042377345300565,32.59449621256559,32.59449621256559
P1_rep9_a1,P1,1.0,193,2.05,2.05,31.042377345300565,31.042377345300565,32.59449621256559,32.59449621256559
P1_rep9_a1,P1,1.0,194,2.05,2.05,31.042377345300565,31.042377345300565,32.59449621256559,32.59449621256559
P1_rep9_a1,P1,1.0,195,2.1,2.05,26.93074991777377,32.89329222889069,29.62382490955115,34.53795684033521
P1_rep9_a1,P1,1.0,196,2.1,2.05,26.93074991777377,32.89329222889069,29.62382490955115,34.53795684033521
P1_rep9_a1,P1,1.0,197,2.1,2.05,26.93074991777377,32.89329222889069,29.62382490955115,34.53795684033521
P1_rep9_a1,P1,1.0,198,2.1,2.05,26.93074991777377,32.89329222889069,29.62382490955115,34.53795684033521
P1_rep9_a1,P1,1.0,199,2.05,2.06,31.4248775056562,30.19269043408985,32.99612138093901,32.00425186013524
P1_rep9_a1,P1,1.0,200,2.05,2.06,31.4248775056562,30.19269043408985,32.99612138093901,32.00425186013524
P1_rep9_a1,P1,1.0,201,2.05,2.05,31.042377345300565,31.042377345300565,32.59449621256559,32.59449621256559
P1_rep9_a1,P1,1.0,202,2.05,2.0,29.04607870701908,35.476960646490454,30.49838264237003,35.476960646490454
P1_rep9_a1,P1,1.0,203,2.05,2.0,29.04607870701908,35.476960646490454,30.49838264237003,35.476960646490454
P1_rep9_a1,P1,1.0,204,2.05,2.0,29.04607870701908,35.476960646490454,30.49838264237003,35.476960646490454
P1_rep9_a1,P1,1.0,205,2.05,2.0,29.04607870701908,35.476960646490454,30.49838264237003,35.476960646490454
P1_rep9_a1,P1,1.0,206,2.05,2.0,29.04607870701908,35.476960646490454,30.49838264237003,35.476960646490454
P1_rep9_a1,P1,1.0,207,2.05,2.0,29.04607870701908,35.476960646490454,30.49838264237003,35.476960646490454
P1_rep9_a1,P1,1.0,208,2.05,2.0,29.04607870701908,35.476960646490454,30.49838264237003,35.476960646490454
P1_rep9_a1,P1,1.0,209,2.05,2.0,29.04607870701908,35.476960646490454,30.49838264237003,35.476960646490454
P1_rep9_a1,P1,1.0,210,2.05,2.0,29.04607870701908,35.476960646490454,30.49838264237003,35.476960646490454
P1_rep9_a1,P1,1.0,211,2.05,2.0,29.04607870701908,35.476960646490454,30.49838264237003,35.476960646490454
P1_rep9_a1,P1,1.0,212,2.05,2.0,29.04607870701908,35.476960646490454,30.49838264237003,35.476960646490454
P1_rep9_a1,P1,1.0,213,2.05,2.0,29.04607870701908,35.476960646490454,30.49838264237003,35.476960646490454
P1_rep9_a1,P1,1.0,214,2.05,2.0,29.04607870701908,35.476960646490454,30.49838264237003,35.476960646490454
P1_rep9_a1,P1,1.0,215,2.05,2.0,29.04607870701908,35.476960646490454,30.49838264237003,35.476960646490454
P1_rep9_a1,P1,1.0,216,2.05,2.0,29.04607870701908,35.476960646490454,30.49838264237003,35.476960646490454
P1_rep9_a1,P1,1.0,217,2.05,2.0,29.04607870701908,35.476960646490454,30.49838264237003,35.476960646490454
P1_rep9_a1,P1,1.0,218,2.05,2.0,29.04607870701908,35.476960646490454,30.49838264237003,35.476960646490454
P1_rep9_a1,P1,1.0,219,2.05,2.0,29.04607870701908,35.476960646490454,30.49838264237003,35.476960646490454
P1_rep9_a1,P1,1.0,220,2.05,2.0,29.04607870701908,35.476960646490454,30.49838264237003,35.476960646490454
P1_rep9_a1,P1,1.0,221,2.05,2.0,29.04607870701908,35.476960646490454,30.49838264237003,35.476960646490454
P1_rep9_a1,P1,1.0,222,2.05,2.0,29.04607870701908,35.476960646490454,30.49838264237003,35.476960646490454
P1_rep9_a1,P1,1.0,223,2.05,2.0,29.04607870701908,35.476960646490454,30.49838264237003,35.476960646490454
P1_rep9_a1,P1,1.0,224,2.05,2.0,29.04607870701908,35.476960646490454,30.49838264237003,35.476960646490454
P1_rep9_a1,P1,1.0,225,2.05,2.0,29.04607870701908,35.476960646490454,30.49838264237003,35.476960646490454
P1_rep9_a1,P1,1.0,226,2.05,2.0,29.04607870701908,35.476960646490454,30.49838264237003,35.476960646490454
P1_rep9_a1,P1,1.0,227,2.05,2.0,29.04607870701908,35.476960646490454,30.49838264237003,35.476960646490454
P1_rep9_a1,P1,1.0,228,2.05,2.0,29.04607870701908,35.476960646490454,30.49838264237003,35.476960646490454
P1_rep9_a1,P1,1.0,229,2.05,2.0,29.04607870701908,35.476960646490454,30.49838264237003,35.476960646490454
P1_rep9_a1,P1,1.0,230,2.05,2.0,29.04607870701908,35.476960646490454,30.49838264237003,35.476960646490454
P1_rep9_a1,P1,1.0,231,2.05,2.0,29.04607870701908,35.476960646490454,30.49838264237003,35.476960646490454
P1_rep9_a1,P1,1.0,232,2.05,2.0,29.04607870701908,35.476960646490454,30.49838264237003,35.476960646490454
P1_rep9_a1,P1,1.0,233,2.05,2.0,29.04607870701908,35.476960646490454,30.49838264237003,35.476960646490454
P1_rep9_a1,P1,1.0,234,2.05,2.0,29.04607870701908,35.476960646490454,30.49838264237003,35.476960646490454
P1_rep9_a1,P1,1.0,235,2.05,2.0,29.04607870701908,35.476960646490454,30.49838264237003,35.476960646490454
P1_rep9_a1,P1,1.0,236,2.05,2.0,29.04607870701908,35.476960646490454,30.49838264237003,35.476960646490454
P1_rep9_a1,P1,1.0,237,2.05,2.0,29.04607870701908,35.476960646490454,30.49838264237003,35.476960646490454
P1_rep9_a1,P1,1.0,238,2.05,2.0,29.04607870701908,35.476960646490454,30.49838264237003,35.476960646490454
P1_rep9_a1,P1,1.0,239,2.05,2.0,29.04607870701908,35.476960646490454,30.49838264237003,35.476960646490454
P1_rep9_a1,P1,1.0,240,2.05,2.0,29.04607870701908,35.476960646490454,30.49838264237003,35.476960646490454
P1_rep9_a1,P1,1.0,241,2.05,2.0,29.04607870701908,35.476960646490454,30.49838264237003,35.476960646490454
P1_rep9_a1,P1,1.0,242,2.05,2.0,29.04607870701908,35.476960646490454,30.49838264237003,35.476960646490454
P1_rep9_a1,P1,1.0,243,2.05,2.0,29.04607870701908,35.476960646490454,30.49838264237003,35.476960646490454
P1_rep9_a1,P1,1.0,244,2.05,2.0,29.04607870701908,35.476960646490454,30.49838264237003,35.476960646490454
P1_rep9_a1,P1,1.0,245,2.05,2.0,29.04607870701908,35.476960646490454,30.49838264237003,35.476960646490454
P1_rep9_a1,P1,1.0,246,2.05,2.0,29.04607870701908,35.476960646490454,30.49838264237003,35.476960646490454
P1_rep9_a1,P1,1.0,247,2.05,2.0,29.04607870701908,35.476960646490454,30.49838264237003,35.476960646490454
P1_rep9_a1,P1,1.0,248,2.05,2.0,29.04607870701908,35.476960646490454,30.49838264237003,35.476960646490454
P1_rep9_a1,P1,1.0,249,2.05,2.0,29.04607870701908,35.476960646490454,30.49838264237003,35.476960646490454
P1_rep9_a1,P1,1.0,250,2.05,2.0,29.04607870701908,35.476960646490454,30.49838264237003,35.476960646490454
P1_rep9_a1,P1,1.0,251,2.05,2.0,29.04607870701908,35.476960646490454,30.49838264237003,35.476960646490454
P1_rep9_a1,P1,1.0,252,2.05,2.0,29.04607870701908,35.476960646490454,30.49838264237003,35.476960646490454
P1_rep9_a1,P1,1.0,253,2.05,2.0,29.04607870701908,35.476960646490454,30.49838264237003,35.476960646490454
P1_rep9_a1,P1,1.0,254,2.05,2.0,29.04607870701908,35.476960646490454,30.49838264237003,35.476960646490454
P1_rep9_a1,P1,1.0,255,2.05,2.0,29.04607870701908,35.476960646490454,30.49838264237003,35.476960646490454
P1_rep9_a1,P1,1.0,256,2.05,2.0,29.04607870701908,35.476960646490454,30.49838264237003,35.476960646490454
P1_rep9_a1,P1,1.0,257,2.05,2.0,29.04607870701908,35.476960646490454,30.49838264237003,35.476960646490454
P1_rep9_a1,P1,1.0,258,2.05,2.0,29.04607870701908,35.476960646490454,30.49838264237003,35.476960646490454
P1_rep9_a1,P1,1.0,259,2.05,2.0,29.04607870701908,35.476960646490454,30.49838264237003,35.476960646490454
P1_rep9_a1,P1,1.0,260,2.05,2.0,29.04607870701908,35.476960646490454,30.49838264237003,35.476960646490454
P1_rep9_a1,P1,1.0,261,2.05,2.0,29.04607870701908,35.476960646490454,30.49838264237003,35.476960646490454
P1_rep9_a1,P1,1.0,262,2.05,2.0,29.04607870701908,35.476960646490454,30.49838264237003,35.476960646490454
P1_rep9_a1,P1,1.0,263,2.05,2.0,29.04607870701908,35.476960646490454,30.49838264237003,35.476960646490454
P1_rep9_a1,P1,1.0,264,2.05,2.0,29.04607870701908,35.476960646490454,30.49838264237003,35.476960646490454
P1_rep9_a1,P1,1.0,265,2.05,2.0,29.04607870701908,35.476960646490454,30.49838264237003,35.476960646490454
P1_rep9_a1,P1,1.0,266,2.05,2.0,29.04607870701908,35.476960646490454,30.49838264237003,35.476960646490454
P1_rep9_a1,P1,1.0,267,2.05,2.0,29.04607870701908,35.476960646490454,30.49838264237003,35.476960646490454
P1_rep9_a1,P1,1.0,268,2.05,2.0,29.04607870701908,35.476960646490454,30.49838264237003,35.476960646490454
P1_rep9_a1,P1,1.0,269,2.05,2.0,29.04607870701908,35.476960646490454,30.49838264237003,35.476960646490454
P1_rep9_a1,P1,1.0,270,2.05,2.0,29.04607870701908,35.476960646490454,30.49838264237003,35.476960646490454
P1_rep9_a1,P1,1.0,271,2.05,2.0,29.04607870701908,35.476960646490454,30.49838264237003,35.476960646490454
P1_rep9_a1,P1,1.0,272,2.05,2.0,29.04607870701908,35.476960646490454,30.49838264237003,35.476960646490454
P1_rep9_a1,P1,1.0,273,2.05,2.0,29.04607870701908,35.476960646490454,30.49838264237003,35.476960646490454
P1_rep9_a1,P1,1.0,274,2.05,2.0,29.04607870701908,35.476960646490454,30.49838264237003,35.476960646490454
P1_rep9_a1,P1,1.0,275,2.05,2.0,29.04607870701908,35.476960646490454,30.49838264237003,35.476960646490454
P1_rep9_a1,P1,1.0,276,2.05,2.0,29.04607870701908,35.476960646490454,30.49838264237003,35.476960646490454
P1_rep9_a1,P1,1.0,277,2.05,2.0,29.04607870701908,35.476960646490454,30.49838264237003,35.476960646490454
P1_rep9_a1,P1,1.0,278,2.05,2.0,29.04607870701908,35.476960646490454,30.49838264237003,35.476960646490454
P1_rep9_a1,P1,1.0,279,2.05,2.0,29.04607870701908,35.476960646490454,30.49838264237003,35.476960646490454
P1_rep9_a1,P1,1.0,280,2.05,2.0,29.04607870701908,35.476960646490454,30.49838264237003,35.476960646490454
P1_rep9_a1,P1,1.0,281,2.05,2.0,29.04607870701908,35.476960646490454,30.49838264237003,35.476960646490454
P1_rep9_a1,P1,1.0,282,2.05,2.0,29.04607870701908,35.476960646490454,30.49838264237003,35.476960646490454
P1_rep9_a1,P1,1.0,283,2.05,2.0,29.04607870701908,35.476960646490454,30.49838264237003,35.476960646490454
P1_rep9_a1,P1,1.0,284,2.05,2.0,29.04607870701908,35.476960646490454,30.49838264237003,35.476960646490454
P1_rep9_a1,P1,1.0,285,2.05,2.0,29.04607870701908,35.476960646490454,30.49838264237003,35.476960646490454
P1_rep9_a1,P1,1.0,286,2.05,2.0,29.04607870701908,35.476960646490454,30.49838264237003,35.476960646490454
P1_rep9_a1,P1,1.0,287,2.05,2.0,29.04607870701908,35.476960646490454,30.49838264237003,35.476960646490454
P1_rep9_a1,P1,1.0,288,2.05,2.0,29.04607870701908,35.476960646490454,30.49838264237003,35.476960646490454
P1_rep9_a1,P1,1.0,289,2.05,2.0,29.04607870701908,35.476960646490454,30.49838264237003,35.476960646490454
P1_rep9_a1,P1,1.0,290,2.05,2.0,29.04607870701908,35.476960646490454,30.49838264237003,35.476960646490454
P1_rep9_a1,P1,1.0,291,2.05,2.0,29.04607870701908,35.476960646490454,30.49838264237003,35.476960646490454
P1_rep9_a1,P1,1.0,292,2.05,2.0,29.04607870701908,35.476960646490454,30.49838264237003,35.476960646490454
P1_rep9_a1,P1,1.0,293,2.05,2.0,29.04607870701908,35.476960646490454,30.49838264237003,35.476960646490454
P1_rep9_a1,P1,1.0,294,2.05,2.0,29.04607870701908,35.476960646490454,30.49838264237003,35.476960646490454
P1_rep9_a1,P1,1.0,295,2.05,2.0,29.04607870701908,35.476960646490454,30.49838264237003,35.476960646490454
P1_rep9_a1,P1,1.0,296,2.05,2.0,29.04607870701908,35.476960646490454,30.49838264237003,35.476960646490454
P1_rep9_a1,P1,1.0,297,2.05,2.0,29.04607870701908,35.476960646490454,30.49838264237003,35.476960646490454
P1_rep9_a1,P1,1.0,298,2.05,2.0,29.04607870701908,35.476960646490454,30.49838264237003,35.476960646490454
P1_rep9_a1,P1,1.0,299,2.05,2.0,29.04607870701908,35.476960646490454,30.49838264237003,35.476960646490454
P1_rep9_a1,P1,1.0,300,2.05,2.0,29.04607870701908,35.476960646490454,30.49838264237003,35.476960646490454
P1_rep10_a1,P1,1.0,1,1.0,2.49,97.95321364236102,0.2527106685744631,0.0,0.3765388961759501
P1_rep10_a1,P1,1.0,2,1.25,2.29,93.86193390934389,1.4649555699716854,23.465483477335972,1.8897926852634743
P1_rep10_a1,P1,1.0,3,1.5,2.29,84.90686814668608,3.602236803948423,42.45343407334304,4.646885477093465
P1_rep10_a1,P1,1.0,4,1.75,2.29,67.42158333913946,7.7754022591640775,50.566187504354595,10.03026891432166
P1_rep10_a1,P1,1.0,5,1.75,2.29,67.42158333913946,7.7754022591640775,50.566187504354595,10.03026891432166
P1_rep10_a1,P1,1.0,6,2.0,2.29,43.22480973793825,13.550380524123508,43.22480973793825,17.479990876119327
P1_rep10_a1,P1,1.0,7,2.25,2.29,21.879800344794777,18.644735967637633,27.34975043099347,24.051709398252548
P1_rep10_a1,P1,1.0,8,2.5,2.29,9.3410600676659,21.637323068869836,14.01159010149885,27.91214675884209
P1_rep10_a1,P1,1.0,9,2.0,2.39,45.24608294622788,9.507834107544245,45.24608294622788,13.2158894094865
P1_rep10_a1,P1,1.0,10,2.0,2.29,43.22480973793825,13.550380524123508,43.22480973793825,17.479990876119327
P1_rep10_a1,P1,1.0,11,2.0,2.29,43.22480973793825,13.550380524123508,43.22480973793825,17.479990876119327
P1_rep10_a1,P1,1.0,12,2.0,2.29,43.22480973793825,13.550380524123508,43.22480973793825,17.479990876119327
P1_rep10_a1,P1,1.0,13,2.0,2.29,43.22480973793825,13.550380524123508,43.22480973793825,17.479990876119327
P1_rep10_a1,P1,1.0,14,2.0,2.29,43.22480973793825,13.550380524123508,43.22480973793825,17.479990876119327
P1_rep10_a1,P1,1.0,15,1.75,2.29,67.42158333913946,7.7754022591640775,50.566187504354595,10.03026891432166
P1_rep10_a1,P1,1.0,16,1.75,2.29,67.42158333913946,7.7754022591640775,50.566187504354595,10.03026891432166
P1_rep10_a1,P1,1.0,17,1.75,2.29,67.42158333913946,7.7754022591640775,50.566187504354595,10.03026891432166
P1_rep10_a1,P1,1.0,18,1.75,2.29,67.42158333913946,7.7754022591640775,50.566187504354595,10.03026891432166
P1_rep10_a1,P1,1.0,19,1.75,2.29,67.42158333913946,7.7754022591640775,50.566187504354595,10.03026891432166
P1_rep10_a1,P1,1.0,20,2.0,2.29,43.22480973793825,13.550380524123508,43.22480973793825,17.479990876119327
P1_rep10_a1,P1,1.0,21,1.75,2.29,67.42158333913946,7.7754022591640775,50.566187504354595,10.03026891432166
P1_rep10_a1,P1,1.0,22,1.75,2.29,67.42158333913946,7.7754022591640775,50.566187504354595,10.03026891432166
P1_rep10_a1,P1,1.0,23,1.75,2.29,67.42158333913946,7.7754022591640775,50.566187504354595,10.03026891432166
P1_rep10_a1,P1,1.0,24,1.75,2.29,67.42158333913946,7.7754022591640775,50.566187504354595,10.03026891432166
P1_rep10_a1,P1,1.0,25,1.75,2.29,67.42158333913946,7.7754022591640775,50.566187504354595,10.03026891432166
P1_rep10_a1,P1,1.0,26,1.75,2.29,67.42158333913946,7.7754022591640775,50.566187504354595,10.03026891432166
P1_rep10_a1,P1,1.0,27,1.75,2.29,67.42158333913946,7.7754022591640775,50.566187504354595,10.03026891432166
P1_rep10_a1,P1,1.0,28,1.75,2.29,67.42158333913946,7.7754022591640775,50.566187504354595,10.03026891432166
P1_rep10_a1,P1,1.0,29,1.75,2.29,67.42158333913946,7.7754022591640775,50.566187504354595,10.03026891432166
P1_rep10_a1,P1,1.0,30,1.75,2.29,67.42158333913946,7.7754022591640775,50.566187504354595,10.03026891432166
P1_rep10_a1,P1,1.0,31,1.75,2.29,67.42158333913946,7.7754022591640775,50.566187504354595,10.03026891432166
P1_rep10_a1,P1,1.0,32,1.75,2.29,67.42158333913946,7.7754022591640775,50.566187504354595,10.03026891432166
P1_rep10_a1,P1,1.0,33,1.75,2.29,67.42158333913946,7.7754022591640775,50.566187504354595,10.03026891432166
P1_rep10_a1,P1,1.0,34,1.75,2.29,67.42158333913946,7.7754022591640775,50.566187504354595,10.03026891432166
P1_rep10_a1,P1,1.0,35,1.75,2.29,67.42158333913946,7.7754022591640775,50.566187504354595,10.03026891432166
P1_rep10_a1,P1,1.0,36,1.75,2.29,67.42158333913946,7.7754022591640775,50.566187504354595,10.03026891432166
P1_rep10_a1,P1,1.0,37,1.75,2.29,67.42158333913946,7.7754022591640775,50.566187504354595,10.03026891432166
P1_rep10_a1,P1,1.0,38,1.75,2.29,67.42158333913946,7.7754022591640775,50.566187504354595,10.03026891432166
P1_rep10_a1,P1,1.0,39,1.75,2.29,67.42158333913946,7.7754022591640775,50.566187504354595,10.03026891432166
P1_rep10_a1,P1,1.0,40,1.75,2.29,67.42158333913946,7.7754022591640775,50.566187504354595,10.03026891432166
P1_rep10_a1,P1,1.0,41,1.75,2.29,67.42158333913946,7.7754022591640775,50.566187504354595,10.03026891432166
P1_rep10_a1,P1,1.0,42,1.75,2.29,67.42158333913946,7.7754022591640775,50.566187504354595,10.03026891432166
P1_rep10_a1,P1,1.0,43,1.75,2.29,67.42158333913946,7.7754022591640775,50.566187504354595,10.03026891432166
P1_rep10_a1,P1,1.0,44,1.75,2.29,67.42158333913946,7.7754022591640775,50.566187504354595,10.03026891432166
P1_rep10_a1,P1,1.0,45,1.75,2.29,67.42158333913946,7.7754022591640775,50.566187504354595,10.03026891432166
P1_rep10_a1,P1,1.0,46,1.75,2.29,67.42158333913946,7.7754022591640775,50.566187504354595,10.03026891432166
P1_rep10_a1,P1,1.0,47,1.75,2.29,67.42158333913946,7.7754022591640775,50.566187504354595,10.03026891432166
P1_rep10_a1,P1,1.0,48,1.75,2.29,67.42158333913946,7.7754022591640775,50.566187504354595,10.03026891432166
P1_rep10_a1,P1,1.0,49,1.75,2.29,67.42158333913946,7.7754022591640775,50.566187504354595,10.03026891432166
P1_rep10_a1,P1,1.0,50,1.75,2.29,67.42158333913946,7.7754022591640775,50.566187504354595,10.03026891432166
P1_rep10_a1,P1,1.0,51,1.75,2.29,67.42158333913946,7.7754022591640775,50.566187504354595,10.03026891432166
P1_rep10_a1,P1,1.0,52,1.75,2.29,67.42158333913946,7.7754022591640775,50.566187504354595,10.03026891432166
P1_rep10_a1,P1,1.0,53,1.75,2.29,67.42158333913946,7.7754022591640775,50.566187504354595,10.03026891432166
P1_rep10_a1,P1,1.0,54,1.75,2.29,67.42158333913946,7.7754022591640775,50.566187504354595,10.03026891432166
P1_rep10_a1,P1,1.0,55,1.75,2.29,67.42158333913946,7.7754022591640775,50.566187504354595,10.03026891432166
P1_rep10_a1,P1,1.0,56,1.8,2.29,62.88567054479153,8.857976251500405,50.308536435833226,11.426789364435523
P1_rep10_a1,P1,1.0,57,1.8,2.29,62.88567054479153,8.857976251500405,50.308536435833226,11.426789364435523
P1_rep10_a1,P1,1.0,58,1.8,2.29,62.88567054479153,8.857976251500405,50.308536435833226,11.426789364435523
P1_rep10_a1,P1,1.0,59,1.85,2.29,58.11059783591409,9.997629891355897,49.39400816052699,12.896942559849109
P1_rep10_a1,P1,1.0,60,1.8,2.29,62.88567054479153,8.857976251500405,50.308536435833226,11.426789364435523
P1_rep10_a1,P1,1.0,61,1.8,2.29,62.88567054479153,8.857976251500405,50.308536435833226,11.426789364435523
P1_rep10_a1,P1,1.0,62,1.75,2.29,67.42158333913946,7.7754022591640775,50.566187504354595,10.03026891432166
P1_rep10_a1,P1,1.0,63,1.75,2.29,67.42158333913946,7.7754022591640775,50.566187504354595,10.03026891432166
P1_rep10_a1,P1,1.0,64,1.8,2.29,62.88567054479153,8.857976251500405,50.308536435833226,11.426789364435523
P1_rep10_a1,P1,1.0,65,1.75,2.29,67.42158333913946,7.7754022591640775,50.566187504354595,10.03026891432166
P1_rep10_a1,P1,1.0,66,1.8,2.29,62.88567054479153,8.857976251500405,50.308536435833226,11.426789364435523
P1_rep10_a1,P1,1.0,67,1.75,2.29,67.42158333913946,7.7754022591640775,50.566187504354595,10.03026891432166
P1_rep10_a1,P1,1.0,68,1.75,2.29,67.42158333913946,7.7754022591640775,50.566187504354595,10.03026891432166
P1_rep10_a1,P1,1.0,69,1.75,2.29,67.42158333913946,7.7754022591640775,50.566187504354595,10.03026891432166
P1_rep10_a1,P1,1.0,70,1.75,2.29,67.42158333913946,7.7754022591640775,50.566187504354595,10.03026891432166
P1_rep10_a1,P1,1.0,71,1.75,2.39,69.19533252036247,5.349127220374437,51.896499390271856,7.4352868363204685
P1_rep10_a1,P1,1.0,72,1.75,2.29,67.42158333913946,7.7754022591640775,50.566187504354595,10.03026891432166
P1_rep10_a1,P1,1.0,73,1.75,2.29,67.42158333913946,7.7754022591640775,50.566187504354595,10.03026891432166
P1_rep10_a1,P1,1.0,74,1.75,2.29,67.42158333913946,7.7754022591640775,50.566187504354595,10.03026891432166
P1_rep10_a1,P1,1.0,75,1.75,2.29,67.42158333913946,7.7754022591640775,50.566187504354595,10.03026891432166
P1_rep10_a1,P1,1.0,76,1.75,2.19,64.93825681929063,11.17229355138114,48.70369261446797,13.295029326143556
P1_rep10_a1,P1,1.0,77,1.75,2.19,64.93825681929063,11.17229355138114,48.70369261446797,13.295029326143556
P1_rep10_a1,P1,1.0,78,1.85,2.19,55.38716586159465,14.21571302329236,47.07909098235546,16.916698497717906
P1_rep10_a1,P1,1.0,79,1.85,2.29,58.11059783591409,9.997629891355897,49.39400816052699,12.896942559849109
P1_rep10_a1,P1,1.0,80,1.75,2.19,64.93825681929063,11.17229355138114,48.70369261446797,13.295029326143556
P1_rep10_a1,P1,1.0,81,1.8,2.19,60.26038384161437,12.662880309526896,48.2083070732915,15.068827568337005
P1_rep10_a1,P1,1.0,82,1.75,2.29,67.42158333913946,7.7754022591640775,50.566187504354595,10.03026891432166
P1_rep10_a1,P1,1.0,83,1.75,2.29,67.42158333913946,7.7754022591640775,50.566187504354595,10.03026891432166
P1_rep10_a1,P1,1.0,84,1.75,2.19,64.93825681929063,11.17229355138114,48.70369261446797,13.295029326143556
P1_rep10_a1,P1,1.0,85,1.75,2.19,64.93825681929063,11.17229355138114,48.70369261446797,13.295029326143556
P1_rep10_a1,P1,1.0,86,1.75,2.19,64.93825681929063,11.17229355138114,48.70369261446797,13.295029326143556
P1_rep10_a1,P1,1.0,87,1.75,2.19,64.93825681929063,11.17229355138114,48.70369261446797,13.295029326143556
P1_rep10_a1,P1,1.0,88,1.75,2.19,64.93825681929063,11.17229355138114,48.70369261446797,13.295029326143556
P1_rep10_a1,P1,1.0,89,1.8,2.19,60.26038384161437,12.662880309526896,48.2083070732915,15.068827568337005
P1_rep10_a1,P1,1.0,90,1.75,2.29,67.42158333913946,7.7754022591640775,50.566187504354595,10.03026891432166
P1_rep10_a1,P1,1.0,91,1.75,2.39,69.19533252036247,5.349127220374437,51.896499390271856,7.4352868363204685
P1_rep10_a1,P1,1.0,92,1.75,2.29,67.42158333913946,7.7754022591640775,50.566187504354595,10.03026891432166
P1_rep10_a1,P1,1.0,93,1.75,2.19,64.93825681929063,11.17229355138114,48.70369261446797,13.295029326143556
P1_rep10_a1,P1,1.0,94,1.75,2.19,64.93825681929063,11.17229355138114,48.70369261446797,13.295029326143556
P1_rep10_a1,P1,1.0,95,1.75,2.09,61.55587832440207,15.798979556799594,46.166908743301555,17.220887716911555
P1_rep10_a1,P1,1.0,96,1.75,2.09,61.55587832440207,15.798979556799594,46.166908743301555,17.220887716911555
P1_rep10_a1,P1,1.0,97,1.8,2.09,56.72744546338114,17.78327022954164,45.38195637070491,19.383764550200382
P1_rep10_a1,P1,1.0,98,1.75,2.09,61.55587832440207,15.798979556799594,46.166908743301555,17.220887716911555
P1_rep10_a1,P1,1.0,99,1.75,2.09,61.55587832440207,15.798979556799594,46.166908743301555,17.220887716911555
P1_rep10_a1,P1,1.0,100,1.75,2.09,61.55587832440207,15.798979556799594,46.166908743301555,17.220887716911555
P1_rep10_a1,P1,1.0,101,1.75,2.09,61.55587832440207,15.798979556799594,46.166908743301555,17.220887716911555
P1_rep10_a1,P1,1.0,102,1.75,2.09,61.55587832440207,15.798979556799594,46.166908743301555,17.220887716911555
P1_rep10_a1,P1,1.0,103,1.75,2.09,61.55587832440207,15.798979556799594,46.166908743301555,17.220887716911555
P1_rep10_a1,P1,1.0,104,1.75,2.09,61.55587832440207,15.798979556799594,46.166908743301555,17.220887716911555
P1_rep10_a1,P1,1.0,105,1.75,2.09,61.55587832440207,15.798979556799594,46.166908743301555,17.220887716911555
P1_rep10_a1,P1,1.0,106,1.75,2.09,61.55587832440207,15.798979556799594,46.166908743301555,17.220887716911555
P1_rep10_a1,P1,1.0,107,1.75,2.09,61.55587832440207,15.798979556799594,46.166908743301555,17.220887716911555
P1_rep10_a1,P1,1.0,108,1.75,2.09,61.55587832440207,15.798979556799594,46.166908743301555,17.220887716911555
P1_rep10_a1,P1,1.0,109,1.75,2.09,61.55587832440207,15.798979556799594,46.166908743301555,17.220887716911555
P1_rep10_a1,P1,1.0,110,1.75,2.09,61.55587832440207,15.798979556799594,46.166908743301555,17.220887716911555
P1_rep10_a1,P1,1.0,111,1.75,2.09,61.55587832440207,15.798979556799594,46.166908743301555,17.220887716911555
P1_rep10_a1,P1,1.0,112,1.75,2.09,61.55587832440207,15.798979556799594,46.166908743301555,17.220887716911555
P1_rep10_a1,P1,1.0,113,1.75,2.09,61.55587832440207,15.798979556799594,46.166908743301555,17.220887716911555
P1_rep10_a1,P1,1.0,114,1.75,2.09,61.55587832440207,15.798979556799594,46.166908743301555,17.220887716911555
P1_rep10_a1,P1,1.0,115,1.75,2.09,61.55587832440207,15.798979556799594,46.166908743301555,17.220887716911555
P1_rep10_a1,P1,1.0,116,1.75,2.09,61.55587832440207,15.798979556799594,46.166908743301555,17.220887716911555
P1_rep10_a1,P1,1.0,117,1.75,2.19,64.93825681929063,11.17229355138114,48.70369261446797,13.295029326143556
P1_rep10_a1,P1,1.0,118,1.75,2.09,61.55587832440207,15.798979556799594,46.166908743301555,17.220887716911555
P1_rep10_a1,P1,1.0,119,1.75,2.09,61.55587832440207,15.798979556799594,46.166908743301555,17.220887716911555
P1_rep10_a1,P1,1.0,120,1.75,2.09,61.55587832440207,15.798979556799594,46.166908743301555,17.220887716911555
P1_rep10_a1,P1,1.0,121,1.75,2.09,61.55587832440207,15.798979556799594,46.166908743301555,17.220887716911555
P1_rep10_a1,P1,1.0,122,1.75,2.09,61.55587832440207,15.798979556799594,46.166908743301555,17.220887716911555
P1_rep10_a1,P1,1.0,123,1.75,2.09,61.55587832440207,15.798979556799594,46.166908743301555,17.220887716911555
P1_rep10_a1,P1,1.0,124,1.75,2.09,61.55587832440207,15.798979556799594,46.166908743301555,17.220887716911555
P1_rep10_a1,P1,1.0,125,1.75,2.09,61.55587832440207,15.798979556799594,46.166908743301555,17.220887716911555
P1_rep10_a1,P1,1.0,126,1.75,2.09,61.55587832440207,15.798979556799594,46.166908743301555,17.220887716911555
P1_rep10_a1,P1,1.0,127,1.75,2.09,61.55587832440207,15.798979556799594,46.166908743301555,17.220887716911555
P1_rep10_a1,P1,1.0,128,1.8,2.09,56.72744546338114,17.78327022954164,45.38195637070491,19.383764550200382
P1_rep10_a1,P1,1.0,129,1.75,2.09,61.55587832440207,15.798979556799594,46.166908743301555,17.220887716911555
P1_rep10_a1,P1,1.0,130,1.75,2.09,61.55587832440207,15.798979556799594,46.166908743301555,17.220887716911555
P1_rep10_a1,P1,1.0,131,1.75,2.09,61.55587832440207,15.798979556799594,46.166908743301555,17.220887716911555
P1_rep10_a1,P1,1.0,132,1.75,2.09,61.55587832440207,15.798979556799594,46.166908743301555,17.220887716911555
P1_rep10_a1,P1,1.0,133,1.75,2.09,61.55587832440207,15.798979556799594,46.166908743301555,17.220887716911555
P1_rep10_a1,P1,1.0,134,1.75,2.09,61.55587832440207,15.798979556799594,46.166908743301555,17.220887716911555
P1_rep10_a1,P1,1.0,135,1.75,2.09,61.55587832440207,15.798979556799594,46.166908743301555,17.220887716911555
P1_rep10_a1,P1,1.0,136,1.75,2.09,61.55587832440207,15.798979556799594,46.166908743301555,17.220887716911555
P1_rep10_a1,P1,1.0,137,1.75,2.09,61.55587832440207,15.798979556799594,46.166908743301555,17.220887716911555
P1_rep10_a1,P1,1.0,138,1.75,2.09,61.55587832440207,15.798979556799594,46.166908743301555,17.220887716911555
P1_rep10_a1,P1,1.0,139,1.75,2.09,61.55587832440207,15.798979556799594,46.166908743301555,17.220887716911555
P1_rep10_a1,P1,1.0,140,1.75,2.09,61.55587832440207,15.798979556799594,46.166908743301555,17.220887716911555
P1_rep10_a1,P1,1.0,141,1.75,2.09,61.55587832440207,15.798979556799594,46.166908743301555,17.220887716911555
P1_rep10_a1,P1,1.0,142,1.75,2.09,61.55587832440207,15.798979556799594,46.166908743301555,17.220887716911555
P1_rep10_a1,P1,1.0,143,1.75,2.09,61.55587832440207,15.798979556799594,46.166908743301555,17.220887716911555
P1_rep10_a1,P1,1.0,144,1.75,2.09,61.55587832440207,15.798979556799594,46.166908743301555,17.220887716911555
P1_rep10_a1,P1,1.0,145,1.75,2.09,61.55587832440207,15.798979556799594,46.166908743301555,17.220887716911555
P1_rep10_a1,P1,1.0,146,1.75,2.09,61.55587832440207,15.798979556799594,46.166908743301555,17.220887716911555
P1_rep10_a1,P1,1.0,147,1.75,2.09,61.55587832440207,15.798979556799594,46.166908743301555,17.220887716911555
P1_rep10_a1,P1,1.0,148,1.75,2.09,61.55587832440207,15.798979556799594,46.166908743301555,17.220887716911555
P1_rep10_a1,P1,1.0,149,1.75,2.09,61.55587832440207,15.798979556799594,46.166908743301555,17.220887716911555
P1_rep10_a1,P1,1.0,150,1.8,2.09,56.72744546338114,17.78327022954164,45.38195637070491,19.383764550200382
P1_rep10_a1,P1,1.0,151,1.75,2.09,61.55587832440207,15.798979556799594,46.166908743301555,17.220887716911555
P1_rep10_a1,P1,1.0,152,1.75,2.09,61.55587832440207,15.798979556799594,46.166908743301555,17.220887716911555
P1_rep10_a1,P1,1.0,153,1.75,2.09,61.55587832440207,15.798979556799594,46.166908743301555,17.220887716911555
P1_rep10_a1,P1,1.0,154,1.75,2.09,61.55587832440207,15.798979556799594,46.166908743301555,17.220887716911555
P1_rep10_a1,P1,1.0,155,1.75,2.09,61.55587832440207,15.798979556799594,46.166908743301555,17.220887716911555
P1_rep10_a1,P1,1.0,156,1.75,2.09,61.55587832440207,15.798979556799594,46.166908743301555,17.220887716911555
P1_rep10_a1,P1,1.0,157,1.75,2.09,61.55587832440207,15.798979556799594,46.166908743301555,17.220887716911555
P1_rep10_a1,P1,1.0,158,1.75,2.09,61.55587832440207,15.798979556799594,46.166908743301555,17.220887716911555
P1_rep10_a1,P1,1.0,159,1.75,2.09,61.55587832440207,15.798979556799594,46.166908743301555,17.220887716911555
P1_rep10_a1,P1,1.0,160,1.75,2.19,64.93825681929063,11.17229355138114,48.70369261446797,13.295029326143556
P1_rep10_a1,P1,1.0,161,1.75,2.09,61.55587832440207,15.798979556799594,46.166908743301555,17.220887716911555
P1_rep10_a1,P1,1.0,162,1.79,2.09,57.7065766862861,17.38088688717701,45.58819558216602,18.94516670702294
P1_rep10_a1,P1,1.0,163,1.75,2.09,61.55587832440207,15.798979556799594,46.166908743301555,17.220887716911555
P1_rep10_a1,P1,1.0,164,1.75,2.09,61.55587832440207,15.798979556799594,46.166908743301555,17.220887716911555
P1_rep10_a1,P1,1.0,165,1.75,2.09,61.55587832440207,15.798979556799594,46.166908743301555,17.220887716911555
P1_rep10_a1,P1,1.0,166,1.75,2.09,61.55587832440207,15.798979556799594,46.166908743301555,17.220887716911555
P1_rep10_a1,P1,1.0,167,1.79,2.09,57.7065766862861,17.38088688717701,45.58819558216602,18.94516670702294
P1_rep10_a1,P1,1.0,168,1.79,2.09,57.7065766862861,17.38088688717701,45.58819558216602,18.94516670702294
P1_rep10_a1,P1,1.0,169,1.75,2.09,61.55587832440207,15.798979556799594,46.166908743301555,17.220887716911555
P1_rep10_a1,P1,1.0,170,1.75,2.09,61.55587832440207,15.798979556799594,46.166908743301555,17.220887716911555
P1_rep10_a1,P1,1.0,171,1.75,2.09,61.55587832440207,15.798979556799594,46.166908743301555,17.220887716911555
P1_rep10_a1,P1,1.0,172,1.75,2.19,64.93825681929063,11.17229355138114,48.70369261446797,13.295029326143556
P1_rep10_a1,P1,1.0,173,1.79,2.09,57.7065766862861,17.38088688717701,45.58819558216602,18.94516670702294
P1_rep10_a1,P1,1.0,174,1.79,2.09,57.7065766862861,17.38088688717701,45.58819558216602,18.94516670702294
P1_rep10_a1,P1,1.0,175,1.75,2.09,61.55587832440207,15.798979556799594,46.166908743301555,17.220887716911555
P1_rep10_a1,P1,1.0,176,1.75,2.09,61.55587832440207,15.798979556799594,46.166908743301555,17.220887716911555
P1_rep10_a1,P1,1.0,177,1.75,2.09,61.55587832440207,15.798979556799594,46.166908743301555,17.220887716911555
P1_rep10_a1,P1,1.0,178,1.75,1.99,57.11764942217365,21.86994162737076,42.838237066630235,21.651242211097053
P1_rep10_a1,P1,1.0,179,1.75,2.0,57.61168847658291,21.194155761708547,43.208766357437185,21.194155761708547
P1_rep10_a1,P1,1.0,180,1.75,2.0,57.61168847658291,21.194155761708547,43.208766357437185,21.194155761708547
P1_rep10_a1,P1,1.0,181,1.75,2.0,57.61168847658291,21.194155761708547,43.208766357437185,21.194155761708547
P1_rep10_a1,P1,1.0,182,1.75,2.0,57.61168847658291,21.194155761708547,43.208766357437185,21.194155761708547
P1_rep10_a1,P1,1.0,183,1.8,2.0,52.66878172888664,23.665609135556686,42.135025383109316,23.665609135556686
P1_rep10_a1,P1,1.0,184,1.75,2.0,57.61168847658291,21.194155761708547,43.208766357437185,21.194155761708547
P1_rep10_a1,P1,1.0,185,1.75,2.09,61.55587832440207,15.798979556799594,46.166908743301555,17.220887716911555
P1_rep10_a1,P1,1.0,186,1.78,2.09,58.67969066054054,16.980976390705948,45.77015871522162,18.50926426586948
P1_rep10_a1,P1,1.0,187,1.78,2.09,58.67969066054054,16.980976390705948,45.77015871522162,18.50926426586948
P1_rep10_a1,P1,1.0,188,1.75,2.0,57.61168847658291,21.194155761708547,43.208766357437185,21.194155761708547
P1_rep10_a1,P1,1.0,189,1.75,2.0,57.61168847658291,21.194155761708547,43.208766357437185,21.194155761708547
P1_rep10_a1,P1,1.0,190,1.75,2.0,57.61168847658291,21.194155761708547,43.208766357437185,21.194155761708547
P1_rep10_a1,P1,1.0,191,1.78,2.0,54.65777657355721,22.67111171322139,42.63306572737462,22.67111171322139
P1_rep10_a1,P1,1.0,192,1.78,2.0,54.65777657355721,22.67111171322139,42.63306572737462,22.67111171322139
P1_rep10_a1,P1,1.0,193,1.75,2.0,57.61168847658291,21.194155761708547,43.208766357437185,21.194155761708547
P1_rep10_a1,P1,1.0,194,1.75,2.0,57.61168847658291,21.194155761708547,43.208766357437185,21.194155761708547
P1_rep10_a1,P1,1.0,195,1.75,2.0,57.61168847658291,21.194155761708547,43.208766357437185,21.194155761708547
P1_rep10_a1,P1,1.0,196,1.75,2.0,57.61168847658291,21.194155761708547,43.208766357437185,21.194155761708547
P1_rep10_a1,P1,1.0,197,1.75,2.0,57.61168847658291,21.194155761708547,43.208766357437185,21.194155761708547
P1_rep10_a1,P1,1.0,198,1.78,2.0,54.65777657355721,22.67111171322139,42.63306572737462,22.67111171322139
P1_rep10_a1,P1,1.0,199,1.78,2.0,54.65777657355721,22.67111171322139,42.63306572737462,22.67111171322139
P1_rep10_a1,P1,1.0,200,1.75,2.0,57.61168847658291,21.194155761708547,43.208766357437185,21.194155761708547
P1_rep10_a1,P1,1.0,201,1.78,2.0,54.65777657355721,22.67111171322139,42.63306572737462,22.67111171322139
P1_rep10_a1,P1,1.0,202,1.78,2.0,54.65777657355721,22.67111171322139,42.63306572737462,22.67111171322139
P1_rep10_a1,P1,1.0,203,1.75,2.0,57.61168847658291,21.194155761708547,43.208766357437185,21.194155761708547
P1_rep10_a1,P1,1.0,204,1.78,1.99,54.15670486475732,23.38001940435857,42.24222979451071,23.146219210314985
P1_rep10_a1,P1,1.0,205,1.78,1.99,54.15670486475732,23.38001940435857,42.24222979451071,23.146219210314985
P1_rep10_a1,P1,1.0,206,1.79,1.99,53.16209503418972,23.887269092013764,41.99805507700988,23.648396401093624
P1_rep10_a1,P1,1.0,207,1.79,1.99,53.16209503418972,23.887269092013764,41.99805507700988,23.648396401093624
P1_rep10_a1,P1,1.0,208,1.78,1.99,54.15670486475732,23.38001940435857,42.24222979451071,23.146219210314985
P1_rep10_a1,P1,1.0,209,1.79,1.99,53.16209503418972,23.887269092013764,41.99805507700988,23.648396401093624
P1_rep10_a1,P1,1.0,210,1.78,1.99,54.15670486475732,23.38001940435857,42.24222979451071,23.146219210314985
P1_rep10_a1,P1,1.0,211,1.78,1.99,54.15670486475732,23.38001940435857,42.24222979451071,23.146219210314985
P1_rep10_a1,P1,1.0,212,1.78,1.99,54.15670486475732,23.38001940435857,42.24222979451071,23.146219210314985
P1_rep10_a1,P1,1.0,213,1.78,1.99,54.15670486475732,23.38001940435857,42.24222979451071,23.146219210314985
P1_rep10_a1,P1,1.0,214,1.78,1.99,54.15670486475732,23.38001940435857,42.24222979451071,23.146219210314985
P1_rep10_a1,P1,1.0,215,1.78,1.99,54.15670486475732,23.38001940435857,42.24222979451071,23.146219210314985
P1_rep10_a1,P1,1.0,216,1.78,1.99,54.15670486475732,23.38001940435857,42.24222979451071,23.146219210314985
P1_rep10_a1,P1,1.0,217,1.78,1.99,54.15670486475732,23.38001940435857,42.24222979451071,23.146219210314985
P1_rep10_a1,P1,1.0,218,1.78,1.99,54.15670486475732,23.38001940435857,42.24222979451071,23.146219210314985
P1_rep10_a1,P1,1.0,219,1.8,1.99,52.16496631283148,24.39580341061418,41.73197305026519,24.15184537650804
P1_rep10_a1,P1,1.0,220,1.75,1.99,57.11764942217365,21.86994162737076,42.838237066630235,21.651242211097053
P1_rep10_a1,P1,1.0,221,1.79,1.99,53.16209503418972,23.887269092013764,41.99805507700988,23.648396401093624
P1_rep10_a1,P1,1.0,222,1.79,1.99,53.16209503418972,23.887269092013764,41.99805507700988,23.648396401093624
P1_rep10_a1,P1,1.0,223,1.75,2.0,57.61168847658291,21.194155761708547,43.208766357437185,21.194155761708547
P1_rep10_a1,P1,1.0,224,1.79,1.99,53.16209503418972,23.887269092013764,41.99805507700988,23.648396401093624
P1_rep10_a1,P1,1.0,225,1.79,1.99,53.16209503418972,23.887269092013764,41.99805507700988,23.648396401093624
P1_rep10_a1,P1,1.0,226,1.79,1.99,53.16209503418972,23.887269092013764,41.99805507700988,23.648396401093624
P1_rep10_a1,P1,1.0,227,1.75,1.99,57.11764942217365,21.86994162737076,42.838237066630235,21.651242211097053
P1_rep10_a1,P1,1.0,228,1.75,1.99,57.11764942217365,21.86994162737076,42.838237066630235,21.651242211097053
P1_rep10_a1,P1,1.0,229,1.75,1.99,57.11764942217365,21.86994162737076,42.838237066630235,21.651242211097053
P1_rep10_a1,P1,1.0,230,1.75,1.99,57.11764942217365,21.86994162737076,42.838237066630235,21.651242211097053
P1_rep10_a1,P1,1.0,231,1.75,1.99,57.11764942217365,21.86994162737076,42.838237066630235,21.651242211097053
P1_rep10_a1,P1,1.0,232,1.75,1.99,57.11764942217365,21.86994162737076,42.838237066630235,21.651242211097053
P1_rep10_a1,P1,1.0,233,1.78,1.99,54.15670486475732,23.38001940435857,42.24222979451071,23.146219210314985
P1_rep10_a1,P1,1.0,234,1.75,1.99,57.11764942217365,21.86994162737076,42.838237066630235,21.651242211097053
P1_rep10_a1,P1,1.0,235,1.75,1.99,57.11764942217365,21.86994162737076,42.838237066630235,21.651242211097053
P1_rep10_a1,P1,1.0,236,1.75,1.99,57.11764942217365,21.86994162737076,42.838237066630235,21.651242211097053
P1_rep10_a1,P1,1.0,237,1.75,1.99,57.11764942217365,21.86994162737076,42.838237066630235,21.651242211097053
P1_rep10_a1,P1,1.0,238,1.76,1.99,56.13524782280907,22.370965133387436,42.662788345334896,22.147255482053563
P1_rep10_a1,P1,1.0,239,1.76,1.99,56.13524782280907,22.370965133387436,42.662788345334896,22.147255482053563
P1_rep10_a1,P1,1.0,240,1.75,1.99,57.11764942217365,21.86994162737076,42.838237066630235,21.651242211097053
P1_rep10_a1,P1,1.0,241,1.76,1.99,56.13524782280907,22.370965133387436,42.662788345334896,22.147255482053563
P1_rep10_a1,P1,1.0,242,1.75,1.99,57.11764942217365,21.86994162737076,42.838237066630235,21.651242211097053
P1_rep10_a1,P1,1.0,243,1.75,1.99,57.11764942217365,21.86994162737076,42.838237066630235,21.651242211097053
P1_rep10_a1,P1,1.0,244,1.78,1.99,54.15670486475732,23.38001940435857,42.24222979451071,23.146219210314985
P1_rep10_a1,P1,1.0,245,1.78,1.99,54.15670486475732,23.38001940435857,42.24222979451071,23.146219210314985
P1_rep10_a1,P1,1.0,246,1.78,1.99,54.15670486475732,23.38001940435857,42.24222979451071,23.146219210314985
P1_rep10_a1,P1,1.0,247,1.75,1.99,57.11764942217365,21.86994162737076,42.838237066630235,21.651242211097053
P1_rep10_a1,P1,1.0,248,1.78,1.99,54.15670486475732,23.38001940435857,42.24222979451071,23.146219210314985
P1_rep10_a1,P1,1.0,249,1.75,1.99,57.11764942217365,21.86994162737076,42.838237066630235,21.651242211097053
P1_rep10_a1,P1,1.0,250,1.75,1.99,57.11764942217365,21.86994162737076,42.838237066630235,21.651242211097053
P1_rep10_a1,P1,1.0,251,1.8,1.99,52.16496631283148,24.39580341061418,41.73197305026519,24.15184537650804
P1_rep10_a1,P1,1.0,252,1.8,1.99,52.16496631283148,24.39580341061418,41.73197305026519,24.15184537650804
P1_rep10_a1,P1,1.0,253,1.8,1.99,52.16496631283148,24.39580341061418,41.73197305026519,24.15184537650804
P1_rep10_a1,P1,1.0,254,1.8,1.99,52.16496631283148,24.39580341061418,41.73197305026519,24.15184537650804
P1_rep10_a1,P1,1.0,255,1.78,1.99,54.15670486475732,23.38001940435857,42.24222979451071,23.146219210314985
P1_rep10_a1,P1,1.0,256,1.78,1.99,54.15670486475732,23.38001940435857,42.24222979451071,23.146219210314985
P1_rep10_a1,P1,1.0,257,1.78,1.99,54.15670486475732,23.38001940435857,42.24222979451071,23.146219210314985
P1_rep10_a1,P1,1.0,258,1.75,1.99,57.11764942217365,21.86994162737076,42.838237066630235,21.651242211097053
P1_rep10_a1,P1,1.0,259,1.78,1.99,54.15670486475732,23.38001940435857,42.24222979451071,23.146219210314985
P1_rep10_a1,P1,1.0,260,1.76,1.99,56.13524782280907,22.370965133387436,42.662788345334896,22.147255482053563
P1_rep10_a1,P1,1.0,261,1.76,1.99,56.13524782280907,22.370965133387436,42.662788345334896,22.147255482053563
P1_rep10_a1,P1,1.0,262,1.76,1.99,56.13524782280907,22.370965133387436,42.662788345334896,22.147255482053563
P1_rep10_a1,P1,1.0,263,1.76,1.99,56.13524782280907,22.370965133387436,42.662788345334896,22.147255482053563
P1_rep10_a1,P1,1.0,264,1.76,1.99,56.13524782280907,22.370965133387436,42.662788345334896,22.147255482053563
P1_rep10_a1,P1,1.0,265,1.76,1.99,56.13524782280907,22.370965133387436,42.662788345334896,22.147255482053563
P1_rep10_a1,P1,1.0,266,1.75,1.99,57.11764942217365,21.86994162737076,42.838237066630235,21.651242211097053
P1_rep10_a1,P1,1.0,267,1.75,1.99,57.11764942217365,21.86994162737076,42.838237066630235,21.651242211097053
P1_rep10_a1,P1,1.0,268,1.75,1.98,56.61236748362972,22.561106403100247,42.45927561272229,22.10988427503824
P1_rep10_a1,P1,1.0,269,1.75,1.97,56.095872468477914,23.26760931579393,42.071904351358434,22.569581036320113
P1_rep10_a1,P1,1.0,270,1.75,1.98,56.61236748362972,22.561106403100247,42.45927561272229,22.10988427503824
P1_rep10_a1,P1,1.0,271,1.76,1.97,55.1084603289895,23.79090225399873,41.88242985003202,23.077175186378767
P1_rep10_a1,P1,1.0,272,1.75,1.98,56.61236748362972,22.561106403100247,42.45927561272229,22.10988427503824
P1_rep10_a1,P1,1.0,273,1.75,1.99,57.11764942217365,21.86994162737076,42.838237066630235,21.651242211097053
P1_rep10_a1,P1,1.0,274,1.75,1.99,57.11764942217365,21.86994162737076,42.838237066630235,21.651242211097053
P1_rep10_a1,P1,1.0,275,1.75,1.99,57.11764942217365,21.86994162737076,42.838237066630235,21.651242211097053
P1_rep10_a1,P1,1.0,276,1.75,1.99,57.11764942217365,21.86994162737076,42.838237066630235,21.651242211097053
P1_rep10_a1,P1,1.0,277,1.8,1.99,52.16496631283148,24.39580341061418,41.73197305026519,24.15184537650804
P1_rep10_a1,P1,1.0,278,1.79,1.99,53.16209503418972,23.887269092013764,41.99805507700988,23.648396401093624
P1_rep10_a1,P1,1.0,279,1.79,1.99,53.16209503418972,23.887269092013764,41.99805507700988,23.648396401093624
P1_rep10_a1,P1,1.0,280,1.78,1.99,54.15670486475732,23.38001940435857,42.24222979451071,23.146219210314985
P1_rep10_a1,P1,1.0,281,1.8,1.99,52.16496631283148,24.39580341061418,41.73197305026519,24.15184537650804
P1_rep10_a1,P1,1.0,282,1.78,1.99,54.15670486475732,23.38001940435857,42.24222979451071,23.146219210314985
P1_rep10_a1,P1,1.0,283,1.75,1.99,57.11764942217365,21.86994162737076,42.838237066630235,21.651242211097053
P1_rep10_a1,P1,1.0,284,1.76,1.99,56.13524782280907,22.370965133387436,42.662788345334896,22.147255482053563
P1_rep10_a1,P1,1.0,285,1.79,1.99,53.16209503418972,23.887269092013764,41.99805507700988,23.648396401093624
P1_rep10_a1,P1,1.0,286,1.75,1.99,57.11764942217365,21.86994162737076,42.838237066630235,21.651242211097053
P1_rep10_a1,P1,1.0,287,1.75,1.99,57.11764942217365,21.86994162737076,42.838237066630235,21.651242211097053
P1_rep10_a1,P1,1.0,288,1.75,1.99,57.11764942217365,21.86994162737076,42.838237066630235,21.651242211097053
P1_rep10_a1,P1,1.0,289,1.75,1.99,57.11764942217365,21.86994162737076,42.838237066630235,21.651242211097053
P1_rep10_a1,P1,1.0,290,1.75,1.99,57.11764942217365,21.86994162737076,42.838237066630235,21.651242211097053
P1_rep10_a1,P1,1.0,291,1.75,1.99,57.11764942217365,21.86994162737076,42.838237066630235,21.651242211097053
P1_rep10_a1,P1,1.0,292,1.75,1.97,56.095872468477914,23.26760931579393,42.071904351358434,22.569581036320113
P1_rep10_a1,P1,1.0,293,1.75,1.97,56.095872468477914,23.26760931579393,42.071904351358434,22.569581036320113
P1_rep10_a1,P1,1.0,294,1.75,1.97,56.095872468477914,23.26760931579393,42.071904351358434,22.569581036320113
P1_rep10_a1,P1,1.0,295,1.78,1.97,53.122279545387926,24.843506669613163,41.43537804540259,24.098201469524767
P1_rep10_a1,P1,1.0,296,1.75,1.99,57.11764942217365,21.86994162737076,42.838237066630235,21.651242211097053
P1_rep10_a1,P1,1.0,297,1.75,1.98,56.61236748362972,22.561106403100247,42.45927561272229,22.10988427503824
P1_rep10_a1,P1,1.0,298,1.75,1.98,56.61236748362972,22.561106403100247,42.45927561272229,22.10988427503824
P1_rep10_a1,P1,1.0,299,1.75,1.98,56.61236748362972,22.561106403100247,42.45927561272229,22.10988427503824
P1_rep10_a1,P1,1.0,300,1.75,1.98,56.61236748362972,22.561106403100247,42.45927561272229,22.10988427503824
P2_rep1_a1,P2,1.0,1,2.0,1.5,10.650697891920075,78.69860421615984,10.650697891920075,39.34930210807992
P2_rep1_a1,P2,1.0,2,1.5,1.75,66.52409557748219,24.472847105479765,33.26204778874109,18.354635329109826
P2_rep1_a1,P2,1.0,3,1.5,1.25,25.949646034241916,70.53845126982412,12.974823017120958,17.63461281745603
P2_rep1_a1,P2,1.0,4,1.5,2.0,78.69860421615984,10.650697891920075,39.34930210807992,10.650697891920075
P2_rep1_a1,P2,1.0,5,1.5,2.0,78.69860421615984,10.650697891920075,39.34930210807992,10.650697891920075
P2_rep1_a1,P2,1.0,6,1.5,1.8,69.61221495117348,20.966796221681502,34.80610747558674,16.773436977345202
P2_rep1_a1,P2,1.0,7,1.5,1.8,69.61221495117348,20.966796221681502,34.80610747558674,16.773436977345202
P2_rep1_a1,P2,1.0,8,1.5,1.6,55.38155503924651,37.123366523433,27.690777519623254,22.274019914059803
P2_rep1_a1,P2,1.0,9,1.5,1.6,55.38155503924651,37.123366523433,27.690777519623254,22.274019914059803
P2_rep1_a1,P2,1.0,10,1.5,1.6,55.38155503924651,37.123366523433,27.690777519623254,22.274019914059803
P2_rep1_a1,P2,1.0,11,1.5,1.58,53.72057068056868,39.00914067074408,26.86028534028434,22.62530158903157
P2_rep1_a1,P2,1.0,12,1.5,1.55,51.17534317755294,41.89882725878207,25.58767158877647,23.044354992330142
P2_rep1_a1,P2,1.0,13,1.5,1.55,51.17534317755294,41.89882725878207,25.58767158877647,23.044354992330142
P2_rep1_a1,P2,1.0,14,1.25,1.54,73.35286601932536,22.995109825191737,18.33821650483134,12.417359305603538
P2_rep1_a1,P2,1.0,15,1.25,1.52,71.97441542086752,24.442189437836713,17.99360385521688,12.70993850767509
P2_rep1_a1,P2,1.0,16,1.25,1.53,72.67088735982524,23.711042202837817,18.16772183995631,12.566852367504044
P2_rep1_a1,P2,1.0,17,1.5,1.5,46.83105308334812,46.83105308334812,23.41552654167406,23.41552654167406
P2_rep1_a1,P2,1.0,18,1.5,1.45,42.431529615710865,51.825987305584185,21.215764807855432,23.32169428751288
P2_rep1_a1,P2,1.0,19,1.25,1.45,66.70597727797625,29.972927670739992,16.67649431949406,13.487817451832996
P2_rep1_a1,P2,1.0,20,1.25,1.45,66.70597727797625,29.972927670739992,16.67649431949406,13.487817451832996
P2_rep1_a1,P2,1.0,21,1.25,1.45,66.70597727797625,29.972927670739992,16.67649431949406,13.487817451832996
P2_rep1_a1,P2,1.0,22,1.1,1.44,77.88256014512903,19.989398397980878,7.7882560145129105,8.795335295111585
P2_rep1_a1,P2,1.0,23,1.1,1.43,77.25234875266605,20.636829511614643,7.7252348752666125,8.873836689994295
P2_rep1_a1,P2,1.0,24,1.25,1.42,64.25066762732237,32.55047999083522,16.062666906830593,13.671201596150791
P2_rep1_a1,P2,1.0,25,1.25,1.42,64.25066762732237,32.55047999083522,16.062666906830593,13.671201596150791
P2_rep1_a1,P2,1.0,26,1.0,1.38,80.83894489899775,17.68043817808592,0.0,6.718566507672648
P2_rep1_a1,P2,1.0,27,1.25,1.6,77.13763630816474,19.02190691922525,19.284409077041186,11.413144151535151
P2_rep1_a1,P2,1.0,28,1.25,1.55,74.02027064303175,22.29447708185585,18.505067660757938,12.261962395020717
P2_rep1_a1,P2,1.0,29,1.1,1.48,80.25452823791468,17.55261930737413,8.025452823791476,8.425257267539582
P2_rep1_a1,P2,1.0,30,1.1,1.46,79.09818694510474,18.74055614872314,7.909818694510482,8.620655828412644
P2_rep1_a1,P2,1.0,31,1.2,1.45,70.99037597270883,26.11589984139071,14.198075194541763,11.752154928625819
P2_rep1_a1,P2,1.0,32,1.4,1.4,47.83045931311103,47.83045931311103,19.132183725244406,19.132183725244406
P2_rep1_a1,P2,1.0,33,1.4,1.4,47.83045931311103,47.83045931311103,19.132183725244406,19.132183725244406
P2_rep1_a1,P2,1.0,34,1.4,1.35,43.250337019517076,52.82608092699502,17.300134807806828,18.489128324448263
P2_rep1_a1,P2,1.0,35,1.1,1.35,71.67414940533122,26.36744602967172,7.167414940533129,9.228606110385105
P2_rep1_a1,P2,1.0,36,1.1,1.55,83.84882116557833,13.860116917360736,8.38488211655784,7.6230643045484054
P2_rep1_a1,P2,1.0,37,1.0,1.6,90.16859426557096,8.179910322756053,0.0,4.907946193653633
P2_rep1_a1,P2,1.0,38,1.1,1.55,83.84882116557833,13.860116917360736,8.38488211655784,7.6230643045484054
P2_rep1_a1,P2,1.0,39,1.1,1.6,86.00974104284126,11.640152665140633,8.600974104284134,6.984091599084381
P2_rep1_a1,P2,1.0,40,1.2,1.6,80.47261748682358,16.24714126450549,16.09452349736471,9.748284758703296
P2_rep1_a1,P2,1.0,41,1.1,1.6,86.00974104284126,11.640152665140633,8.600974104284134,6.984091599084381
P2_rep1_a1,P2,1.0,42,1.1,1.55,83.84882116557833,13.860116917360736,8.38488211655784,7.6230643045484054
P2_rep1_a1,P2,1.0,43,1.1,1.55,83.84882116557833,13.860116917360736,8.38488211655784,7.6230643045484054
P2_rep1_a1,P2,1.0,44,1.2,1.55,77.67839969755543,19.155257529259764,15.535679939511084,10.53539164109287
P2_rep1_a1,P2,1.0,45,1.25,1.5,70.53845126982412,25.949646034241916,17.63461281745603,12.974823017120958
P2_rep1_a1,P2,1.0,46,1.2,1.5,74.51806840808356,22.444410887392287,14.90361368161671,11.222205443696144
P2_rep1_a1,P2,1.0,47,1.2,1.35,62.90994320556119,34.525708857226306,12.581988641112236,12.083998100029211
P2_rep1_a1,P2,1.0,48,1.1,1.3,67.72073142849428,30.42888610202591,6.772073142849433,9.128665830607774
P2_rep1_a1,P2,1.0,49,1.3,1.3,48.52460778098702,48.52460778098702,14.557382334296108,14.557382334296108
P2_rep1_a1,P2,1.0,50,1.3,1.25,43.81712305234819,53.51835495078164,13.145136915704457,13.37958873769541
P2_rep1_a1,P2,1.0,51,1.2,1.25,53.77810097130135,44.0297851073373,10.755620194260267,11.007446276834324
P2_rep1_a1,P2,1.0,52,1.2,1.2,49.00129951694268,49.00129951694268,9.800259903388534,9.800259903388534
P2_rep1_a1,P2,1.0,53,1.5,1.3,29.75414555615326,66.21906872754134,14.87707277807663,19.865720618262404
P2_rep1_a1,P2,1.0,54,1.5,1.3,29.75414555615326,66.21906872754134,14.87707277807663,19.865720618262404
P2_rep1_a1,P2,1.0,55,1.3,1.2,39.17520890828904,58.44254418464191,11.752562672486713,11.68850883692838
P2_rep1_a1,P2,1.0,56,1.5,1.25,25.949646034241916,70.53845126982412,12.974823017120958,17.63461281745603
P2_rep1_a1,P2,1.0,57,1.1,1.25,63.44632740968894,34.820082749868675,6.344632740968899,8.705020687467169
P2_rep1_a1,P2,1.0,58,1.1,1.2,58.90517307371448,39.48531832650961,5.890517307371453,7.897063665301921
P2_rep1_a1,P2,1.0,59,1.5,1.15,19.26583583040572,78.12681682069625,9.63291791520286,11.71902252310443
P2_rep1_a1,P2,1.0,60,1.5,1.1,16.424763549456895,81.35238642348295,8.212381774728447,8.135238642348302
P2_rep1_a1,P2,1.0,61,1.4,1.1,22.671444932914216,75.2718479846582,9.068577973165684,7.527184798465826
P2_rep1_a1,P2,1.0,62,1.4,1.05,19.432878944441917,78.80421005119739,7.7731515777767655,3.940210502559873
P2_rep1_a1,P2,1.0,63,1.3,1.0,22.82621927599696,75.7857169003327,6.847865782799088,0.0
P2_rep1_a1,P2,1.0,64,1.4,1.01,17.09536368726044,81.35377990829316,6.838145474904175,0.8135377990829323
P2_rep1_a1,P2,1.0,65,1.3,1.02,24.23852101250505,74.28753300678186,7.271556303751516,1.4857506601356385
P2_rep1_a1,P2,1.0,66,1.3,1.01,23.525297114176947,75.0441280950331,7.057589134253085,0.7504412809503317
P2_rep1_a1,P2,1.0,67,1.3,1.15,34.68694676544798,63.20373782946754,10.406084029634394,9.480560674420126
P2_rep1_a1,P2,1.0,68,1.3,1.15,34.68694676544798,63.20373782946754,10.406084029634394,9.480560674420126
P2_rep1_a1,P2,1.0,69,1.3,1.1,30.42888610202591,67.72073142849428,9.128665830607774,6.772073142849433
P2_rep1_a1,P2,1.0,70,1.3,1.05,26.46138354982125,71.9294980593642,7.938415064946376,3.5964749029682137
P2_rep1_a1,P2,1.0,71,1.3,1.05,26.46138354982125,71.9294980593642,7.938415064946376,3.5964749029682137
P2_rep1_a1,P2,1.0,72,1.5,1.05,13.917917900737239,84.19849673810258,6.958958950368619,4.209924836905133
P2_rep1_a1,P2,1.0,73,1.5,1.3,29.75414555615326,66.21906872754134,14.87707277807663,19.865720618262404
P2_rep1_a1,P2,1.0,74,1.5,1.1,16.424763549456895,81.35238642348295,8.212381774728447,8.135238642348302
P2_rep1_a1,P2,1.0,75,1.2,1.45,70.99037597270883,26.11589984139071,14.198075194541763,11.752154928625819
P2_rep1_a1,P2,1.0,76,1.2,1.55,77.67839969755543,19.155257529259764,15.535679939511084,10.53539164109287
P2_rep1_a1,P2,1.0,77,1.1,1.55,83.84882116557833,13.860116917360736,8.38488211655784,7.6230643045484054
P2_rep1_a1,P2,1.0,78,1.1,1.55,83.84882116557833,13.860116917360736,8.38488211655784,7.6230643045484054
P2_rep1_a1,P2,1.0,79,1.1,1.55,83.84882116557833,13.860116917360736,8.38488211655784,7.6230643045484054
P2_rep1_a1,P2,1.0,80,1.1,1.55,83.84882116557833,13.860116917360736,8.38488211655784,7.6230643045484054
P2_rep1_a1,P2,1.0,81,1.2,1.55,77.67839969755543,19.155257529259764,15.535679939511084,10.53539164109287
P2_rep1_a1,P2,1.0,82,1.2,1.5,74.51806840808356,22.444410887392287,14.90361368161671,11.222205443696144
P2_rep1_a1,P2,1.0,83,1.2,1.3,58.44254418464191,39.17520890828904,11.68850883692838,11.752562672486713
P2_rep1_a1,P2,1.0,84,1.3,1.3,48.52460778098702,48.52460778098702,14.557382334296108,14.557382334296108
P2_rep1_a1,P2,1.0,85,1.1,1.3,67.72073142849428,30.42888610202591,6.772073142849433,9.128665830607774
P2_rep1_a1,P2,1.0,86,1.1,1.28,66.04688366114574,32.14846962118849,6.60468836611458,9.001571493932778
P2_rep1_a1,P2,1.0,87,1.2,1.24,52.82882529440431,45.01775535300771,10.56576505888086,10.80426128472185
P2_rep1_a1,P2,1.0,88,1.1,1.24,62.55736564009158,35.73333426412474,6.255736564009164,8.576000223389938
P2_rep1_a1,P2,1.0,89,1.05,1.1,54.31530996291843,44.46961462960421,2.715765498145924,4.446961462960425
P2_rep1_a1,P2,1.0,90,1.05,1.15,59.07753438666782,39.60085556974326,2.953876719333394,5.940128335461486
P2_rep1_a1,P2,1.0,91,1.25,1.15,39.34511215968324,58.69601005128134,9.83627803992081,8.804401507692196
P2_rep1_a1,P2,1.0,92,1.25,1.1,34.820082749868675,63.44632740968894,8.705020687467169,6.344632740968899
P2_rep1_a1,P2,1.0,93,1.2,1.1,39.48531832650961,58.90517307371448,7.897063665301921,5.890517307371453
P2_rep1_a1,P2,1.0,94,1.2,1.1,39.48531832650961,58.90517307371448,7.897063665301921,5.890517307371453
P2_rep1_a1,P2,1.0,95,1.1,1.05,44.46961462960421,54.31530996291843,4.446961462960425,2.715765498145924
P2_rep1_a1,P2,1.0,96,1.2,1.1,39.48531832650961,58.90517307371448,7.897063665301921,5.890517307371453
P2_rep1_a1,P2,1.0,97,1.5,1.25,25.949646034241916,70.53845126982412,12.974823017120958,17.63461281745603
P2_rep1_a1,P2,1.0,98,1.2,1.2,49.00129951694268,49.00129951694268,9.800259903388534,9.800259903388534
P2_rep1_a1,P2,1.0,99,1.25,1.15,39.34511215968324,58.69601005128134,9.83627803992081,8.804401507692196
P2_rep1_a1,P2,1.0,100,1.25,1.15,39.34511215968324,58.69601005128134,9.83627803992081,8.804401507692196
P2_rep1_a1,P2,1.0,101,1.2,1.05,34.929848585182505,63.646333801854844,6.985969717036499,3.182316690092745
P2_rep1_a1,P2,1.0,102,1.2,1.2,49.00129951694268,49.00129951694268,9.800259903388534,9.800259903388534
P2_rep1_a1,P2,1.0,103,1.15,1.15,49.17936193877041,49.17936193877041,7.376904290815557,7.376904290815557
P2_rep1_a1,P2,1.0,104,1.2,1.1,39.48531832650961,58.90517307371448,7.897063665301921,5.890517307371453
P2_rep1_a1,P2,1.0,105,1.1,1.05,44.46961462960421,54.31530996291843,4.446961462960425,2.715765498145924
P2_rep1_a1,P2,1.0,106,1.2,1.05,34.929848585182505,63.646333801854844,6.985969717036499,3.182316690092745
P2_rep1_a1,P2,1.0,107,1.1,1.1,49.32611348289486,49.32611348289486,4.93261134828949,4.93261134828949
P2_rep1_a1,P2,1.0,108,1.1,1.25,63.44632740968894,34.820082749868675,6.344632740968899,8.705020687467169
P2_rep1_a1,P2,1.0,109,1.1,1.25,63.44632740968894,34.820082749868675,6.344632740968899,8.705020687467169
P2_rep1_a1,P2,1.0,110,1.25,1.25,48.78555511603684,48.78555511603684,12.19638877900921,12.19638877900921
P2_rep1_a1,P2,1.0,111,1.2,1.25,53.77810097130135,44.0297851073373,10.755620194260267,11.007446276834324
P2_rep1_a1,P2,1.0,112,1.2,1.2,49.00129951694268,49.00129951694268,9.800259903388534,9.800259903388534
P2_rep1_a1,P2,1.0,113,1.3,1.1,30.42888610202591,67.72073142849428,9.128665830607774,6.772073142849433
P2_rep1_a1,P2,1.0,114,1.2,1.1,39.48531832650961,58.90517307371448,7.897063665301921,5.890517307371453
P2_rep1_a1,P2,1.0,115,1.2,1.05,34.929848585182505,63.646333801854844,6.985969717036499,3.182316690092745
P2_rep1_a1,P2,1.0,116,1.2,1.2,49.00129951694268,49.00129951694268,9.800259903388534,9.800259903388534
P2_rep1_a1,P2,1.0,117,1.25,1.3,53.51835495078164,43.81712305234819,13.37958873769541,13.145136915704457
P2_rep1_a1,P2,1.0,118,1.25,1.2,44.0297851073373,53.77810097130135,11.007446276834324,10.755620194260267
P2_rep1_a1,P2,1.0,119,1.2,1.05,34.929848585182505,63.646333801854844,6.985969717036499,3.182316690092745
P2_rep1_a1,P2,1.0,120,1.2,1.05,34.929848585182505,63.646333801854844,6.985969717036499,3.182316690092745
P2_rep1_a1,P2,1.0,121,1.2,1.15,44.205441103404354,53.99264768938503,8.841088220680868,8.09889715340775
P2_rep1_a1,P2,1.0,122,1.15,1.2,53.99264768938503,44.205441103404354,8.09889715340775,8.841088220680868
P2_rep1_a1,P2,1.0,123,1.15,1.1,44.35030298036147,54.169582385452664,6.652545447054217,5.416958238545271
P2_rep1_a1,P2,1.0,124,1.1,1.1,49.32611348289486,49.32611348289486,4.93261134828949,4.93261134828949
P2_rep1_a1,P2,1.0,125,1.1,1.05,44.46961462960421,54.31530996291843,4.446961462960425,2.715765498145924
P2_rep1_a1,P2,1.0,126,1.15,1.15,49.17936193877041,49.17936193877041,7.376904290815557,7.376904290815557
P2_rep1_a1,P2,1.0,127,1.2,1.3,58.44254418464191,39.17520890828904,11.68850883692838,11.752562672486713
P2_rep1_a1,P2,1.0,128,1.15,1.2,53.99264768938503,44.205441103404354,8.09889715340775,8.841088220680868
P2_rep1_a1,P2,1.0,129,1.2,1.15,44.205441103404354,53.99264768938503,8.841088220680868,8.09889715340775
P2_rep1_a1,P2,1.0,130,1.1,1.2,58.90517307371448,39.48531832650961,5.890517307371453,7.897063665301921
P2_rep1_a1,P2,1.0,131,1.05,1.05,49.446917148737434,49.446917148737434,2.4723458574368737,2.4723458574368737
P2_rep1_a1,P2,1.0,132,1.05,1.2,63.646333801854844,34.929848585182505,3.182316690092745,6.985969717036499
P2_rep1_a1,P2,1.0,133,1.1,1.2,58.90517307371448,39.48531832650961,5.890517307371453,7.897063665301921
P2_rep1_a1,P2,1.0,134,1.1,1.2,58.90517307371448,39.48531832650961,5.890517307371453,7.897063665301921
P2_rep1_a1,P2,1.0,135,1.2,1.25,53.77810097130135,44.0297851073373,10.755620194260267,11.007446276834324
P2_rep1_a1,P2,1.0,136,1.05,1.2,63.646333801854844,34.929848585182505,3.182316690092745,6.985969717036499
P2_rep1_a1,P2,1.0,137,1.05,1.2,63.646333801854844,34.929848585182505,3.182316690092745,6.985969717036499
P2_rep1_a1,P2,1.0,138,1.05,1.25,67.94864302524296,30.5312933837033,3.397432151262151,7.632823345925825
P2_rep1_a1,P2,1.0,139,1.05,1.2,63.646333801854844,34.929848585182505,3.182316690092745,6.985969717036499
P2_rep1_a1,P2,1.0,140,1.05,1.2,63.646333801854844,34.929848585182505,3.182316690092745,6.985969717036499
P2_rep1_a1,P2,1.0,141,1.25,1.1,34.820082749868675,63.44632740968894,8.705020687467169,6.344632740968899
P2_rep1_a1,P2,1.0,142,1.25,1.05,30.5312933837033,67.94864302524296,7.632823345925825,3.397432151262151
P2_rep1_a1,P2,1.0,143,1.2,1.0,30.615651990742766,68.1363865578799,6.123130398148552,0.0
P2_rep1_a1,P2,1.0,144,1.1,1.2,58.90517307371448,39.48531832650961,5.890517307371453,7.897063665301921
P2_rep1_a1,P2,1.0,145,1.0,1.15,63.81102645354702,35.020233828810355,0.0,5.25303507432155
P2_rep1_a1,P2,1.0,146,1.2,1.1,39.48531832650961,58.90517307371448,7.897063665301921,5.890517307371453
P2_rep1_a1,P2,1.0,147,1.2,1.05,34.929848585182505,63.646333801854844,6.985969717036499,3.182316690092745
P2_rep1_a1,P2,1.0,148,1.05,1.05,49.446917148737434,49.446917148737434,2.4723458574368737,2.4723458574368737
P2_rep1_a1,P2,1.0,149,1.15,1.05,39.60085556974326,59.07753438666782,5.940128335461486,2.953876719333394
P2_rep1_a1,P2,1.0,150,1.15,1.05,39.60085556974326,59.07753438666782,5.940128335461486,2.953876719333394
P2_rep1_a1,P2,1.0,151,1.1,1.2,58.90517307371448,39.48531832650961,5.890517307371453,7.897063665301921
P2_rep1_a1,P2,1.0,152,1.2,1.3,58.44254418464191,39.17520890828904,11.68850883692838,11.752562672486713
P2_rep1_a1,P2,1.0,153,1.1,1.3,67.72073142849428,30.42888610202591,6.772073142849433,9.128665830607774
P2_rep1_a1,P2,1.0,154,1.1,1.3,67.72073142849428,30.42888610202591,6.772073142849433,9.128665830607774
P2_rep1_a1,P2,1.0,155,1.15,1.2,53.99264768938503,44.205441103404354,8.09889715340775,8.841088220680868
P2_rep1_a1,P2,1.0,156,1.12,1.25,61.57180567828636,36.60570365136915,7.38861668139437,9.151425912842287
P2_rep1_a1,P2,1.0,157,1.12,1.15,52.17790927554641,46.27765408165589,6.261349113065575,6.941648112248379
P2_rep1_a1,P2,1.0,158,1.1,1.05,44.46961462960421,54.31530996291843,4.446961462960425,2.715765498145924
P2_rep1_a1,P2,1.0,159,1.1,1.07,46.407576206278776,52.32439606200928,4.640757620627881,3.6627077243406525
P2_rep1_a1,P2,1.0,160,1.05,1.2,63.646333801854844,34.929848585182505,3.182316690092745,6.985969717036499
P2_rep1_a1,P2,1.0,161,1.2,1.15,44.205441103404354,53.99264768938503,8.841088220680868,8.09889715340775
P2_rep1_a1,P2,1.0,162,1.12,1.25,61.57180567828636,36.60570365136915,7.38861668139437,9.151425912842287
P2_rep1_a1,P2,1.0,163,1.05,1.15,59.07753438666782,39.60085556974326,2.953876719333394,5.940128335461486
P2_rep1_a1,P2,1.0,164,1.03,1.25,69.6653544025792,28.89599854243108,2.0899606320773776,7.22399963560777
P2_rep1_a1,P2,1.0,165,1.05,1.2,63.646333801854844,34.929848585182505,3.182316690092745,6.985969717036499
P2_rep1_a1,P2,1.0,166,1.03,1.1,56.29253217543899,42.54498058357008,1.6887759652631713,4.254498058357012
P2_rep1_a1,P2,1.0,167,1.05,1.1,54.31530996291843,44.46961462960421,2.715765498145924,4.446961462960425
P2_rep1_a1,P2,1.0,168,1.05,1.3,71.9294980593642,26.46138354982125,3.5964749029682137,7.938415064946376
P2_rep1_a1,P2,1.0,169,1.12,1.3,65.94776171326053,32.10022178944022,7.913731405591271,9.630066536832068
P2_rep1_a1,P2,1.0,170,1.08,1.25,65.28097068960368,33.07244902947323,5.222477655168299,8.268112257368308
P2_rep1_a1,P2,1.0,171,1.05,1.2,63.646333801854844,34.929848585182505,3.182316690092745,6.985969717036499
P2_rep1_a1,P2,1.0,172,1.05,1.1,54.31530996291843,44.46961462960421,2.715765498145924,4.446961462960425
P2_rep1_a1,P2,1.0,173,1.08,1.2,60.82701504635626,37.638746683827506,4.866161203708505,7.5277493367655
P2_rep1_a1,P2,1.0,174,1.05,1.05,49.446917148737434,49.446917148737434,2.4723458574368737,2.4723458574368737
P2_rep1_a1,P2,1.0,175,1.03,1.2,65.47640096325333,33.171457326926806,1.9642920288976016,6.63429146538536
P2_rep1_a1,P2,1.0,176,1.03,1.3,73.51609503618796,24.96573693717755,2.205482851085641,7.489721081153266
P2_rep1_a1,P2,1.0,177,1.03,1.25,69.6653544025792,28.89599854243108,2.0899606320773776,7.22399963560777
P2_rep1_a1,P2,1.0,178,1.03,1.2,65.47640096325333,33.171457326926806,1.9642920288976016,6.63429146538536
P2_rep1_a1,P2,1.0,179,1.03,1.1,56.29253217543899,42.54498058357008,1.6887759652631713,4.254498058357012
P2_rep1_a1,P2,1.0,180,1.03,1.2,65.47640096325333,33.171457326926806,1.9642920288976016,6.63429146538536
P2_rep1_a1,P2,1.0,181,1.01,1.15,62.88231748915728,35.9189497056255,0.6288231748915734,5.387842455843822
P2_rep1_a1,P2,1.0,182,1.03,1.05,51.44649084659352,47.49109666472091,1.5433947253978069,2.3745548332360475
P2_rep1_a1,P2,1.0,183,1.0,1.1,59.21940469028911,39.69595407819774,0.0,3.969595407819777
P2_rep1_a1,P2,1.0,184,1.0,1.05,54.43520666505401,44.56777774683524,0.0,2.228388887341764
P2_rep1_a1,P2,1.0,185,1.0,1.1,59.21940469028911,39.69595407819774,0.0,3.969595407819777
P2_rep1_a1,P2,1.0,186,1.03,1.15,60.99665296954143,37.74371581331498,1.8298995890862446,5.661557371997243
P2_rep1_a1,P2,1.0,187,1.1,1.15,54.169582385452664,44.35030298036147,5.416958238545271,6.652545447054217
P2_rep1_a1,P2,1.0,188,1.15,1.15,49.17936193877041,49.17936193877041,7.376904290815557,7.376904290815557
P2_rep1_a1,P2,1.0,189,1.15,1.1,44.35030298036147,54.169582385452664,6.652545447054217,5.416958238545271
P2_rep1_a1,P2,1.0,190,1.15,1.15,49.17936193877041,49.17936193877041,7.376904290815557,7.376904290815557
P2_rep1_a1,P2,1.0,191,1.15,1.1,44.35030298036147,54.169582385452664,6.652545447054217,5.416958238545271
P2_rep1_a1,P2,1.0,192,1.15,1.2,53.99264768938503,44.205441103404354,8.09889715340775,8.841088220680868
P2_rep1_a1,P2,1.0,193,1.15,1.15,49.17936193877041,49.17936193877041,7.376904290815557,7.376904290815557
P2_rep1_a1,P2,1.0,194,1.12,1.25,61.57180567828636,36.60570365136915,7.38861668139437,9.151425912842287
P2_rep1_a1,P2,1.0,195,1.12,1.1,47.32861886592195,51.27048074837032,5.67943426391064,5.127048074837036
P2_rep1_a1,P2,1.0,196,1.05,1.0,44.56777774683524,54.43520666505401,2.228388887341764,0.0
P2_rep1_a1,P2,1.0,197,1.1,1.05,44.46961462960421,54.31530996291843,4.446961462960425,2.715765498145924
P2_rep1_a1,P2,1.0,198,1.12,1.1,47.32861886592195,51.27048074837032,5.67943426391064,5.127048074837036
P2_rep1_a1,P2,1.0,199,1.12,1.1,47.32861886592195,51.27048074837032,5.67943426391064,5.127048074837036
P2_rep1_a1,P2,1.0,200,1.04,1.1,55.30601902519403,43.50525544989448,2.2122407610077635,4.350525544989452
P2_rep1_a1,P2,1.0,201,1.12,1.2,56.95576648990552,41.35837499243892,6.834691978788668,8.271674998487782
P2_rep1_a1,P2,1.0,202,1.12,1.2,56.95576648990552,41.35837499243892,6.834691978788668,8.271674998487782
P2_rep1_a1,P2,1.0,203,1.03,1.25,69.6653544025792,28.89599854243108,2.0899606320773776,7.22399963560777
P2_rep1_a1,P2,1.0,204,1.01,1.2,67.26172933407743,31.456052632175606,0.6726172933407749,6.29121052643512
P2_rep1_a1,P2,1.0,205,1.02,1.15,61.94398910014302,36.82697434327679,1.2388797820028614,5.524046151491515
P2_rep1_a1,P2,1.0,206,1.02,1.15,61.94398910014302,36.82697434327679,1.2388797820028614,5.524046151491515
P2_rep1_a1,P2,1.0,207,1.02,1.15,61.94398910014302,36.82697434327679,1.2388797820028614,5.524046151491515
P2_rep1_a1,P2,1.0,208,1.12,1.1,47.32861886592195,51.27048074837032,5.67943426391064,5.127048074837036
P2_rep1_a1,P2,1.0,209,1.04,1.15,60.0409471179671,38.66855670029769,2.4016378847186863,5.800283505044651
P2_rep1_a1,P2,1.0,210,1.03,1.1,56.29253217543899,42.54498058357008,1.6887759652631713,4.254498058357012
P2_rep1_a1,P2,1.0,211,1.02,1.1,57.274092320253956,41.58952698762207,1.1454818464050802,4.158952698762211
P2_rep1_a1,P2,1.0,212,1.01,1.15,62.88231748915728,35.9189497056255,0.6288231748915734,5.387842455843822
P2_rep1_a1,P2,1.0,213,1.01,1.15,62.88231748915728,35.9189497056255,0.6288231748915734,5.387842455843822
P2_rep1_a1,P2,1.0,214,1.02,1.15,61.94398910014302,36.82697434327679,1.2388797820028614,5.524046151491515
P2_rep1_a1,P2,1.0,215,1.05,1.1,54.31530996291843,44.46961462960421,2.715765498145924,4.446961462960425
P2_rep1_a1,P2,1.0,216,1.03,1.05,51.44649084659352,47.49109666472091,1.5433947253978069,2.3745548332360475
P2_rep1_a1,P2,1.0,217,1.04,1.05,50.446882688814746,48.46883212556936,2.0178753075525915,2.42344160627847
P2_rep1_a1,P2,1.0,218,1.09,1.07,47.40371260578975,51.351828825632445,4.266334134521081,3.594628017794274
P2_rep1_a1,P2,1.0,219,1.09,1.07,47.40371260578975,51.351828825632445,4.266334134521081,3.594628017794274
P2_rep1_a1,P2,1.0,220,1.09,1.07,47.40371260578975,51.351828825632445,4.266334134521081,3.594628017794274
P2_rep1_a1,P2,1.0,221,1.09,1.05,45.45943823409743,53.347144956894084,4.091349441068773,2.6673572478447065
P2_rep1_a1,P2,1.0,222,1.07,1.05,47.44911121387485,51.40100855066149,3.3214377849712426,2.5700504275330767
P2_rep1_a1,P2,1.0,223,1.03,1.05,51.44649084659352,47.49109666472091,1.5433947253978069,2.3745548332360475
P2_rep1_a1,P2,1.0,224,1.02,1.05,52.44494308805898,46.51449182726773,1.0488988617611805,2.3257245913633886
P2_rep1_a1,P2,1.0,225,1.02,1.08,55.35661140388101,43.54505282452728,1.1071322280776212,3.4836042259621856
P2_rep1_a1,P2,1.0,226,1.02,1.2,66.37491128793934,32.30813780854747,1.327498225758788,6.461627561709493
P2_rep1_a1,P2,1.0,227,1.02,1.2,66.37491128793934,32.30813780854747,1.327498225758788,6.461627561709493
P2_rep1_a1,P2,1.0,228,1.02,1.2,66.37491128793934,32.30813780854747,1.327498225758788,6.461627561709493
P2_rep1_a1,P2,1.0,229,1.1,1.1,49.32611348289486,49.32611348289486,4.93261134828949,4.93261134828949
P2_rep1_a1,P2,1.0,230,1.09,1.1,50.32606805231985,48.35275469873004,4.52934612470879,4.835275469873008
P2_rep1_a1,P2,1.0,231,1.03,1.2,65.47640096325333,33.171457326926806,1.9642920288976016,6.63429146538536
P2_rep1_a1,P2,1.0,232,1.08,1.1,51.32576184793466,47.37964975257602,4.106060947834776,4.737964975257606
P2_rep1_a1,P2,1.0,233,1.08,1.1,51.32576184793466,47.37964975257602,4.106060947834776,4.737964975257606
P2_rep1_a1,P2,1.0,234,1.1,1.1,49.32611348289486,49.32611348289486,4.93261134828949,4.93261134828949
P2_rep1_a1,P2,1.0,235,1.1,1.15,54.169582385452664,44.35030298036147,5.416958238545271,6.652545447054217
P2_rep1_a1,P2,1.0,236,1.12,1.15,52.17790927554641,46.27765408165589,6.261349113065575,6.941648112248379
P2_rep1_a1,P2,1.0,237,1.09,1.15,55.16084279723354,43.39105578421625,4.964475851751023,6.508658367632433
P2_rep1_a1,P2,1.0,238,1.09,1.2,59.86988722700089,38.558387900328945,5.388289850430085,7.711677580065787
P2_rep1_a1,P2,1.0,239,1.1,1.2,58.90517307371448,39.48531832650961,5.890517307371453,7.897063665301921
P2_rep1_a1,P2,1.0,240,1.09,1.1,50.32606805231985,48.35275469873004,4.52934612470879,4.835275469873008
P2_rep1_a1,P2,1.0,241,1.1,1.2,58.90517307371448,39.48531832650961,5.890517307371453,7.897063665301921
P2_rep1_a1,P2,1.0,242,1.03,1.2,65.47640096325333,33.171457326926806,1.9642920288976016,6.63429146538536
P2_rep1_a1,P2,1.0,243,1.1,1.2,58.90517307371448,39.48531832650961,5.890517307371453,7.897063665301921
P2_rep1_a1,P2,1.0,244,1.1,1.25,63.44632740968894,34.820082749868675,6.344632740968899,8.705020687467169
P2_rep1_a1,P2,1.0,245,1.05,1.2,63.646333801854844,34.929848585182505,3.182316690092745,6.985969717036499
P2_rep1_a1,P2,1.0,246,1.03,1.25,69.6653544025792,28.89599854243108,2.0899606320773776,7.22399963560777
P2_rep1_a1,P2,1.0,247,1.03,1.2,65.47640096325333,33.171457326926806,1.9642920288976016,6.63429146538536
P2_rep1_a1,P2,1.0,248,1.03,1.15,60.99665296954143,37.74371581331498,1.8298995890862446,5.661557371997243
P2_rep1_a1,P2,1.0,249,1.05,1.2,63.646333801854844,34.929848585182505,3.182316690092745,6.985969717036499
P2_rep1_a1,P2,1.0,250,1.05,1.15,59.07753438666782,39.60085556974326,2.953876719333394,5.940128335461486
P2_rep1_a1,P2,1.0,251,1.04,1.15,60.0409471179671,38.66855670029769,2.4016378847186863,5.800283505044651
P2_rep1_a1,P2,1.0,252,1.04,1.05,50.446882688814746,48.46883212556936,2.0178753075525915,2.42344160627847
P2_rep1_a1,P2,1.0,253,1.02,1.05,52.44494308805898,46.51449182726773,1.0488988617611805,2.3257245913633886
P2_rep1_a1,P2,1.0,254,1.02,1.05,52.44494308805898,46.51449182726773,1.0488988617611805,2.3257245913633886
P2_rep1_a1,P2,1.0,255,1.01,1.05,53.44144457029163,45.53979506395607,0.5344144457029167,2.2769897531978054
P2_rep1_a1,P2,1.0,256,1.02,1.1,57.274092320253956,41.58952698762207,1.1454818464050802,4.158952698762211
P2_rep1_a1,P2,1.0,257,1.01,1.1,58.249957826375855,40.63961657009839,0.5824995782637591,4.063961657009843
P2_rep1_a1,P2,1.0,258,1.02,1.1,57.274092320253956,41.58952698762207,1.1454818464050802,4.158952698762211
P2_rep1_a1,P2,1.0,259,1.01,1.2,67.26172933407743,31.456052632175606,0.6726172933407749,6.29121052643512
P2_rep1_a1,P2,1.0,260,1.02,1.15,61.94398910014302,36.82697434327679,1.2388797820028614,5.524046151491515
P2_rep1_a1,P2,1.0,261,1.02,1.15,61.94398910014302,36.82697434327679,1.2388797820028614,5.524046151491515
P2_rep1_a1,P2,1.0,262,1.04,1.15,60.0409471179671,38.66855670029769,2.4016378847186863,5.800283505044651
P2_rep1_a1,P2,1.0,263,1.06,1.2,62.715867851586545,35.82387216397075,3.762952071095196,7.164774432794148
P2_rep1_a1,P2,1.0,264,1.1,1.2,58.90517307371448,39.48531832650961,5.890517307371453,7.897063665301921
P2_rep1_a1,P2,1.0,265,1.12,1.1,47.32861886592195,51.27048074837032,5.67943426391064,5.127048074837036
P2_rep1_a1,P2,1.0,266,1.06,1.12,55.2513172026512,43.46222547223117,3.315079032159075,5.215467056667745
P2_rep1_a1,P2,1.0,267,1.06,1.12,55.2513172026512,43.46222547223117,3.315079032159075,5.215467056667745
P2_rep1_a1,P2,1.0,268,1.06,1.12,55.2513172026512,43.46222547223117,3.315079032159075,5.215467056667745
P2_rep1_a1,P2,1.0,269,1.06,1.12,55.2513172026512,43.46222547223117,3.315079032159075,5.215467056667745
P2_rep1_a1,P2,1.0,270,1.06,1.08,51.37689865518985,47.42685497525532,3.0826139193113935,3.794148398020429
P2_rep1_a1,P2,1.0,271,1.07,1.08,50.37723970783385,48.401919884931836,3.5264067795483727,3.87215359079455
P2_rep1_a1,P2,1.0,272,1.11,1.1,48.326697781090175,50.298947731698036,5.315936755919924,5.029894773169808
P2_rep1_a1,P2,1.0,273,1.11,1.07,45.414298153590536,53.29417258170179,4.9955727968949635,3.7305920807191284
P2_rep1_a1,P2,1.0,274,1.02,1.05,52.44494308805898,46.51449182726773,1.0488988617611805,2.3257245913633886
P2_rep1_a1,P2,1.0,275,1.05,1.0,44.56777774683524,54.43520666505401,2.228388887341764,0.0
P2_rep1_a1,P2,1.0,276,1.05,1.0,44.56777774683524,54.43520666505401,2.228388887341764,0.0
P2_rep1_a1,P2,1.0,277,1.06,1.05,48.44739390287266,50.42456955565249,2.9068436341723625,2.5212284777826266
P2_rep1_a1,P2,1.0,278,1.06,1.05,48.44739390287266,50.42456955565249,2.9068436341723625,2.5212284777826266
P2_rep1_a1,P2,1.0,279,1.06,1.1,53.32117527097028,45.43730832753606,3.1992705162582196,4.54373083275361
P2_rep1_a1,P2,1.0,280,1.1,1.05,44.46961462960421,54.31530996291843,4.446961462960425,2.715765498145924
P2_rep1_a1,P2,1.0,281,1.12,1.1,47.32861886592195,51.27048074837032,5.67943426391064,5.127048074837036
P2_rep1_a1,P2,1.0,282,1.11,1.1,48.326697781090175,50.298947731698036,5.315936755919924,5.029894773169808
P2_rep1_a1,P2,1.0,283,1.09,1.05,45.45943823409743,53.347144956894084,4.091349441068773,2.6673572478447065
P2_rep1_a1,P2,1.0,284,1.09,1.1,50.32606805231985,48.35275469873004,4.52934612470879,4.835275469873008
P2_rep1_a1,P2,1.0,285,1.1,1.15,54.169582385452664,44.35030298036147,5.416958238545271,6.652545447054217
P2_rep1_a1,P2,1.0,286,1.01,1.1,58.249957826375855,40.63961657009839,0.5824995782637591,4.063961657009843
P2_rep1_a1,P2,1.0,287,1.09,1.1,50.32606805231985,48.35275469873004,4.52934612470879,4.835275469873008
P2_rep1_a1,P2,1.0,288,1.01,1.05,53.44144457029163,45.53979506395607,0.5344144457029167,2.2769897531978054
P2_rep1_a1,P2,1.0,289,1.1,1.03,42.54498058357008,56.29253217543899,4.254498058357012,1.6887759652631713
P2_rep1_a1,P2,1.0,290,1.1,1.02,41.58952698762207,57.274092320253956,4.158952698762211,1.1454818464050802
P2_rep1_a1,P2,1.0,291,1.02,1.08,55.35661140388101,43.54505282452728,1.1071322280776212,3.4836042259621856
P2_rep1_a1,P2,1.0,292,1.02,1.07,54.390041987449315,44.53080003632743,1.0878008397489873,3.117156002542923
P2_rep1_a1,P2,1.0,293,1.02,1.1,57.274092320253956,41.58952698762207,1.1454818464050802,4.158952698762211
P2_rep1_a1,P2,1.0,294,1.01,1.12,60.12869216361522,38.72506770546465,0.6012869216361527,4.647008124655763
P2_rep1_a1,P2,1.0,295,1.06,1.12,55.2513172026512,43.46222547223117,3.315079032159075,5.215467056667745
P2_rep1_a1,P2,1.0,296,1.06,1.02,45.520869125669556,53.41923477596868,2.7312521475401756,1.0683846955193745
P2_rep1_a1,P2,1.0,297,1.05,1.03,47.49109666472091,51.44649084659352,2.3745548332360475,1.5433947253978069
P2_rep1_a1,P2,1.0,298,1.05,1.03,47.49109666472091,51.44649084659352,2.3745548332360475,1.5433947253978069
P2_rep1_a1,P2,1.0,299,1.05,1.02,46.51449182726773,52.44494308805898,2.3257245913633886,1.0488988617611805
P2_rep1_a1,P2,1.0,300,1.05,1.02,46.51449182726773,52.44494308805898,2.3257245913633886,1.0488988617611805
P2_rep2_a1,P2,1.0,1,2.5,2.5,10.650697891920077,10.650697891920077,15.976046837880116,15.976046837880116
P2_rep2_a1,P2,1.0,2,1.75,2.5,70.53845126982412,3.5119026959339728,52.90383845236809,5.267854043900959
P2_rep2_a1,P2,1.0,3,1.5,2.5,86.68133321973347,1.5876239976466762,43.34066660986674,2.3814359964700142
P2_rep2_a1,P2,1.0,4,1.6,2.0,71.23557207955935,14.38221396022033,42.741343247735614,14.38221396022033
P2_rep2_a1,P2,1.0,5,1.7,1.5,28.354836986291428,63.10485023372357,19.848385890404,31.552425116861784
P2_rep2_a1,P2,1.0,6,1.75,1.5,24.472847105479765,66.52409557748219,18.354635329109826,33.26204778874109
P2_rep2_a1,P2,1.0,7,1.75,1.5,24.472847105479765,66.52409557748219,18.354635329109826,33.26204778874109
P2_rep2_a1,P2,1.0,8,1.75,1.5,24.472847105479765,66.52409557748219,18.354635329109826,33.26204778874109
P2_rep2_a1,P2,1.0,9,1.75,1.5,24.472847105479765,66.52409557748219,18.354635329109826,33.26204778874109
P2_rep2_a1,P2,1.0,10,1.8,1.5,20.966796221681502,69.61221495117348,16.773436977345202,34.80610747558674
P2_rep2_a1,P2,1.0,11,1.8,1.5,20.966796221681502,69.61221495117348,16.773436977345202,34.80610747558674
P2_rep2_a1,P2,1.0,12,1.75,1.5,24.472847105479765,66.52409557748219,18.354635329109826,33.26204778874109
P2_rep2_a1,P2,1.0,13,1.75,1.5,24.472847105479765,66.52409557748219,18.354635329109826,33.26204778874109
P2_rep2_a1,P2,1.0,14,1.75,1.5,24.472847105479765,66.52409557748219,18.354635329109826,33.26204778874109
P2_rep2_a1,P2,1.0,15,1.75,1.5,24.472847105479765,66.52409557748219,18.354635329109826,33.26204778874109
P2_rep2_a1,P2,1.0,16,1.6,1.5,37.123366523433,55.38155503924651,22.274019914059803,27.690777519623254
P2_rep2_a1,P2,1.0,17,1.6,1.3,22.114043071891032,73.42120863311034,13.268425843134622,22.026362589933104
P2_rep2_a1,P2,1.0,18,1.6,1.3,22.114043071891032,73.42120863311034,13.268425843134622,22.026362589933104
P2_rep2_a1,P2,1.0,19,1.6,1.3,22.114043071891032,73.42120863311034,13.268425843134622,22.026362589933104
P2_rep2_a1,P2,1.0,20,1.6,1.5,37.123366523433,55.38155503924651,22.274019914059803,27.690777519623254
P2_rep2_a1,P2,1.0,21,1.5,1.5,46.83105308334812,46.83105308334812,23.41552654167406,23.41552654167406
P2_rep2_a1,P2,1.0,22,1.5,1.6,55.38155503924651,37.123366523433,27.690777519623254,22.274019914059803
P2_rep2_a1,P2,1.0,23,1.5,1.5,46.83105308334812,46.83105308334812,23.41552654167406,23.41552654167406
P2_rep2_a1,P2,1.0,24,1.4,1.4,47.83045931311103,47.83045931311103,19.132183725244406,19.132183725244406
P2_rep2_a1,P2,1.0,25,1.4,1.4,47.83045931311103,47.83045931311103,19.132183725244406,19.132183725244406
P2_rep2_a1,P2,1.0,26,1.5,1.4,38.06391720636073,56.784691777421465,19.031958603180364,22.71387671096858
P2_rep2_a1,P2,1.0,27,1.3,1.4,57.76573320497357,38.72152894124036,17.329719961492074,15.48861157649614
P2_rep2_a1,P2,1.0,28,1.3,1.3,48.52460778098702,48.52460778098702,14.557382334296108,14.557382334296108
P2_rep2_a1,P2,1.0,29,1.3,1.3,48.52460778098702,48.52460778098702,14.557382334296108,14.557382334296108
P2_rep2_a1,P2,1.0,30,1.3,1.2,39.17520890828904,58.44254418464191,11.752562672486713,11.68850883692838
P2_rep2_a1,P2,1.0,31,1.3,1.3,48.52460778098702,48.52460778098702,14.557382334296108,14.557382334296108
P2_rep2_a1,P2,1.0,32,1.2,1.5,74.51806840808356,22.444410887392287,14.90361368161671,11.222205443696144
P2_rep2_a1,P2,1.0,33,1.2,1.5,74.51806840808356,22.444410887392287,14.90361368161671,11.222205443696144
P2_rep2_a1,P2,1.0,34,1.2,1.5,74.51806840808356,22.444410887392287,14.90361368161671,11.222205443696144
P2_rep2_a1,P2,1.0,35,1.15,1.5,78.12681682069625,19.26583583040572,11.71902252310443,9.63291791520286
P2_rep2_a1,P2,1.0,36,1.1,1.5,81.35238642348295,16.424763549456895,8.135238642348302,8.212381774728447
P2_rep2_a1,P2,1.0,37,1.1,1.5,81.35238642348295,16.424763549456895,8.135238642348302,8.212381774728447
P2_rep2_a1,P2,1.0,38,1.35,1.5,61.611059677241066,33.81286646295338,21.56387088703438,16.90643323147669
P2_rep2_a1,P2,1.0,39,1.35,1.5,61.611059677241066,33.81286646295338,21.56387088703438,16.90643323147669
P2_rep2_a1,P2,1.0,40,1.2,1.4,67.10998772498269,30.154461266385933,13.421997544996534,12.061784506554371
P2_rep2_a1,P2,1.0,41,1.1,1.5,81.35238642348295,16.424763549456895,8.135238642348302,8.212381774728447
P2_rep2_a1,P2,1.0,42,1.15,1.4,71.36471473388386,26.25361137566059,10.704707210082573,10.501444550264234
P2_rep2_a1,P2,1.0,43,1.1,1.3,67.72073142849428,30.42888610202591,6.772073142849433,9.128665830607774
P2_rep2_a1,P2,1.0,44,1.15,1.3,63.20373782946754,34.68694676544798,9.480560674420126,10.406084029634394
P2_rep2_a1,P2,1.0,45,1.1,1.3,67.72073142849428,30.42888610202591,6.772073142849433,9.128665830607774
P2_rep2_a1,P2,1.0,46,1.1,1.3,67.72073142849428,30.42888610202591,6.772073142849433,9.128665830607774
P2_rep2_a1,P2,1.0,47,1.1,1.3,67.72073142849428,30.42888610202591,6.772073142849433,9.128665830607774
P2_rep2_a1,P2,1.0,48,1.15,1.3,63.20373782946754,34.68694676544798,9.480560674420126,10.406084029634394
P2_rep2_a1,P2,1.0,49,1.2,1.2,49.00129951694268,49.00129951694268,9.800259903388534,9.800259903388534
P2_rep2_a1,P2,1.0,50,1.1,1.3,67.72073142849428,30.42888610202591,6.772073142849433,9.128665830607774
P2_rep2_a1,P2,1.0,51,1.1,1.3,67.72073142849428,30.42888610202591,6.772073142849433,9.128665830607774
P2_rep2_a1,P2,1.0,52,1.2,1.2,49.00129951694268,49.00129951694268,9.800259903388534,9.800259903388534
P2_rep2_a1,P2,1.0,53,1.2,1.2,49.00129951694268,49.00129951694268,9.800259903388534,9.800259903388534
P2_rep2_a1,P2,1.0,54,1.2,1.2,49.00129951694268,49.00129951694268,9.800259903388534,9.800259903388534
P2_rep2_a1,P2,1.0,55,1.2,1.15,44.205441103404354,53.99264768938503,8.841088220680868,8.09889715340775
P2_rep2_a1,P2,1.0,56,1.2,1.25,53.77810097130135,44.0297851073373,10.755620194260267,11.007446276834324
P2_rep2_a1,P2,1.0,57,1.1,1.5,81.35238642348295,16.424763549456895,8.135238642348302,8.212381774728447
P2_rep2_a1,P2,1.0,58,1.1,1.3,67.72073142849428,30.42888610202591,6.772073142849433,9.128665830607774
P2_rep2_a1,P2,1.0,59,1.05,1.4,78.80421005119739,19.432878944441917,3.940210502559873,7.7731515777767655
P2_rep2_a1,P2,1.0,60,1.4,1.25,34.33079449909626,62.554786089146326,13.7323177996385,15.638696522286581
P2_rep2_a1,P2,1.0,61,1.3,1.2,39.17520890828904,58.44254418464191,11.752562672486713,11.68850883692838
P2_rep2_a1,P2,1.0,62,1.05,1.3,71.9294980593642,26.46138354982125,3.5964749029682137,7.938415064946376
P2_rep2_a1,P2,1.0,63,1.05,1.3,71.9294980593642,26.46138354982125,3.5964749029682137,7.938415064946376
P2_rep2_a1,P2,1.0,64,1.2,1.3,58.44254418464191,39.17520890828904,11.68850883692838,11.752562672486713
P2_rep2_a1,P2,1.0,65,1.15,1.4,71.36471473388386,26.25361137566059,10.704707210082573,10.501444550264234
P2_rep2_a1,P2,1.0,66,1.1,1.4,75.2718479846582,22.671444932914216,7.527184798465826,9.068577973165684
P2_rep2_a1,P2,1.0,67,1.15,1.25,58.69601005128134,39.34511215968324,8.804401507692196,9.83627803992081
P2_rep2_a1,P2,1.0,68,1.1,1.25,63.44632740968894,34.820082749868675,6.344632740968899,8.705020687467169
P2_rep2_a1,P2,1.0,69,1.1,1.25,63.44632740968894,34.820082749868675,6.344632740968899,8.705020687467169
P2_rep2_a1,P2,1.0,70,1.1,1.25,63.44632740968894,34.820082749868675,6.344632740968899,8.705020687467169
P2_rep2_a1,P2,1.0,71,1.1,1.25,63.44632740968894,34.820082749868675,6.344632740968899,8.705020687467169
P2_rep2_a1,P2,1.0,72,1.1,1.2,58.90517307371448,39.48531832650961,5.890517307371453,7.897063665301921
P2_rep2_a1,P2,1.0,73,1.2,1.25,53.77810097130135,44.0297851073373,10.755620194260267,11.007446276834324
P2_rep2_a1,P2,1.0,74,1.5,1.2,22.444410887392287,74.51806840808356,11.222205443696144,14.90361368161671
P2_rep2_a1,P2,1.0,75,1.25,1.2,44.0297851073373,53.77810097130135,11.007446276834324,10.755620194260267
P2_rep2_a1,P2,1.0,76,1.25,1.15,39.34511215968324,58.69601005128134,9.83627803992081,8.804401507692196
P2_rep2_a1,P2,1.0,77,1.5,1.25,25.949646034241916,70.53845126982412,12.974823017120958,17.63461281745603
P2_rep2_a1,P2,1.0,78,1.35,1.2,34.525708857226306,62.90994320556119,12.083998100029211,12.581988641112236
P2_rep2_a1,P2,1.0,79,1.35,1.2,34.525708857226306,62.90994320556119,12.083998100029211,12.581988641112236
P2_rep2_a1,P2,1.0,80,1.1,1.2,58.90517307371448,39.48531832650961,5.890517307371453,7.897063665301921
P2_rep2_a1,P2,1.0,81,1.1,1.2,58.90517307371448,39.48531832650961,5.890517307371453,7.897063665301921
P2_rep2_a1,P2,1.0,82,1.1,1.15,54.169582385452664,44.35030298036147,5.416958238545271,6.652545447054217
P2_rep2_a1,P2,1.0,83,1.1,1.2,58.90517307371448,39.48531832650961,5.890517307371453,7.897063665301921
P2_rep2_a1,P2,1.0,84,1.05,1.2,63.646333801854844,34.929848585182505,3.182316690092745,6.985969717036499
P2_rep2_a1,P2,1.0,85,1.0,1.15,63.81102645354702,35.020233828810355,0.0,5.25303507432155
P2_rep2_a1,P2,1.0,86,1.0,1.15,63.81102645354702,35.020233828810355,0.0,5.25303507432155
P2_rep2_a1,P2,1.0,87,1.2,1.15,44.205441103404354,53.99264768938503,8.841088220680868,8.09889715340775
P2_rep2_a1,P2,1.0,88,1.2,1.3,58.44254418464191,39.17520890828904,11.68850883692838,11.752562672486713
P2_rep2_a1,P2,1.0,89,1.15,1.3,63.20373782946754,34.68694676544798,9.480560674420126,10.406084029634394
P2_rep2_a1,P2,1.0,90,1.1,1.25,63.44632740968894,34.820082749868675,6.344632740968899,8.705020687467169
P2_rep2_a1,P2,1.0,91,1.1,1.25,63.44632740968894,34.820082749868675,6.344632740968899,8.705020687467169
P2_rep2_a1,P2,1.0,92,1.1,1.25,63.44632740968894,34.820082749868675,6.344632740968899,8.705020687467169
P2_rep2_a1,P2,1.0,93,1.1,1.25,63.44632740968894,34.820082749868675,6.344632740968899,8.705020687467169
P2_rep2_a1,P2,1.0,94,1.1,1.25,63.44632740968894,34.820082749868675,6.344632740968899,8.705020687467169
P2_rep2_a1,P2,1.0,95,1.1,1.25,63.44632740968894,34.820082749868675,6.344632740968899,8.705020687467169
P2_rep2_a1,P2,1.0,96,1.05,1.2,63.646333801854844,34.929848585182505,3.182316690092745,6.985969717036499
P2_rep2_a1,P2,1.0,97,1.0,1.2,68.1363865578799,30.615651990742766,0.0,6.123130398148552
P2_rep2_a1,P2,1.0,98,1.05,1.1,54.31530996291843,44.46961462960421,2.715765498145924,4.446961462960425
P2_rep2_a1,P2,1.0,99,1.05,1.1,54.31530996291843,44.46961462960421,2.715765498145924,4.446961462960425
P2_rep2_a1,P2,1.0,100,1.05,1.1,54.31530996291843,44.46961462960421,2.715765498145924,4.446961462960425
P2_rep2_a1,P2,1.0,101,1.25,1.1,34.820082749868675,63.44632740968894,8.705020687467169,6.344632740968899
P2_rep2_a1,P2,1.0,102,1.5,1.1,16.424763549456895,81.35238642348295,8.212381774728447,8.135238642348302
P2_rep2_a1,P2,1.0,103,1.4,1.1,22.671444932914216,75.2718479846582,9.068577973165684,7.527184798465826
P2_rep2_a1,P2,1.0,104,1.35,1.15,30.30473373480604,67.44442525387728,10.606656807182116,10.116663788081587
P2_rep2_a1,P2,1.0,105,1.25,1.2,44.0297851073373,53.77810097130135,11.007446276834324,10.755620194260267
P2_rep2_a1,P2,1.0,106,1.25,1.2,44.0297851073373,53.77810097130135,11.007446276834324,10.755620194260267
P2_rep2_a1,P2,1.0,107,1.25,1.15,39.34511215968324,58.69601005128134,9.83627803992081,8.804401507692196
P2_rep2_a1,P2,1.0,108,1.2,1.05,34.929848585182505,63.646333801854844,6.985969717036499,3.182316690092745
P2_rep2_a1,P2,1.0,109,1.1,1.05,44.46961462960421,54.31530996291843,4.446961462960425,2.715765498145924
P2_rep2_a1,P2,1.0,110,1.05,1.05,49.446917148737434,49.446917148737434,2.4723458574368737,2.4723458574368737
P2_rep2_a1,P2,1.0,111,1.05,1.0,44.56777774683524,54.43520666505401,2.228388887341764,0.0
P2_rep2_a1,P2,1.0,112,1.1,1.05,44.46961462960421,54.31530996291843,4.446961462960425,2.715765498145924
P2_rep2_a1,P2,1.0,113,1.4,1.0,16.546017580281315,81.95296156974493,6.618407032112525,0.0
P2_rep2_a1,P2,1.0,114,1.4,1.0,16.546017580281315,81.95296156974493,6.618407032112525,0.0
P2_rep2_a1,P2,1.0,115,1.3,1.0,22.82621927599696,75.7857169003327,6.847865782799088,0.0
P2_rep2_a1,P2,1.0,116,1.4,1.0,16.546017580281315,81.95296156974493,6.618407032112525,0.0
P2_rep2_a1,P2,1.0,117,1.4,1.05,19.432878944441917,78.80421005119739,7.7731515777767655,3.940210502559873
P2_rep2_a1,P2,1.0,118,1.3,1.05,26.46138354982125,71.9294980593642,7.938415064946376,3.5964749029682137
P2_rep2_a1,P2,1.0,119,1.25,1.05,30.5312933837033,67.94864302524296,7.632823345925825,3.397432151262151
P2_rep2_a1,P2,1.0,120,1.25,1.05,30.5312933837033,67.94864302524296,7.632823345925825,3.397432151262151
P2_rep2_a1,P2,1.0,121,1.15,1.05,39.60085556974326,59.07753438666782,5.940128335461486,2.953876719333394
P2_rep2_a1,P2,1.0,122,1.15,1.15,49.17936193877041,49.17936193877041,7.376904290815557,7.376904290815557
P2_rep2_a1,P2,1.0,123,1.05,1.25,67.94864302524296,30.5312933837033,3.397432151262151,7.632823345925825
P2_rep2_a1,P2,1.0,124,1.0,1.25,72.13991842739686,26.538792877224193,0.0,6.634698219306048
P2_rep2_a1,P2,1.0,125,1.0,1.2,68.1363865578799,30.615651990742766,0.0,6.123130398148552
P2_rep2_a1,P2,1.0,126,1.05,1.05,49.446917148737434,49.446917148737434,2.4723458574368737,2.4723458574368737
P2_rep2_a1,P2,1.0,127,1.05,1.05,49.446917148737434,49.446917148737434,2.4723458574368737,2.4723458574368737
P2_rep2_a1,P2,1.0,128,1.1,1.1,49.32611348289486,49.32611348289486,4.93261134828949,4.93261134828949
P2_rep2_a1,P2,1.0,129,1.0,1.1,59.21940469028911,39.69595407819774,0.0,3.969595407819777
P2_rep2_a1,P2,1.0,130,1.05,1.1,54.31530996291843,44.46961462960421,2.715765498145924,4.446961462960425
P2_rep2_a1,P2,1.0,131,1.0,1.1,59.21940469028911,39.69595407819774,0.0,3.969595407819777
P2_rep2_a1,P2,1.0,132,1.1,1.1,49.32611348289486,49.32611348289486,4.93261134828949,4.93261134828949
P2_rep2_a1,P2,1.0,133,1.0,1.15,63.81102645354702,35.020233828810355,0.0,5.25303507432155
P2_rep2_a1,P2,1.0,134,1.0,1.05,54.43520666505401,44.56777774683524,0.0,2.228388887341764
P2_rep2_a1,P2,1.0,135,1.1,1.1,49.32611348289486,49.32611348289486,4.93261134828949,4.93261134828949
P2_rep2_a1,P2,1.0,136,1.1,1.05,44.46961462960421,54.31530996291843,4.446961462960425,2.715765498145924
P2_rep2_a1,P2,1.0,137,1.15,1.1,44.35030298036147,54.169582385452664,6.652545447054217,5.416958238545271
P2_rep2_a1,P2,1.0,138,1.15,1.1,44.35030298036147,54.169582385452664,6.652545447054217,5.416958238545271
P2_rep2_a1,P2,1.0,139,1.1,1.2,58.90517307371448,39.48531832650961,5.890517307371453,7.897063665301921
P2_rep2_a1,P2,1.0,140,1.15,1.15,49.17936193877041,49.17936193877041,7.376904290815557,7.376904290815557
P2_rep2_a1,P2,1.0,141,1.15,1.2,53.99264768938503,44.205441103404354,8.09889715340775,8.841088220680868
P2_rep2_a1,P2,1.0,142,1.15,1.15,49.17936193877041,49.17936193877041,7.376904290815557,7.376904290815557
P2_rep2_a1,P2,1.0,143,1.05,1.2,63.646333801854844,34.929848585182505,3.182316690092745,6.985969717036499
P2_rep2_a1,P2,1.0,144,1.05,1.2,63.646333801854844,34.929848585182505,3.182316690092745,6.985969717036499
P2_rep2_a1,P2,1.0,145,1.15,1.15,49.17936193877041,49.17936193877041,7.376904290815557,7.376904290815557
P2_rep2_a1,P2,1.0,146,1.1,1.05,44.46961462960421,54.31530996291843,4.446961462960425,2.715765498145924
P2_rep2_a1,P2,1.0,147,1.15,1.2,53.99264768938503,44.205441103404354,8.09889715340775,8.841088220680868
P2_rep2_a1,P2,1.0,148,1.15,1.2,53.99264768938503,44.205441103404354,8.09889715340775,8.841088220680868
P2_rep2_a1,P2,1.0,149,1.15,1.1,44.35030298036147,54.169582385452664,6.652545447054217,5.416958238545271
P2_rep2_a1,P2,1.0,150,1.1,1.2,58.90517307371448,39.48531832650961,5.890517307371453,7.897063665301921
P2_rep2_a1,P2,1.0,151,1.05,1.15,59.07753438666782,39.60085556974326,2.953876719333394,5.940128335461486
P2_rep2_a1,P2,1.0,152,1.1,1.1,49.32611348289486,49.32611348289486,4.93261134828949,4.93261134828949
P2_rep2_a1,P2,1.0,153,1.15,1.1,44.35030298036147,54.169582385452664,6.652545447054217,5.416958238545271
P2_rep2_a1,P2,1.0,154,1.1,1.0,39.69595407819774,59.21940469028911,3.969595407819777,0.0
P2_rep2_a1,P2,1.0,155,1.15,1.0,35.020233828810355,63.81102645354702,5.25303507432155,0.0
P2_rep2_a1,P2,1.0,156,1.15,1.0,35.020233828810355,63.81102645354702,5.25303507432155,0.0
P2_rep2_a1,P2,1.0,157,1.2,1.0,30.615651990742766,68.1363865578799,6.123130398148552,0.0
P2_rep2_a1,P2,1.0,158,1.2,1.2,49.00129951694268,49.00129951694268,9.800259903388534,9.800259903388534
P2_rep2_a1,P2,1.0,159,1.15,1.2,53.99264768938503,44.205441103404354,8.09889715340775,8.841088220680868
P2_rep2_a1,P2,1.0,160,1.2,1.2,49.00129951694268,49.00129951694268,9.800259903388534,9.800259903388534
P2_rep2_a1,P2,1.0,161,1.15,1.1,44.35030298036147,54.169582385452664,6.652545447054217,5.416958238545271
P2_rep2_a1,P2,1.0,162,1.05,1.2,63.646333801854844,34.929848585182505,3.182316690092745,6.985969717036499
P2_rep2_a1,P2,1.0,163,1.15,1.1,44.35030298036147,54.169582385452664,6.652545447054217,5.416958238545271
P2_rep2_a1,P2,1.0,164,1.05,1.1,54.31530996291843,44.46961462960421,2.715765498145924,4.446961462960425
P2_rep2_a1,P2,1.0,165,1.05,1.1,54.31530996291843,44.46961462960421,2.715765498145924,4.446961462960425
P2_rep2_a1,P2,1.0,166,1.2,1.15,44.205441103404354,53.99264768938503,8.841088220680868,8.09889715340775
P2_rep2_a1,P2,1.0,167,1.15,1.15,49.17936193877041,49.17936193877041,7.376904290815557,7.376904290815557
P2_rep2_a1,P2,1.0,168,1.15,1.15,49.17936193877041,49.17936193877041,7.376904290815557,7.376904290815557
P2_rep2_a1,P2,1.0,169,1.25,1.1,34.820082749868675,63.44632740968894,8.705020687467169,6.344632740968899
P2_rep2_a1,P2,1.0,170,1.2,1.05,34.929848585182505,63.646333801854844,6.985969717036499,3.182316690092745
P2_rep2_a1,P2,1.0,171,1.25,1.05,30.5312933837033,67.94864302524296,7.632823345925825,3.397432151262151
P2_rep2_a1,P2,1.0,172,1.2,1.0,30.615651990742766,68.1363865578799,6.123130398148552,0.0
P2_rep2_a1,P2,1.0,173,1.25,1.1,34.820082749868675,63.44632740968894,8.705020687467169,6.344632740968899
P2_rep2_a1,P2,1.0,174,1.15,1.15,49.17936193877041,49.17936193877041,7.376904290815557,7.376904290815557
P2_rep2_a1,P2,1.0,175,1.1,1.1,49.32611348289486,49.32611348289486,4.93261134828949,4.93261134828949
P2_rep2_a1,P2,1.0,176,1.15,1.08,42.43576032266112,56.14801959211902,6.365364048399164,4.491841567369526
P2_rep2_a1,P2,1.0,177,1.05,1.15,59.07753438666782,39.60085556974326,2.953876719333394,5.940128335461486
P2_rep2_a1,P2,1.0,178,1.15,1.25,58.69601005128134,39.34511215968324,8.804401507692196,9.83627803992081
P2_rep2_a1,P2,1.0,179,1.1,1.1,49.32611348289486,49.32611348289486,4.93261134828949,4.93261134828949
P2_rep2_a1,P2,1.0,180,1.05,1.05,49.446917148737434,49.446917148737434,2.4723458574368737,2.4723458574368737
P2_rep2_a1,P2,1.0,181,1.15,1.05,39.60085556974326,59.07753438666782,5.940128335461486,2.953876719333394
P2_rep2_a1,P2,1.0,182,1.15,1.1,44.35030298036147,54.169582385452664,6.652545447054217,5.416958238545271
P2_rep2_a1,P2,1.0,183,1.15,1.1,44.35030298036147,54.169582385452664,6.652545447054217,5.416958238545271
P2_rep2_a1,P2,1.0,184,1.15,1.1,44.35030298036147,54.169582385452664,6.652545447054217,5.416958238545271
P2_rep2_a1,P2,1.0,185,1.15,1.1,44.35030298036147,54.169582385452664,6.652545447054217,5.416958238545271
P2_rep2_a1,P2,1.0,186,1.1,1.15,54.169582385452664,44.35030298036147,5.416958238545271,6.652545447054217
P2_rep2_a1,P2,1.0,187,1.15,1.1,44.35030298036147,54.169582385452664,6.652545447054217,5.416958238545271
P2_rep2_a1,P2,1.0,188,1.2,1.1,39.48531832650961,58.90517307371448,7.897063665301921,5.890517307371453
P2_rep2_a1,P2,1.0,189,1.2,1.05,34.929848585182505,63.646333801854844,6.985969717036499,3.182316690092745
P2_rep2_a1,P2,1.0,190,1.2,1.0,30.615651990742766,68.1363865578799,6.123130398148552,0.0
P2_rep2_a1,P2,1.0,191,1.15,1.05,39.60085556974326,59.07753438666782,5.940128335461486,2.953876719333394
P2_rep2_a1,P2,1.0,192,1.15,1.05,39.60085556974326,59.07753438666782,5.940128335461486,2.953876719333394
P2_rep2_a1,P2,1.0,193,1.15,1.05,39.60085556974326,59.07753438666782,5.940128335461486,2.953876719333394
P2_rep2_a1,P2,1.0,194,1.1,1.25,63.44632740968894,34.820082749868675,6.344632740968899,8.705020687467169
P2_rep2_a1,P2,1.0,195,1.15,1.1,44.35030298036147,54.169582385452664,6.652545447054217,5.416958238545271
P2_rep2_a1,P2,1.0,196,1.25,1.1,34.820082749868675,63.44632740968894,8.705020687467169,6.344632740968899
P2_rep2_a1,P2,1.0,197,1.15,1.05,39.60085556974326,59.07753438666782,5.940128335461486,2.953876719333394
P2_rep2_a1,P2,1.0,198,1.2,1.05,34.929848585182505,63.646333801854844,6.985969717036499,3.182316690092745
P2_rep2_a1,P2,1.0,199,1.2,1.05,34.929848585182505,63.646333801854844,6.985969717036499,3.182316690092745
P2_rep2_a1,P2,1.0,200,1.2,1.15,44.205441103404354,53.99264768938503,8.841088220680868,8.09889715340775
P2_rep2_a1,P2,1.0,201,1.2,1.15,44.205441103404354,53.99264768938503,8.841088220680868,8.09889715340775
P2_rep2_a1,P2,1.0,202,1.2,1.25,53.77810097130135,44.0297851073373,10.755620194260267,11.007446276834324
P2_rep2_a1,P2,1.0,203,1.25,1.25,48.78555511603684,48.78555511603684,12.19638877900921,12.19638877900921
P2_rep2_a1,P2,1.0,204,1.2,1.2,49.00129951694268,49.00129951694268,9.800259903388534,9.800259903388534
P2_rep2_a1,P2,1.0,205,1.2,1.2,49.00129951694268,49.00129951694268,9.800259903388534,9.800259903388534
P2_rep2_a1,P2,1.0,206,1.2,1.15,44.205441103404354,53.99264768938503,8.841088220680868,8.09889715340775
P2_rep2_a1,P2,1.0,207,1.2,1.15,44.205441103404354,53.99264768938503,8.841088220680868,8.09889715340775
P2_rep2_a1,P2,1.0,208,1.2,1.05,34.929848585182505,63.646333801854844,6.985969717036499,3.182316690092745
P2_rep2_a1,P2,1.0,209,1.15,1.15,49.17936193877041,49.17936193877041,7.376904290815557,7.376904290815557
P2_rep2_a1,P2,1.0,210,1.1,1.2,58.90517307371448,39.48531832650961,5.890517307371453,7.897063665301921
P2_rep2_a1,P2,1.0,211,1.25,1.1,34.820082749868675,63.44632740968894,8.705020687467169,6.344632740968899
P2_rep2_a1,P2,1.0,212,1.2,1.15,44.205441103404354,53.99264768938503,8.841088220680868,8.09889715340775
P2_rep2_a1,P2,1.0,213,1.05,1.2,63.646333801854844,34.929848585182505,3.182316690092745,6.985969717036499
P2_rep2_a1,P2,1.0,214,1.1,1.2,58.90517307371448,39.48531832650961,5.890517307371453,7.897063665301921
P2_rep2_a1,P2,1.0,215,1.15,1.2,53.99264768938503,44.205441103404354,8.09889715340775,8.841088220680868
P2_rep2_a1,P2,1.0,216,1.1,1.15,54.169582385452664,44.35030298036147,5.416958238545271,6.652545447054217
P2_rep2_a1,P2,1.0,217,1.1,1.2,58.90517307371448,39.48531832650961,5.890517307371453,7.897063665301921
P2_rep2_a1,P2,1.0,218,1.1,1.2,58.90517307371448,39.48531832650961,5.890517307371453,7.897063665301921
P2_rep2_a1,P2,1.0,219,1.1,1.2,58.90517307371448,39.48531832650961,5.890517307371453,7.897063665301921
P2_rep2_a1,P2,1.0,220,1.05,1.2,63.646333801854844,34.929848585182505,3.182316690092745,6.985969717036499
P2_rep2_a1,P2,1.0,221,1.2,1.2,49.00129951694268,49.00129951694268,9.800259903388534,9.800259903388534
P2_rep2_a1,P2,1.0,222,1.1,1.15,54.169582385452664,44.35030298036147,5.416958238545271,6.652545447054217
P2_rep2_a1,P2,1.0,223,1.05,1.15,59.07753438666782,39.60085556974326,2.953876719333394,5.940128335461486
P2_rep2_a1,P2,1.0,224,1.15,1.15,49.17936193877041,49.17936193877041,7.376904290815557,7.376904290815557
P2_rep2_a1,P2,1.0,225,1.15,1.2,53.99264768938503,44.205441103404354,8.09889715340775,8.841088220680868
P2_rep2_a1,P2,1.0,226,1.1,1.2,58.90517307371448,39.48531832650961,5.890517307371453,7.897063665301921
P2_rep2_a1,P2,1.0,227,1.15,1.2,53.99264768938503,44.205441103404354,8.09889715340775,8.841088220680868
P2_rep2_a1,P2,1.0,228,1.1,1.2,58.90517307371448,39.48531832650961,5.890517307371453,7.897063665301921
P2_rep2_a1,P2,1.0,229,1.1,1.2,58.90517307371448,39.48531832650961,5.890517307371453,7.897063665301921
P2_rep2_a1,P2,1.0,230,1.15,1.2,53.99264768938503,44.205441103404354,8.09889715340775,8.841088220680868
P2_rep2_a1,P2,1.0,231,1.2,1.15,44.205441103404354,53.99264768938503,8.841088220680868,8.09889715340775
P2_rep2_a1,P2,1.0,232,1.2,1.1,39.48531832650961,58.90517307371448,7.897063665301921,5.890517307371453
P2_rep2_a1,P2,1.0,233,1.15,1.25,58.69601005128134,39.34511215968324,8.804401507692196,9.83627803992081
P2_rep2_a1,P2,1.0,234,1.15,1.1,44.35030298036147,54.169582385452664,6.652545447054217,5.416958238545271
P2_rep2_a1,P2,1.0,235,1.2,1.1,39.48531832650961,58.90517307371448,7.897063665301921,5.890517307371453
P2_rep2_a1,P2,1.0,236,1.2,1.2,49.00129951694268,49.00129951694268,9.800259903388534,9.800259903388534
P2_rep2_a1,P2,1.0,237,1.25,1.1,34.820082749868675,63.44632740968894,8.705020687467169,6.344632740968899
P2_rep2_a1,P2,1.0,238,1.2,1.1,39.48531832650961,58.90517307371448,7.897063665301921,5.890517307371453
P2_rep2_a1,P2,1.0,239,1.1,1.15,54.169582385452664,44.35030298036147,5.416958238545271,6.652545447054217
P2_rep2_a1,P2,1.0,240,1.15,1.2,53.99264768938503,44.205441103404354,8.09889715340775,8.841088220680868
P2_rep2_a1,P2,1.0,241,1.1,1.2,58.90517307371448,39.48531832650961,5.890517307371453,7.897063665301921
P2_rep2_a1,P2,1.0,242,1.15,1.1,44.35030298036147,54.169582385452664,6.652545447054217,5.416958238545271
P2_rep2_a1,P2,1.0,243,1.15,1.15,49.17936193877041,49.17936193877041,7.376904290815557,7.376904290815557
P2_rep2_a1,P2,1.0,244,1.2,1.2,49.00129951694268,49.00129951694268,9.800259903388534,9.800259903388534
P2_rep2_a1,P2,1.0,245,1.2,1.15,44.205441103404354,53.99264768938503,8.841088220680868,8.09889715340775
P2_rep2_a1,P2,1.0,246,1.25,1.15,39.34511215968324,58.69601005128134,9.83627803992081,8.804401507692196
P2_rep2_a1,P2,1.0,247,1.2,1.1,39.48531832650961,58.90517307371448,7.897063665301921,5.890517307371453
P2_rep2_a1,P2,1.0,248,1.1,1.1,49.32611348289486,49.32611348289486,4.93261134828949,4.93261134828949
P2_rep2_a1,P2,1.0,249,1.1,1.15,54.169582385452664,44.35030298036147,5.416958238545271,6.652545447054217
P2_rep2_a1,P2,1.0,250,1.2,1.15,44.205441103404354,53.99264768938503,8.841088220680868,8.09889715340775
P2_rep2_a1,P2,1.0,251,1.15,1.2,53.99264768938503,44.205441103404354,8.09889715340775,8.841088220680868
P2_rep2_a1,P2,1.0,252,1.05,1.2,63.646333801854844,34.929848585182505,3.182316690092745,6.985969717036499
P2_rep2_a1,P2,1.0,253,1.15,1.2,53.99264768938503,44.205441103404354,8.09889715340775,8.841088220680868
P2_rep2_a1,P2,1.0,254,1.05,1.15,59.07753438666782,39.60085556974326,2.953876719333394,5.940128335461486
P2_rep2_a1,P2,1.0,255,1.1,1.2,58.90517307371448,39.48531832650961,5.890517307371453,7.897063665301921
P2_rep2_a1,P2,1.0,256,1.05,1.2,63.646333801854844,34.929848585182505,3.182316690092745,6.985969717036499
P2_rep2_a1,P2,1.0,257,1.15,1.25,58.69601005128134,39.34511215968324,8.804401507692196,9.83627803992081
P2_rep2_a1,P2,1.0,258,1.1,1.25,63.44632740968894,34.820082749868675,6.344632740968899,8.705020687467169
P2_rep2_a1,P2,1.0,259,1.1,1.2,58.90517307371448,39.48531832650961,5.890517307371453,7.897063665301921
P2_rep2_a1,P2,1.0,260,1.1,1.25,63.44632740968894,34.820082749868675,6.344632740968899,8.705020687467169
P2_rep2_a1,P2,1.0,261,1.1,1.2,58.90517307371448,39.48531832650961,5.890517307371453,7.897063665301921
P2_rep2_a1,P2,1.0,262,1.15,1.15,49.17936193877041,49.17936193877041,7.376904290815557,7.376904290815557
P2_rep2_a1,P2,1.0,263,1.1,1.2,58.90517307371448,39.48531832650961,5.890517307371453,7.897063665301921
P2_rep2_a1,P2,1.0,264,1.1,1.2,58.90517307371448,39.48531832650961,5.890517307371453,7.897063665301921
P2_rep2_a1,P2,1.0,265,1.05,1.2,63.646333801854844,34.929848585182505,3.182316690092745,6.985969717036499
P2_rep2_a1,P2,1.0,266,1.05,1.2,63.646333801854844,34.929848585182505,3.182316690092745,6.985969717036499
P2_rep2_a1,P2,1.0,267,1.1,1.2,58.90517307371448,39.48531832650961,5.890517307371453,7.897063665301921
P2_rep2_a1,P2,1.0,268,1.15,1.2,53.99264768938503,44.205441103404354,8.09889715340775,8.841088220680868
P2_rep2_a1,P2,1.0,269,1.1,1.1,49.32611348289486,49.32611348289486,4.93261134828949,4.93261134828949
P2_rep2_a1,P2,1.0,270,1.1,1.15,54.169582385452664,44.35030298036147,5.416958238545271,6.652545447054217
P2_rep2_a1,P2,1.0,271,1.2,1.1,39.48531832650961,58.90517307371448,7.897063665301921,5.890517307371453
P2_rep2_a1,P2,1.0,272,1.25,1.1,34.820082749868675,63.44632740968894,8.705020687467169,6.344632740968899
P2_rep2_a1,P2,1.0,273,1.15,1.1,44.35030298036147,54.169582385452664,6.652545447054217,5.416958238545271
P2_rep2_a1,P2,1.0,274,1.1,1.1,49.32611348289486,49.32611348289486,4.93261134828949,4.93261134828949
P2_rep2_a1,P2,1.0,275,1.1,1.1,49.32611348289486,49.32611348289486,4.93261134828949,4.93261134828949
P2_rep2_a1,P2,1.0,276,1.05,1.1,54.31530996291843,44.46961462960421,2.715765498145924,4.446961462960425
P2_rep2_a1,P2,1.0,277,1.05,1.15,59.07753438666782,39.60085556974326,2.953876719333394,5.940128335461486
P2_rep2_a1,P2,1.0,278,1.0,1.1,59.21940469028911,39.69595407819774,0.0,3.969595407819777
P2_rep2_a1,P2,1.0,279,1.05,1.15,59.07753438666782,39.60085556974326,2.953876719333394,5.940128335461486
P2_rep2_a1,P2,1.0,280,1.1,1.2,58.90517307371448,39.48531832650961,5.890517307371453,7.897063665301921
P2_rep2_a1,P2,1.0,281,1.1,1.2,58.90517307371448,39.48531832650961,5.890517307371453,7.897063665301921
P2_rep2_a1,P2,1.0,282,1.05,1.05,49.446917148737434,49.446917148737434,2.4723458574368737,2.4723458574368737
P2_rep2_a1,P2,1.0,283,1.0,1.2,68.1363865578799,30.615651990742766,0.0,6.123130398148552
P2_rep2_a1,P2,1.0,284,1.05,1.15,59.07753438666782,39.60085556974326,2.953876719333394,5.940128335461486
P2_rep2_a1,P2,1.0,285,1.05,1.05,49.446917148737434,49.446917148737434,2.4723458574368737,2.4723458574368737
P2_rep2_a1,P2,1.0,286,1.05,1.1,54.31530996291843,44.46961462960421,2.715765498145924,4.446961462960425
P2_rep2_a1,P2,1.0,287,1.1,1.1,49.32611348289486,49.32611348289486,4.93261134828949,4.93261134828949
P2_rep2_a1,P2,1.0,288,1.1,1.1,49.32611348289486,49.32611348289486,4.93261134828949,4.93261134828949
P2_rep2_a1,P2,1.0,289,1.1,1.2,58.90517307371448,39.48531832650961,5.890517307371453,7.897063665301921
P2_rep2_a1,P2,1.0,290,1.05,1.15,59.07753438666782,39.60085556974326,2.953876719333394,5.940128335461486
P2_rep2_a1,P2,1.0,291,1.2,1.2,49.00129951694268,49.00129951694268,9.800259903388534,9.800259903388534
P2_rep2_a1,P2,1.0,292,1.2,1.1,39.48531832650961,58.90517307371448,7.897063665301921,5.890517307371453
P2_rep2_a1,P2,1.0,293,1.1,1.1,49.32611348289486,49.32611348289486,4.93261134828949,4.93261134828949
P2_rep2_a1,P2,1.0,294,1.1,1.15,54.169582385452664,44.35030298036147,5.416958238545271,6.652545447054217
P2_rep2_a1,P2,1.0,295,1.1,1.15,54.169582385452664,44.35030298036147,5.416958238545271,6.652545447054217
P2_rep2_a1,P2,1.0,296,1.1,1.2,58.90517307371448,39.48531832650961,5.890517307371453,7.897063665301921
P2_rep2_a1,P2,1.0,297,1.05,1.2,63.646333801854844,34.929848585182505,3.182316690092745,6.985969717036499
P2_rep2_a1,P2,1.0,298,1.1,1.15,54.169582385452664,44.35030298036147,5.416958238545271,6.652545447054217
P2_rep2_a1,P2,1.0,299,1.05,1.15,59.07753438666782,39.60085556974326,2.953876719333394,5.940128335461486
P2_rep2_a1,P2,1.0,300,1.0,1.1,59.21940469028911,39.69595407819774,0.0,3.969595407819777
P2_rep3_a1,P2,1.0,1,2.99,1.5,0.22672269277097964,87.88001111248428,0.45117815861424954,43.94000555624214
P2_rep3_a1,P2,1.0,2,1.99,2.0,34.228067824076234,32.88596608796188,33.88578714583547,32.88596608796188
P2_rep3_a1,P2,1.0,3,1.99,1.75,21.86994162737076,57.11764942217365,21.651242211097053,42.838237066630235
P2_rep3_a1,P2,1.0,4,1.89,1.75,29.457606621356753,51.57062183654959,26.217269893007508,38.67796637741219
P2_rep3_a1,P2,1.0,5,1.89,1.75,29.457606621356753,51.57062183654959,26.217269893007508,38.67796637741219
P2_rep3_a1,P2,1.0,6,1.89,1.75,29.457606621356753,51.57062183654959,26.217269893007508,38.67796637741219
P2_rep3_a1,P2,1.0,7,1.89,1.75,29.457606621356753,51.57062183654959,26.217269893007508,38.67796637741219
P2_rep3_a1,P2,1.0,8,1.89,1.75,29.457606621356753,51.57062183654959,26.217269893007508,38.67796637741219
P2_rep3_a1,P2,1.0,9,1.89,1.75,29.457606621356753,51.57062183654959,26.217269893007508,38.67796637741219
P2_rep3_a1,P2,1.0,10,1.99,1.5,11.03738566192172,78.35801075825262,10.927011805302502,39.17900537912631
P2_rep3_a1,P2,1.0,11,1.99,1.5,11.03738566192172,78.35801075825262,10.927011805302502,39.17900537912631
P2_rep3_a1,P2,1.0,12,1.99,1.5,11.03738566192172,78.35801075825262,10.927011805302502,39.17900537912631
P2_rep3_a1,P2,1.0,13,1.99,1.5,11.03738566192172,78.35801075825262,10.927011805302502,39.17900537912631
P2_rep3_a1,P2,1.0,14,1.79,1.5,21.637323068869836,69.02161686346427,17.09348522440717,34.51080843173214
P2_rep3_a1,P2,1.0,15,1.79,1.5,21.637323068869836,69.02161686346427,17.09348522440717,34.51080843173214
P2_rep3_a1,P2,1.0,16,1.79,1.25,9.898198824687011,85.82864457970226,7.819577071502739,21.457161144925564
P2_rep3_a1,P2,1.0,17,1.69,1.25,14.080894375918808,81.84431701722356,9.715817119383976,20.46107925430589
P2_rep3_a1,P2,1.0,18,1.89,1.25,6.858779368190018,88.723916914522,6.104313637689115,22.1809792286305
P2_rep3_a1,P2,1.0,19,1.69,1.1,8.417270586838715,89.1469041472076,5.807916704918712,8.914690414720766
P2_rep3_a1,P2,1.0,20,1.69,1.25,14.080894375918808,81.84431701722356,9.715817119383976,20.46107925430589
P2_rep3_a1,P2,1.0,21,1.49,1.25,26.725639931962753,69.79925956028316,13.095563566661749,17.44981489007079
P2_rep3_a1,P2,1.0,22,1.49,1.15,19.895659154699008,77.51733393333893,9.748872985802514,11.627600090000833
P2_rep3_a1,P2,1.0,23,1.49,1.15,19.895659154699008,77.51733393333893,9.748872985802514,11.627600090000833
P2_rep3_a1,P2,1.0,24,1.49,1.15,19.895659154699008,77.51733393333893,9.748872985802514,11.627600090000833
P2_rep3_a1,P2,1.0,25,1.49,1.2,23.14835183759795,73.84169781399895,11.342692400422996,14.768339562799786
P2_rep3_a1,P2,1.0,26,1.39,1.15,27.035376392385295,70.60819718165928,10.543796793030262,10.591229577248885
P2_rep3_a1,P2,1.0,27,1.39,1.15,27.035376392385295,70.60819718165928,10.543796793030262,10.591229577248885
P2_rep3_a1,P2,1.0,28,1.39,1.15,27.035376392385295,70.60819718165928,10.543796793030262,10.591229577248885
P2_rep3_a1,P2,1.0,29,1.29,1.15,35.598613534078574,62.32151376277999,10.323597924882788,9.348227064416994
P2_rep3_a1,P2,1.0,30,1.39,1.1,23.380359893230455,74.58178803098802,9.118340358359875,7.458178803098809
P2_rep3_a1,P2,1.0,31,1.25,1.25,48.78555511603684,48.78555511603684,12.19638877900921,12.19638877900921
P2_rep3_a1,P2,1.0,32,1.39,1.15,27.035376392385295,70.60819718165928,10.543796793030262,10.591229577248885
P2_rep3_a1,P2,1.0,33,1.39,1.25,35.238150942883394,61.690461816989064,13.74287886772452,15.422615454247266
P2_rep3_a1,P2,1.0,34,1.25,1.1,34.820082749868675,63.44632740968894,8.705020687467169,6.344632740968899
P2_rep3_a1,P2,1.0,35,1.25,1.25,48.78555511603684,48.78555511603684,12.19638877900921,12.19638877900921
P2_rep3_a1,P2,1.0,36,1.25,1.1,34.820082749868675,63.44632740968894,8.705020687467169,6.344632740968899
P2_rep3_a1,P2,1.0,37,1.19,1.2,50.001166670939035,48.04059288273335,9.500221667478414,9.608118576546667
P2_rep3_a1,P2,1.0,38,1.19,1.2,50.001166670939035,48.04059288273335,9.500221667478414,9.608118576546667
P2_rep3_a1,P2,1.0,39,1.19,1.1,40.44500327233587,57.97101286222818,7.684550621743813,5.797101286222823
P2_rep3_a1,P2,1.0,40,1.09,1.05,45.45943823409743,53.347144956894084,4.091349441068773,2.6673572478447065
P2_rep3_a1,P2,1.0,41,1.09,1.05,45.45943823409743,53.347144956894084,4.091349441068773,2.6673572478447065
P2_rep3_a1,P2,1.0,42,1.19,1.05,35.844395809395955,62.75179803323828,6.81043520378523,3.137589901661917
P2_rep3_a1,P2,1.0,43,1.25,1.0,26.538792877224193,72.13991842739686,6.634698219306048,0.0
P2_rep3_a1,P2,1.0,44,1.09,1.1,50.32606805231985,48.35275469873004,4.52934612470879,4.835275469873008
P2_rep3_a1,P2,1.0,45,1.19,1.15,45.19417021086799,53.035850047907815,8.586892340064916,7.955377507186167
P2_rep3_a1,P2,1.0,46,1.19,1.0,31.471875586001058,67.29556317998042,5.979656361340199,0.0
P2_rep3_a1,P2,1.0,47,1.19,1.1,40.44500327233587,57.97101286222818,7.684550621743813,5.797101286222823
P2_rep3_a1,P2,1.0,48,1.09,1.25,64.36892071554234,33.94124423713314,5.7932028643988165,8.485311059283285
P2_rep3_a1,P2,1.0,49,1.09,1.5,81.95160292932339,15.896975402036537,7.375644263639111,7.948487701018268
P2_rep3_a1,P2,1.0,50,1.09,1.5,81.95160292932339,15.896975402036537,7.375644263639111,7.948487701018268
P2_rep3_a1,P2,1.0,51,1.05,1.45,81.68150928232768,16.491212308650088,4.084075464116387,7.421045538892539
P2_rep3_a1,P2,1.0,52,1.05,1.45,81.68150928232768,16.491212308650088,4.084075464116387,7.421045538892539
P2_rep3_a1,P2,1.0,53,1.09,1.45,79.16527484116114,18.75645113357048,7.124874735704508,8.440403010106715
P2_rep3_a1,P2,1.0,54,1.19,1.45,71.80717078417366,25.380580711879908,13.643362448992992,11.421261320345957
P2_rep3_a1,P2,1.0,55,1.19,1.4,67.98676946198574,29.350603830686037,12.917486197777288,11.740241532274412
P2_rep3_a1,P2,1.0,56,1.09,1.35,72.47915544460994,25.618096836315594,6.523123990014901,8.96633389271046
P2_rep3_a1,P2,1.0,57,1.05,1.2,63.646333801854844,34.929848585182505,3.182316690092745,6.985969717036499
P2_rep3_a1,P2,1.0,58,1.25,1.2,44.0297851073373,53.77810097130135,11.007446276834324,10.755620194260267
P2_rep3_a1,P2,1.0,59,1.19,1.2,50.001166670939035,48.04059288273335,9.500221667478414,9.608118576546667
P2_rep3_a1,P2,1.0,60,1.19,1.2,50.001166670939035,48.04059288273335,9.500221667478414,9.608118576546667
P2_rep3_a1,P2,1.0,61,1.15,1.2,53.99264768938503,44.205441103404354,8.09889715340775,8.841088220680868
P2_rep3_a1,P2,1.0,62,1.15,1.1,44.35030298036147,54.169582385452664,6.652545447054217,5.416958238545271
P2_rep3_a1,P2,1.0,63,1.09,1.1,50.32606805231985,48.35275469873004,4.52934612470879,4.835275469873008
P2_rep3_a1,P2,1.0,64,1.05,1.05,49.446917148737434,49.446917148737434,2.4723458574368737,2.4723458574368737
P2_rep3_a1,P2,1.0,65,1.09,1.05,45.45943823409743,53.347144956894084,4.091349441068773,2.6673572478447065
P2_rep3_a1,P2,1.0,66,1.05,1.0,44.56777774683524,54.43520666505401,2.228388887341764,0.0
P2_rep3_a1,P2,1.0,67,1.05,1.2,63.646333801854844,34.929848585182505,3.182316690092745,6.985969717036499
P2_rep3_a1,P2,1.0,68,1.05,1.2,63.646333801854844,34.929848585182505,3.182316690092745,6.985969717036499
P2_rep3_a1,P2,1.0,69,1.05,1.2,63.646333801854844,34.929848585182505,3.182316690092745,6.985969717036499
P2_rep3_a1,P2,1.0,70,1.05,1.2,63.646333801854844,34.929848585182505,3.182316690092745,6.985969717036499
P2_rep3_a1,P2,1.0,71,1.0,1.2,68.1363865578799,30.615651990742766,0.0,6.123130398148552
P2_rep3_a1,P2,1.0,72,1.49,1.2,23.14835183759795,73.84169781399895,11.342692400422996,14.768339562799786
P2_rep3_a1,P2,1.0,73,1.25,1.2,44.0297851073373,53.77810097130135,11.007446276834324,10.755620194260267
P2_rep3_a1,P2,1.0,74,1.29,1.2,40.132355214837915,57.52288520501127,11.638383012302997,11.504577041002252
P2_rep3_a1,P2,1.0,75,1.25,1.15,39.34511215968324,58.69601005128134,9.83627803992081,8.804401507692196
P2_rep3_a1,P2,1.0,76,1.15,1.2,53.99264768938503,44.205441103404354,8.09889715340775,8.841088220680868
P2_rep3_a1,P2,1.0,77,1.15,1.1,44.35030298036147,54.169582385452664,6.652545447054217,5.416958238545271
P2_rep3_a1,P2,1.0,78,1.15,1.1,44.35030298036147,54.169582385452664,6.652545447054217,5.416958238545271
P2_rep3_a1,P2,1.0,79,1.15,1.15,49.17936193877041,49.17936193877041,7.376904290815557,7.376904290815557
P2_rep3_a1,P2,1.0,80,1.15,1.05,39.60085556974326,59.07753438666782,5.940128335461486,2.953876719333394
P2_rep3_a1,P2,1.0,81,1.05,1.05,49.446917148737434,49.446917148737434,2.4723458574368737,2.4723458574368737
P2_rep3_a1,P2,1.0,82,1.05,1.2,63.646333801854844,34.929848585182505,3.182316690092745,6.985969717036499
P2_rep3_a1,P2,1.0,83,1.0,1.15,63.81102645354702,35.020233828810355,0.0,5.25303507432155
P2_rep3_a1,P2,1.0,84,1.25,1.1,34.820082749868675,63.44632740968894,8.705020687467169,6.344632740968899
P2_rep3_a1,P2,1.0,85,1.0,1.0,49.54626425778431,49.54626425778431,0.0,0.0
P2_rep3_a1,P2,1.0,86,1.05,1.1,54.31530996291843,44.46961462960421,2.715765498145924,4.446961462960425
P2_rep3_a1,P2,1.0,87,1.19,1.05,35.844395809395955,62.75179803323828,6.81043520378523,3.137589901661917
P2_rep3_a1,P2,1.0,88,1.19,1.05,35.844395809395955,62.75179803323828,6.81043520378523,3.137589901661917
P2_rep3_a1,P2,1.0,89,1.19,1.05,35.844395809395955,62.75179803323828,6.81043520378523,3.137589901661917
P2_rep3_a1,P2,1.0,90,1.19,1.05,35.844395809395955,62.75179803323828,6.81043520378523,3.137589901661917
P2_rep3_a1,P2,1.0,91,1.19,1.2,50.001166670939035,48.04059288273335,9.500221667478414,9.608118576546667
P2_rep3_a1,P2,1.0,92,1.19,1.05,35.844395809395955,62.75179803323828,6.81043520378523,3.137589901661917
P2_rep3_a1,P2,1.0,93,1.19,1.1,40.44500327233587,57.97101286222818,7.684550621743813,5.797101286222823
P2_rep3_a1,P2,1.0,94,1.19,1.1,40.44500327233587,57.97101286222818,7.684550621743813,5.797101286222823
P2_rep3_a1,P2,1.0,95,1.19,1.1,40.44500327233587,57.97101286222818,7.684550621743813,5.797101286222823
P2_rep3_a1,P2,1.0,96,1.19,1.1,40.44500327233587,57.97101286222818,7.684550621743813,5.797101286222823
P2_rep3_a1,P2,1.0,97,1.19,1.15,45.19417021086799,53.035850047907815,8.586892340064916,7.955377507186167
P2_rep3_a1,P2,1.0,98,1.19,1.1,40.44500327233587,57.97101286222818,7.684550621743813,5.797101286222823
P2_rep3_a1,P2,1.0,99,1.09,1.05,45.45943823409743,53.347144956894084,4.091349441068773,2.6673572478447065
P2_rep3_a1,P2,1.0,100,1.19,1.1,40.44500327233587,57.97101286222818,7.684550621743813,5.797101286222823
P2_rep3_a1,P2,1.0,101,1.09,1.2,59.86988722700089,38.558387900328945,5.388289850430085,7.711677580065787
P2_rep3_a1,P2,1.0,102,1.09,1.25,64.36892071554234,33.94124423713314,5.7932028643988165,8.485311059283285
P2_rep3_a1,P2,1.0,103,1.05,1.25,67.94864302524296,30.5312933837033,3.397432151262151,7.632823345925825
P2_rep3_a1,P2,1.0,104,1.05,1.2,63.646333801854844,34.929848585182505,3.182316690092745,6.985969717036499
P2_rep3_a1,P2,1.0,105,1.05,1.2,63.646333801854844,34.929848585182505,3.182316690092745,6.985969717036499
P2_rep3_a1,P2,1.0,106,1.05,1.25,67.94864302524296,30.5312933837033,3.397432151262151,7.632823345925825
P2_rep3_a1,P2,1.0,107,1.05,1.35,75.55352493179937,22.75628439902222,3.777676246589972,7.964699539657779
P2_rep3_a1,P2,1.0,108,1.19,1.1,40.44500327233587,57.97101286222818,7.684550621743813,5.797101286222823
P2_rep3_a1,P2,1.0,109,1.09,1.5,81.95160292932339,15.896975402036537,7.375644263639111,7.948487701018268
P2_rep3_a1,P2,1.0,110,1.09,1.6,86.48416367375464,11.245424313897106,7.783574730637924,6.747254588338264
P2_rep3_a1,P2,1.0,111,1.09,1.1,50.32606805231985,48.35275469873004,4.52934612470879,4.835275469873008
P2_rep3_a1,P2,1.0,112,1.0,1.15,63.81102645354702,35.020233828810355,0.0,5.25303507432155
P2_rep3_a1,P2,1.0,113,1.0,1.2,68.1363865578799,30.615651990742766,0.0,6.123130398148552
P2_rep3_a1,P2,1.0,114,1.05,1.25,67.94864302524296,30.5312933837033,3.397432151262151,7.632823345925825
P2_rep3_a1,P2,1.0,115,1.05,1.3,71.9294980593642,26.46138354982125,3.5964749029682137,7.938415064946376
P2_rep3_a1,P2,1.0,116,1.05,1.2,63.646333801854844,34.929848585182505,3.182316690092745,6.985969717036499
P2_rep3_a1,P2,1.0,117,1.19,1.3,59.41063522779166,38.262612886382925,11.288020693280412,11.47878386591488
P2_rep3_a1,P2,1.0,118,1.25,1.2,44.0297851073373,53.77810097130135,11.007446276834324,10.755620194260267
P2_rep3_a1,P2,1.0,119,1.09,1.2,59.86988722700089,38.558387900328945,5.388289850430085,7.711677580065787
P2_rep3_a1,P2,1.0,120,1.19,1.1,40.44500327233587,57.97101286222818,7.684550621743813,5.797101286222823
P2_rep3_a1,P2,1.0,121,1.15,1.15,49.17936193877041,49.17936193877041,7.376904290815557,7.376904290815557
P2_rep3_a1,P2,1.0,122,1.15,1.2,53.99264768938503,44.205441103404354,8.09889715340775,8.841088220680868
P2_rep3_a1,P2,1.0,123,1.09,1.25,64.36892071554234,33.94124423713314,5.7932028643988165,8.485311059283285
P2_rep3_a1,P2,1.0,124,1.05,1.2,63.646333801854844,34.929848585182505,3.182316690092745,6.985969717036499
P2_rep3_a1,P2,1.0,125,1.15,1.19,53.035850047907815,45.19417021086799,7.955377507186167,8.586892340064916
P2_rep3_a1,P2,1.0,126,1.15,1.19,53.035850047907815,45.19417021086799,7.955377507186167,8.586892340064916
P2_rep3_a1,P2,1.0,127,1.19,1.19,49.039707029113366,49.039707029113366,9.317544335531537,9.317544335531537
P2_rep3_a1,P2,1.0,128,1.15,1.19,53.035850047907815,45.19417021086799,7.955377507186167,8.586892340064916
P2_rep3_a1,P2,1.0,129,1.15,1.19,53.035850047907815,45.19417021086799,7.955377507186167,8.586892340064916
P2_rep3_a1,P2,1.0,130,1.09,1.19,58.94237144807111,39.510253142520796,5.304813430326404,7.506948097078949
P2_rep3_a1,P2,1.0,131,1.09,1.1,50.32606805231985,48.35275469873004,4.52934612470879,4.835275469873008
P2_rep3_a1,P2,1.0,132,1.05,1.05,49.446917148737434,49.446917148737434,2.4723458574368737,2.4723458574368737
P2_rep3_a1,P2,1.0,133,1.0,1.05,54.43520666505401,44.56777774683524,0.0,2.228388887341764
P2_rep3_a1,P2,1.0,134,1.0,1.15,63.81102645354702,35.020233828810355,0.0,5.25303507432155
P2_rep3_a1,P2,1.0,135,1.09,1.19,58.94237144807111,39.510253142520796,5.304813430326404,7.506948097078949
P2_rep3_a1,P2,1.0,136,1.19,1.19,49.039707029113366,49.039707029113366,9.317544335531537,9.317544335531537
P2_rep3_a1,P2,1.0,137,1.05,1.1,54.31530996291843,44.46961462960421,2.715765498145924,4.446961462960425
P2_rep3_a1,P2,1.0,138,1.05,1.19,62.75179803323828,35.844395809395955,3.137589901661917,6.81043520378523
P2_rep3_a1,P2,1.0,139,1.05,1.15,59.07753438666782,39.60085556974326,2.953876719333394,5.940128335461486
P2_rep3_a1,P2,1.0,140,1.05,1.05,49.446917148737434,49.446917148737434,2.4723458574368737,2.4723458574368737
P2_rep3_a1,P2,1.0,141,1.05,1.15,59.07753438666782,39.60085556974326,2.953876719333394,5.940128335461486
P2_rep3_a1,P2,1.0,142,1.05,1.19,62.75179803323828,35.844395809395955,3.137589901661917,6.81043520378523
P2_rep3_a1,P2,1.0,143,1.15,1.15,49.17936193877041,49.17936193877041,7.376904290815557,7.376904290815557
P2_rep3_a1,P2,1.0,144,1.05,1.15,59.07753438666782,39.60085556974326,2.953876719333394,5.940128335461486
P2_rep3_a1,P2,1.0,145,1.0,1.19,67.29556317998042,31.471875586001058,0.0,5.979656361340199
P2_rep3_a1,P2,1.0,146,1.15,1.15,49.17936193877041,49.17936193877041,7.376904290815557,7.376904290815557
P2_rep3_a1,P2,1.0,147,1.09,1.15,55.16084279723354,43.39105578421625,4.964475851751023,6.508658367632433
P2_rep3_a1,P2,1.0,148,1.09,1.1,50.32606805231985,48.35275469873004,4.52934612470879,4.835275469873008
P2_rep3_a1,P2,1.0,149,1.09,1.1,50.32606805231985,48.35275469873004,4.52934612470879,4.835275469873008
P2_rep3_a1,P2,1.0,150,1.05,1.05,49.446917148737434,49.446917148737434,2.4723458574368737,2.4723458574368737
P2_rep3_a1,P2,1.0,151,1.19,1.1,40.44500327233587,57.97101286222818,7.684550621743813,5.797101286222823
P2_rep3_a1,P2,1.0,152,1.19,1.15,45.19417021086799,53.035850047907815,8.586892340064916,7.955377507186167
P2_rep3_a1,P2,1.0,153,1.19,1.19,49.039707029113366,49.039707029113366,9.317544335531537,9.317544335531537
P2_rep3_a1,P2,1.0,154,1.09,1.19,58.94237144807111,39.510253142520796,5.304813430326404,7.506948097078949
P2_rep3_a1,P2,1.0,155,1.15,1.19,53.035850047907815,45.19417021086799,7.955377507186167,8.586892340064916
P2_rep3_a1,P2,1.0,156,1.09,1.15,55.16084279723354,43.39105578421625,4.964475851751023,6.508658367632433
P2_rep3_a1,P2,1.0,157,1.09,1.15,55.16084279723354,43.39105578421625,4.964475851751023,6.508658367632433
P2_rep3_a1,P2,1.0,158,1.07,1.15,57.13035359630089,41.48515125163339,3.999124751741066,6.222772687745005
P2_rep3_a1,P2,1.0,159,1.15,1.1,44.35030298036147,54.169582385452664,6.652545447054217,5.416958238545271
P2_rep3_a1,P2,1.0,160,1.1,1.05,44.46961462960421,54.31530996291843,4.446961462960425,2.715765498145924
P2_rep3_a1,P2,1.0,161,1.15,1.05,39.60085556974326,59.07753438666782,5.940128335461486,2.953876719333394
P2_rep3_a1,P2,1.0,162,1.15,1.1,44.35030298036147,54.169582385452664,6.652545447054217,5.416958238545271
P2_rep3_a1,P2,1.0,163,1.05,1.15,59.07753438666782,39.60085556974326,2.953876719333394,5.940128335461486
P2_rep3_a1,P2,1.0,164,1.1,1.15,54.169582385452664,44.35030298036147,5.416958238545271,6.652545447054217
P2_rep3_a1,P2,1.0,165,1.05,1.15,59.07753438666782,39.60085556974326,2.953876719333394,5.940128335461486
P2_rep3_a1,P2,1.0,166,1.15,1.15,49.17936193877041,49.17936193877041,7.376904290815557,7.376904290815557
P2_rep3_a1,P2,1.0,167,1.19,1.1,40.44500327233587,57.97101286222818,7.684550621743813,5.797101286222823
P2_rep3_a1,P2,1.0,168,1.1,1.19,57.97101286222818,40.44500327233587,5.797101286222823,7.684550621743813
P2_rep3_a1,P2,1.0,169,1.1,1.19,57.97101286222818,40.44500327233587,5.797101286222823,7.684550621743813
P2_rep3_a1,P2,1.0,170,1.1,1.2,58.90517307371448,39.48531832650961,5.890517307371453,7.897063665301921
P2_rep3_a1,P2,1.0,171,1.1,1.19,57.97101286222818,40.44500327233587,5.797101286222823,7.684550621743813
P2_rep3_a1,P2,1.0,172,1.05,1.19,62.75179803323828,35.844395809395955,3.137589901661917,6.81043520378523
P2_rep3_a1,P2,1.0,173,1.05,1.19,62.75179803323828,35.844395809395955,3.137589901661917,6.81043520378523
P2_rep3_a1,P2,1.0,174,1.05,1.19,62.75179803323828,35.844395809395955,3.137589901661917,6.81043520378523
P2_rep3_a1,P2,1.0,175,1.05,1.19,62.75179803323828,35.844395809395955,3.137589901661917,6.81043520378523
P2_rep3_a1,P2,1.0,176,1.1,1.19,57.97101286222818,40.44500327233587,5.797101286222823,7.684550621743813
P2_rep3_a1,P2,1.0,177,1.1,1.19,57.97101286222818,40.44500327233587,5.797101286222823,7.684550621743813
P2_rep3_a1,P2,1.0,178,1.07,1.19,60.8636295974321,37.66140315993168,4.260454071820251,7.1556666003870175
P2_rep3_a1,P2,1.0,179,1.1,1.1,49.32611348289486,49.32611348289486,4.93261134828949,4.93261134828949
P2_rep3_a1,P2,1.0,180,1.15,1.19,53.035850047907815,45.19417021086799,7.955377507186167,8.586892340064916
P2_rep3_a1,P2,1.0,181,1.19,1.19,49.039707029113366,49.039707029113366,9.317544335531537,9.317544335531537
P2_rep3_a1,P2,1.0,182,1.15,1.15,49.17936193877041,49.17936193877041,7.376904290815557,7.376904290815557
P2_rep3_a1,P2,1.0,183,1.1,1.15,54.169582385452664,44.35030298036147,5.416958238545271,6.652545447054217
P2_rep3_a1,P2,1.0,184,1.1,1.15,54.169582385452664,44.35030298036147,5.416958238545271,6.652545447054217
P2_rep3_a1,P2,1.0,185,1.1,1.15,54.169582385452664,44.35030298036147,5.416958238545271,6.652545447054217
P2_rep3_a1,P2,1.0,186,1.1,1.19,57.97101286222818,40.44500327233587,5.797101286222823,7.684550621743813
P2_rep3_a1,P2,1.0,187,1.05,1.2,63.646333801854844,34.929848585182505,3.182316690092745,6.985969717036499
P2_rep3_a1,P2,1.0,188,1.0,1.19,67.29556317998042,31.471875586001058,0.0,5.979656361340199
P2_rep3_a1,P2,1.0,189,1.05,1.19,62.75179803323828,35.844395809395955,3.137589901661917,6.81043520378523
P2_rep3_a1,P2,1.0,190,1.05,1.15,59.07753438666782,39.60085556974326,2.953876719333394,5.940128335461486
P2_rep3_a1,P2,1.0,191,1.05,1.15,59.07753438666782,39.60085556974326,2.953876719333394,5.940128335461486
P2_rep3_a1,P2,1.0,192,1.05,1.15,59.07753438666782,39.60085556974326,2.953876719333394,5.940128335461486
P2_rep3_a1,P2,1.0,193,1.05,1.1,54.31530996291843,44.46961462960421,2.715765498145924,4.446961462960425
P2_rep3_a1,P2,1.0,194,1.05,1.1,54.31530996291843,44.46961462960421,2.715765498145924,4.446961462960425
P2_rep3_a1,P2,1.0,195,1.04,1.1,55.30601902519403,43.50525544989448,2.2122407610077635,4.350525544989452
P2_rep3_a1,P2,1.0,196,1.04,1.19,63.68188656307477,34.949360354235274,2.547275462522993,6.6403784673047
P2_rep3_a1,P2,1.0,197,1.04,1.19,63.68188656307477,34.949360354235274,2.547275462522993,6.6403784673047
P2_rep3_a1,P2,1.0,198,1.04,1.05,50.446882688814746,48.46883212556936,2.0178753075525915,2.42344160627847
P2_rep3_a1,P2,1.0,199,1.04,1.19,63.68188656307477,34.949360354235274,2.547275462522993,6.6403784673047
P2_rep3_a1,P2,1.0,200,1.09,1.19,58.94237144807111,39.510253142520796,5.304813430326404,7.506948097078949
P2_rep3_a1,P2,1.0,201,1.09,1.1,50.32606805231985,48.35275469873004,4.52934612470879,4.835275469873008
P2_rep3_a1,P2,1.0,202,1.1,1.15,54.169582385452664,44.35030298036147,5.416958238545271,6.652545447054217
P2_rep3_a1,P2,1.0,203,1.1,1.19,57.97101286222818,40.44500327233587,5.797101286222823,7.684550621743813
P2_rep3_a1,P2,1.0,204,1.1,1.15,54.169582385452664,44.35030298036147,5.416958238545271,6.652545447054217
P2_rep3_a1,P2,1.0,205,1.1,1.1,49.32611348289486,49.32611348289486,4.93261134828949,4.93261134828949
P2_rep3_a1,P2,1.0,206,1.15,1.1,44.35030298036147,54.169582385452664,6.652545447054217,5.416958238545271
P2_rep3_a1,P2,1.0,207,1.09,1.1,50.32606805231985,48.35275469873004,4.52934612470879,4.835275469873008
P2_rep3_a1,P2,1.0,208,1.09,1.15,55.16084279723354,43.39105578421625,4.964475851751023,6.508658367632433
P2_rep3_a1,P2,1.0,209,1.12,1.19,56.010385506775336,42.33173871868823,6.7212462608130465,8.04303035655076
P2_rep3_a1,P2,1.0,210,1.12,1.1,47.32861886592195,51.27048074837032,5.67943426391064,5.127048074837036
P2_rep3_a1,P2,1.0,211,1.1,1.1,49.32611348289486,49.32611348289486,4.93261134828949,4.93261134828949
P2_rep3_a1,P2,1.0,212,1.09,1.1,50.32606805231985,48.35275469873004,4.52934612470879,4.835275469873008
P2_rep3_a1,P2,1.0,213,1.12,1.1,47.32861886592195,51.27048074837032,5.67943426391064,5.127048074837036
P2_rep3_a1,P2,1.0,214,1.12,1.15,52.17790927554641,46.27765408165589,6.261349113065575,6.941648112248379
P2_rep3_a1,P2,1.0,215,1.12,1.05,42.5038283117503,56.238082377748825,5.10045939741004,2.8119041188874436
P2_rep3_a1,P2,1.0,216,1.08,1.1,51.32576184793466,47.37964975257602,4.106060947834776,4.737964975257606
P2_rep3_a1,P2,1.0,217,1.04,1.1,55.30601902519403,43.50525544989448,2.2122407610077635,4.350525544989452
P2_rep3_a1,P2,1.0,218,1.04,1.05,50.446882688814746,48.46883212556936,2.0178753075525915,2.42344160627847
P2_rep3_a1,P2,1.0,219,1.08,1.1,51.32576184793466,47.37964975257602,4.106060947834776,4.737964975257606
P2_rep3_a1,P2,1.0,220,1.03,1.1,56.29253217543899,42.54498058357008,1.6887759652631713,4.254498058357012
P2_rep3_a1,P2,1.0,221,1.03,1.1,56.29253217543899,42.54498058357008,1.6887759652631713,4.254498058357012
P2_rep3_a1,P2,1.0,222,1.02,1.1,57.274092320253956,41.58952698762207,1.1454818464050802,4.158952698762211
P2_rep3_a1,P2,1.0,223,1.03,1.15,60.99665296954143,37.74371581331498,1.8298995890862446,5.661557371997243
P2_rep3_a1,P2,1.0,224,1.02,1.19,65.5111338099887,33.18905357727618,1.3102226761997753,6.305920179682472
P2_rep3_a1,P2,1.0,225,1.02,1.1,57.274092320253956,41.58952698762207,1.1454818464050802,4.158952698762211
P2_rep3_a1,P2,1.0,226,1.02,1.1,57.274092320253956,41.58952698762207,1.1454818464050802,4.158952698762211
P2_rep3_a1,P2,1.0,227,1.02,1.1,57.274092320253956,41.58952698762207,1.1454818464050802,4.158952698762211
P2_rep3_a1,P2,1.0,228,1.02,1.05,52.44494308805898,46.51449182726773,1.0488988617611805,2.3257245913633886
P2_rep3_a1,P2,1.0,229,1.02,1.1,57.274092320253956,41.58952698762207,1.1454818464050802,4.158952698762211
P2_rep3_a1,P2,1.0,230,1.12,1.15,52.17790927554641,46.27765408165589,6.261349113065575,6.941648112248379
P2_rep3_a1,P2,1.0,231,1.12,1.1,47.32861886592195,51.27048074837032,5.67943426391064,5.127048074837036
P2_rep3_a1,P2,1.0,232,1.04,1.12,57.21993604509287,41.550201460562356,2.288797441803717,4.986024175267487
P2_rep3_a1,P2,1.0,233,1.02,1.12,59.165956184420374,39.66012647328327,1.1833191236884084,4.7592151767939965
P2_rep3_a1,P2,1.0,234,1.02,1.12,59.165956184420374,39.66012647328327,1.1833191236884084,4.7592151767939965
P2_rep3_a1,P2,1.0,235,1.02,1.1,57.274092320253956,41.58952698762207,1.1454818464050802,4.158952698762211
P2_rep3_a1,P2,1.0,236,1.02,1.12,59.165956184420374,39.66012647328327,1.1833191236884084,4.7592151767939965
P2_rep3_a1,P2,1.0,237,1.02,1.12,59.165956184420374,39.66012647328327,1.1833191236884084,4.7592151767939965
P2_rep3_a1,P2,1.0,238,1.02,1.12,59.165956184420374,39.66012647328327,1.1833191236884084,4.7592151767939965
P2_rep3_a1,P2,1.0,239,1.02,1.1,57.274092320253956,41.58952698762207,1.1454818464050802,4.158952698762211
P2_rep3_a1,P2,1.0,240,1.02,1.12,59.165956184420374,39.66012647328327,1.1833191236884084,4.7592151767939965
P2_rep3_a1,P2,1.0,241,1.02,1.05,52.44494308805898,46.51449182726773,1.0488988617611805,2.3257245913633886
P2_rep3_a1,P2,1.0,242,1.02,1.12,59.165956184420374,39.66012647328327,1.1833191236884084,4.7592151767939965
P2_rep3_a1,P2,1.0,243,1.02,1.1,57.274092320253956,41.58952698762207,1.1454818464050802,4.158952698762211
P2_rep3_a1,P2,1.0,244,1.02,1.12,59.165956184420374,39.66012647328327,1.1833191236884084,4.7592151767939965
P2_rep3_a1,P2,1.0,245,1.07,1.12,54.26039840300423,44.424656846802975,3.7982278882102998,5.3309588216163615
P2_rep3_a1,P2,1.0,246,1.08,1.1,51.32576184793466,47.37964975257602,4.106060947834776,4.737964975257606
P2_rep3_a1,P2,1.0,247,1.06,1.1,53.32117527097028,45.43730832753606,3.1992705162582196,4.54373083275361
P2_rep3_a1,P2,1.0,248,1.1,1.09,48.35275469873004,50.32606805231985,4.835275469873008,4.52934612470879
P2_rep3_a1,P2,1.0,249,1.1,1.09,48.35275469873004,50.32606805231985,4.835275469873008,4.52934612470879
P2_rep3_a1,P2,1.0,250,1.1,1.09,48.35275469873004,50.32606805231985,4.835275469873008,4.52934612470879
P2_rep3_a1,P2,1.0,251,1.08,1.09,50.35215253222827,48.377816391551825,4.028172202578265,4.354003475239668
P2_rep3_a1,P2,1.0,252,1.08,1.1,51.32576184793466,47.37964975257602,4.106060947834776,4.737964975257606
P2_rep3_a1,P2,1.0,253,1.07,1.05,47.44911121387485,51.40100855066149,3.3214377849712426,2.5700504275330767
P2_rep3_a1,P2,1.0,254,1.04,1.08,53.37212019631247,45.48072072924576,2.134884807852501,3.638457658339664
P2_rep3_a1,P2,1.0,255,1.03,1.08,54.366098465884185,44.51119673888507,1.630982953976527,3.5608957391108085
P2_rep3_a1,P2,1.0,256,1.03,1.08,54.366098465884185,44.51119673888507,1.630982953976527,3.5608957391108085
P2_rep3_a1,P2,1.0,257,1.02,1.08,55.35661140388101,43.54505282452728,1.1071322280776212,3.4836042259621856
P2_rep3_a1,P2,1.0,258,1.05,1.06,50.42456955565249,48.44739390287266,2.5212284777826266,2.9068436341723625
P2_rep3_a1,P2,1.0,259,1.03,1.06,52.42268113247635,46.494747243900214,1.572680433974292,2.7896848346340155
P2_rep3_a1,P2,1.0,260,1.02,1.06,53.41923477596868,45.520869125669556,1.0683846955193745,2.7312521475401756
P2_rep3_a1,P2,1.0,261,1.02,1.06,53.41923477596868,45.520869125669556,1.0683846955193745,2.7312521475401756
P2_rep3_a1,P2,1.0,262,1.02,1.06,53.41923477596868,45.520869125669556,1.0683846955193745,2.7312521475401756
P2_rep3_a1,P2,1.0,263,1.03,1.06,52.42268113247635,46.494747243900214,1.572680433974292,2.7896848346340155
P2_rep3_a1,P2,1.0,264,1.02,1.04,51.46793124907021,47.510888650720254,1.029358624981405,1.9004355460288118
P2_rep3_a1,P2,1.0,265,1.02,1.04,51.46793124907021,47.510888650720254,1.029358624981405,1.9004355460288118
P2_rep3_a1,P2,1.0,266,1.02,1.04,51.46793124907021,47.510888650720254,1.029358624981405,1.9004355460288118
P2_rep3_a1,P2,1.0,267,1.04,1.04,49.468373253054374,49.468373253054374,1.9787349301221766,1.9787349301221766
P2_rep3_a1,P2,1.0,268,1.06,1.05,48.44739390287266,50.42456955565249,2.9068436341723625,2.5212284777826266
P2_rep3_a1,P2,1.0,269,1.05,1.06,50.42456955565249,48.44739390287266,2.5212284777826266,2.9068436341723625
P2_rep3_a1,P2,1.0,270,1.05,1.05,49.446917148737434,49.446917148737434,2.4723458574368737,2.4723458574368737
P2_rep3_a1,P2,1.0,271,1.05,1.05,49.446917148737434,49.446917148737434,2.4723458574368737,2.4723458574368737
P2_rep3_a1,P2,1.0,272,1.0,1.06,55.403396284968046,43.58185511546703,0.0,2.614911306928024
P2_rep3_a1,P2,1.0,273,1.05,1.06,50.42456955565249,48.44739390287266,2.5212284777826266,2.9068436341723625
P2_rep3_a1,P2,1.0,274,1.08,1.04,45.48072072924576,53.37212019631247,3.638457658339664,2.134884807852501
P2_rep3_a1,P2,1.0,275,1.08,1.04,45.48072072924576,53.37212019631247,3.638457658339664,2.134884807852501
P2_rep3_a1,P2,1.0,276,1.05,1.04,48.46883212556936,50.446882688814746,2.42344160627847,2.0178753075525915
P2_rep3_a1,P2,1.0,277,1.02,1.05,52.44494308805898,46.51449182726773,1.0488988617611805,2.3257245913633886
P2_rep3_a1,P2,1.0,278,1.02,1.05,52.44494308805898,46.51449182726773,1.0488988617611805,2.3257245913633886
P2_rep3_a1,P2,1.0,279,1.02,1.05,52.44494308805898,46.51449182726773,1.0488988617611805,2.3257245913633886
P2_rep3_a1,P2,1.0,280,1.0,1.05,54.43520666505401,44.56777774683524,0.0,2.228388887341764
P2_rep3_a1,P2,1.0,281,1.02,1.05,52.44494308805898,46.51449182726773,1.0488988617611805,2.3257245913633886
P2_rep3_a1,P2,1.0,282,1.05,1.05,49.446917148737434,49.446917148737434,2.4723458574368737,2.4723458574368737
P2_rep3_a1,P2,1.0,283,1.0,1.03,52.48693391877886,46.551734353187925,0.0,1.396552030595639
P2_rep3_a1,P2,1.0,284,1.02,1.03,50.48897221798351,48.509271300693605,1.009779444359671,1.4552781390208094
P2_rep3_a1,P2,1.0,285,1.01,1.04,52.46634995725623,46.53347801704491,0.5246634995725628,1.861339120681798
P2_rep3_a1,P2,1.0,286,1.01,1.03,51.48854780138496,47.52992012716813,0.5148854780138501,1.4258976038150453
P2_rep3_a1,P2,1.0,287,1.01,1.03,51.48854780138496,47.52992012716813,0.5148854780138501,1.4258976038150453
P2_rep3_a1,P2,1.0,288,1.05,1.03,47.49109666472091,51.44649084659352,2.3745548332360475,1.5433947253978069
P2_rep3_a1,P2,1.0,289,1.01,1.03,51.48854780138496,47.52992012716813,0.5148854780138501,1.4258976038150453
P2_rep3_a1,P2,1.0,290,1.1,1.03,42.54498058357008,56.29253217543899,4.254498058357012,1.6887759652631713
P2_rep3_a1,P2,1.0,291,1.1,1.02,41.58952698762207,57.274092320253956,4.158952698762211,1.1454818464050802
P2_rep3_a1,P2,1.0,292,1.12,1.02,39.66012647328327,59.165956184420374,4.7592151767939965,1.1833191236884084
P2_rep3_a1,P2,1.0,293,1.12,1.03,40.602066117758255,58.19613565850669,4.8722479341309946,1.7458840697552023
P2_rep3_a1,P2,1.0,294,1.12,1.03,40.602066117758255,58.19613565850669,4.8722479341309946,1.7458840697552023
P2_rep3_a1,P2,1.0,295,1.11,1.02,40.62120812374672,58.22357245874364,4.468332893612143,1.1644714491748738
P2_rep3_a1,P2,1.0,296,1.12,1.02,39.66012647328327,59.165956184420374,4.7592151767939965,1.1833191236884084
P2_rep3_a1,P2,1.0,297,1.12,1.02,39.66012647328327,59.165956184420374,4.7592151767939965,1.1833191236884084
P2_rep3_a1,P2,1.0,298,1.15,1.02,36.82697434327679,61.94398910014302,5.524046151491515,1.2388797820028614
P2_rep3_a1,P2,1.0,299,1.12,1.02,39.66012647328327,59.165956184420374,4.7592151767939965,1.1833191236884084
P2_rep3_a1,P2,1.0,300,1.12,1.0,37.79755410052958,61.08365964736691,4.535706492063554,0.0
P2_rep4_a1,P2,1.0,1,1.49,2.0,79.36146263919755,10.319268680401219,38.8871166932068,10.319268680401219
P2_rep4_a1,P2,1.0,2,1.49,1.5,47.82816716916741,45.952797910147915,23.43580191289203,22.976398955073957
P2_rep4_a1,P2,1.0,3,2.09,1.5,7.677967100158144,81.31697681115864,8.368984139172376,40.65848840557932
P2_rep4_a1,P2,1.0,4,1.0,1.49,86.26832109787725,12.15161948535666,0.0,5.954293547824763
P2_rep4_a1,P2,1.0,5,1.49,1.4,39.01132620042435,55.916081344076716,19.11554983820793,22.366432537630683
P2_rep4_a1,P2,1.0,6,1.49,1.4,39.01132620042435,55.916081344076716,19.11554983820793,22.366432537630683
P2_rep4_a1,P2,1.0,7,1.49,1.3,30.59690025860647,65.42462424389116,14.99248112671717,19.62738727316735
P2_rep4_a1,P2,1.0,8,1.49,1.3,30.59690025860647,65.42462424389116,14.99248112671717,19.62738727316735
P2_rep4_a1,P2,1.0,9,1.39,1.3,39.67482094577327,56.86708787899149,15.473180168851572,17.06012636369745
P2_rep4_a1,P2,1.0,10,1.29,1.4,58.73845929421955,37.82970710378695,17.034153195323672,15.131882841514777
P2_rep4_a1,P2,1.0,11,1.19,1.5,75.27013814450912,21.78199006111307,14.301326247456728,10.890995030556535
P2_rep4_a1,P2,1.0,12,1.09,1.5,81.95160292932339,15.896975402036537,7.375644263639111,7.948487701018268
P2_rep4_a1,P2,1.0,13,1.0,1.29,75.08624670385963,23.538500716002062,0.0,6.8261652076405985
P2_rep4_a1,P2,1.0,14,1.0,1.4,81.95296156974493,16.546017580281315,0.0,6.618407032112525
P2_rep4_a1,P2,1.0,15,1.0,1.4,81.95296156974493,16.546017580281315,0.0,6.618407032112525
P2_rep4_a1,P2,1.0,16,1.0,1.29,75.08624670385963,23.538500716002062,0.0,6.8261652076405985
P2_rep4_a1,P2,1.0,17,1.0,1.4,81.95296156974493,16.546017580281315,0.0,6.618407032112525
P2_rep4_a1,P2,1.0,18,1.0,1.49,86.26832109787725,12.15161948535666,0.0,5.954293547824763
P2_rep4_a1,P2,1.0,19,1.0,1.4,81.95296156974493,16.546017580281315,0.0,6.618407032112525
P2_rep4_a1,P2,1.0,20,1.19,1.4,67.98676946198574,29.350603830686037,12.917486197777288,11.740241532274412
P2_rep4_a1,P2,1.0,21,1.29,1.39,57.845407399044866,38.77493615067808,16.775168145723015,15.122225098764448
P2_rep4_a1,P2,1.0,22,1.19,1.39,67.1820488629396,30.186840422857223,12.76458928395852,11.772867764914315
P2_rep4_a1,P2,1.0,23,1.29,1.5,67.10796013933168,28.971212598008695,19.46130844040619,14.485606299004347
P2_rep4_a1,P2,1.0,24,1.29,1.5,67.10796013933168,28.971212598008695,19.46130844040619,14.485606299004347
P2_rep4_a1,P2,1.0,25,1.29,1.4,58.73845929421955,37.82970710378695,17.034153195323672,15.131882841514777
P2_rep4_a1,P2,1.0,26,1.29,1.5,67.10796013933168,28.971212598008695,19.46130844040619,14.485606299004347
P2_rep4_a1,P2,1.0,27,1.29,1.39,57.845407399044866,38.77493615067808,16.775168145723015,15.122225098764448
P2_rep4_a1,P2,1.0,28,1.29,1.39,57.845407399044866,38.77493615067808,16.775168145723015,15.122225098764448
P2_rep4_a1,P2,1.0,29,1.24,1.39,62.63127022630054,34.3727698835431,15.03150485431213,13.405380254581805
P2_rep4_a1,P2,1.0,30,1.24,1.39,62.63127022630054,34.3727698835431,15.03150485431213,13.405380254581805
P2_rep4_a1,P2,1.0,31,1.29,1.39,57.845407399044866,38.77493615067808,16.775168145723015,15.122225098764448
P2_rep4_a1,P2,1.0,32,1.15,1.39,70.60819718165928,27.035376392385295,10.591229577248885,10.543796793030262
P2_rep4_a1,P2,1.0,33,1.19,1.28,57.57582003290738,40.16928659108568,10.939405806252399,11.247400245503991
P2_rep4_a1,P2,1.0,34,1.24,1.39,62.63127022630054,34.3727698835431,15.03150485431213,13.405380254581805
P2_rep4_a1,P2,1.0,35,1.15,1.39,70.60819718165928,27.035376392385295,10.591229577248885,10.543796793030262
P2_rep4_a1,P2,1.0,36,1.15,1.39,70.60819718165928,27.035376392385295,10.591229577248885,10.543796793030262
P2_rep4_a1,P2,1.0,37,1.15,1.39,70.60819718165928,27.035376392385295,10.591229577248885,10.543796793030262
P2_rep4_a1,P2,1.0,38,1.15,1.39,70.60819718165928,27.035376392385295,10.591229577248885,10.543796793030262
P2_rep4_a1,P2,1.0,39,1.09,1.39,75.33259968712356,22.6897429940606,6.7799339718411264,8.848999767683633
P2_rep4_a1,P2,1.0,40,1.15,1.24,57.76841993970724,40.30365898646343,8.665262990956082,9.672878156751223
P2_rep4_a1,P2,1.0,41,1.05,1.24,67.11241845243894,31.386224945646028,3.3556209226219504,7.532693986955047
P2_rep4_a1,P2,1.0,42,1.1,1.19,57.97101286222818,40.44500327233587,5.797101286222823,7.684550621743813
P2_rep4_a1,P2,1.0,43,1.05,1.19,62.75179803323828,35.844395809395955,3.137589901661917,6.81043520378523
P2_rep4_a1,P2,1.0,44,1.05,1.19,62.75179803323828,35.844395809395955,3.137589901661917,6.81043520378523
P2_rep4_a1,P2,1.0,45,1.05,1.24,67.11241845243894,31.386224945646028,3.3556209226219504,7.532693986955047
P2_rep4_a1,P2,1.0,46,1.29,1.19,39.211836385589635,58.49718595989125,11.371432551820995,11.114465332379334
P2_rep4_a1,P2,1.0,47,1.19,1.19,49.039707029113366,49.039707029113366,9.317544335531537,9.317544335531537
P2_rep4_a1,P2,1.0,48,1.15,1.19,53.035850047907815,45.19417021086799,7.955377507186167,8.586892340064916
P2_rep4_a1,P2,1.0,49,1.15,1.19,53.035850047907815,45.19417021086799,7.955377507186167,8.586892340064916
P2_rep4_a1,P2,1.0,50,1.15,1.19,53.035850047907815,45.19417021086799,7.955377507186167,8.586892340064916
P2_rep4_a1,P2,1.0,51,1.15,1.19,53.035850047907815,45.19417021086799,7.955377507186167,8.586892340064916
P2_rep4_a1,P2,1.0,52,1.19,1.19,49.039707029113366,49.039707029113366,9.317544335531537,9.317544335531537
P2_rep4_a1,P2,1.0,53,1.14,1.09,44.37605712431105,54.201038567906735,6.212647997403543,4.878093471111611
P2_rep4_a1,P2,1.0,54,1.14,1.09,44.37605712431105,54.201038567906735,6.212647997403543,4.878093471111611
P2_rep4_a1,P2,1.0,55,1.15,1.14,48.21172946629676,50.179287470970316,7.23175941994451,7.025100245935839
P2_rep4_a1,P2,1.0,56,1.19,1.29,58.49718595989125,39.211836385589635,11.114465332379334,11.371432551820995
P2_rep4_a1,P2,1.0,57,1.15,1.29,62.32151376277999,35.598613534078574,9.348227064416994,10.323597924882788
P2_rep4_a1,P2,1.0,58,1.24,1.29,53.574328016772654,43.86294992281909,12.857838724025436,12.720255477617538
P2_rep4_a1,P2,1.0,59,1.19,1.29,58.49718595989125,39.211836385589635,11.114465332379334,11.371432551820995
P2_rep4_a1,P2,1.0,60,1.29,1.29,48.58081671515874,48.58081671515874,14.088436847396036,14.088436847396036
P2_rep4_a1,P2,1.0,61,1.24,1.29,53.574328016772654,43.86294992281909,12.857838724025436,12.720255477617538
P2_rep4_a1,P2,1.0,62,1.19,1.39,67.1820488629396,30.186840422857223,12.76458928395852,11.772867764914315
P2_rep4_a1,P2,1.0,63,1.15,1.29,62.32151376277999,35.598613534078574,9.348227064416994,10.323597924882788
P2_rep4_a1,P2,1.0,64,1.15,1.29,62.32151376277999,35.598613534078574,9.348227064416994,10.323597924882788
P2_rep4_a1,P2,1.0,65,1.15,1.29,62.32151376277999,35.598613534078574,9.348227064416994,10.323597924882788
P2_rep4_a1,P2,1.0,66,1.1,1.28,66.04688366114574,32.14846962118849,6.60468836611458,9.001571493932778
P2_rep4_a1,P2,1.0,67,1.19,1.28,57.57582003290738,40.16928659108568,10.939405806252399,11.247400245503991
P2_rep4_a1,P2,1.0,68,1.1,1.28,66.04688366114574,32.14846962118849,6.60468836611458,9.001571493932778
P2_rep4_a1,P2,1.0,69,1.1,1.28,66.04688366114574,32.14846962118849,6.60468836611458,9.001571493932778
P2_rep4_a1,P2,1.0,70,1.1,1.26,64.32456026251705,33.91785330632578,6.432456026251711,8.818641859644703
P2_rep4_a1,P2,1.0,71,1.1,1.26,64.32456026251705,33.91785330632578,6.432456026251711,8.818641859644703
P2_rep4_a1,P2,1.0,72,1.05,1.29,71.16102337288685,27.247049608187048,3.5580511686443455,7.901644386374245
P2_rep4_a1,P2,1.0,73,1.0,1.25,72.13991842739686,26.538792877224193,0.0,6.634698219306048
P2_rep4_a1,P2,1.0,74,1.0,1.29,75.08624670385963,23.538500716002062,0.0,6.8261652076405985
P2_rep4_a1,P2,1.0,75,1.05,1.2,63.646333801854844,34.929848585182505,3.182316690092745,6.985969717036499
P2_rep4_a1,P2,1.0,76,1.19,1.2,50.001166670939035,48.04059288273335,9.500221667478414,9.608118576546667
P2_rep4_a1,P2,1.0,77,1.15,1.2,53.99264768938503,44.205441103404354,8.09889715340775,8.841088220680868
P2_rep4_a1,P2,1.0,78,1.1,1.0,39.69595407819774,59.21940469028911,3.969595407819777,0.0
P2_rep4_a1,P2,1.0,79,1.05,1.2,63.646333801854844,34.929848585182505,3.182316690092745,6.985969717036499
P2_rep4_a1,P2,1.0,80,1.24,1.2,45.01775535300771,52.82882529440431,10.80426128472185,10.56576505888086
P2_rep4_a1,P2,1.0,81,1.24,1.22,46.92364022790768,50.83177262712484,11.261673654697843,11.182989977967464
P2_rep4_a1,P2,1.0,82,1.19,1.2,50.001166670939035,48.04059288273335,9.500221667478414,9.608118576546667
P2_rep4_a1,P2,1.0,83,1.1,1.19,57.97101286222818,40.44500327233587,5.797101286222823,7.684550621743813
P2_rep4_a1,P2,1.0,84,1.1,1.19,57.97101286222818,40.44500327233587,5.797101286222823,7.684550621743813
P2_rep4_a1,P2,1.0,85,1.1,1.19,57.97101286222818,40.44500327233587,5.797101286222823,7.684550621743813
P2_rep4_a1,P2,1.0,86,1.1,1.22,60.74938813769324,37.59071244198958,6.074938813769329,8.269956737237706
P2_rep4_a1,P2,1.0,87,1.05,1.19,62.75179803323828,35.844395809395955,3.137589901661917,6.81043520378523
P2_rep4_a1,P2,1.0,88,1.05,1.19,62.75179803323828,35.844395809395955,3.137589901661917,6.81043520378523
P2_rep4_a1,P2,1.0,89,1.1,1.19,57.97101286222818,40.44500327233587,5.797101286222823,7.684550621743813
P2_rep4_a1,P2,1.0,90,1.05,1.15,59.07753438666782,39.60085556974326,2.953876719333394,5.940128335461486
P2_rep4_a1,P2,1.0,91,1.05,1.15,59.07753438666782,39.60085556974326,2.953876719333394,5.940128335461486
P2_rep4_a1,P2,1.0,92,1.1,1.15,54.169582385452664,44.35030298036147,5.416958238545271,6.652545447054217
P2_rep4_a1,P2,1.0,93,1.15,1.19,53.035850047907815,45.19417021086799,7.955377507186167,8.586892340064916
P2_rep4_a1,P2,1.0,94,1.1,1.19,57.97101286222818,40.44500327233587,5.797101286222823,7.684550621743813
P2_rep4_a1,P2,1.0,95,1.05,1.19,62.75179803323828,35.844395809395955,3.137589901661917,6.81043520378523
P2_rep4_a1,P2,1.0,96,1.24,1.19,44.0676630336036,53.8243651749164,10.576239128064865,10.226629383234114
P2_rep4_a1,P2,1.0,97,1.19,1.15,45.19417021086799,53.035850047907815,8.586892340064916,7.955377507186167
P2_rep4_a1,P2,1.0,98,1.19,1.1,40.44500327233587,57.97101286222818,7.684550621743813,5.797101286222823
P2_rep4_a1,P2,1.0,99,1.24,1.1,35.73333426412474,62.55736564009158,8.576000223389938,6.255736564009164
P2_rep4_a1,P2,1.0,100,1.19,1.1,40.44500327233587,57.97101286222818,7.684550621743813,5.797101286222823
P2_rep4_a1,P2,1.0,101,1.19,1.1,40.44500327233587,57.97101286222818,7.684550621743813,5.797101286222823
P2_rep4_a1,P2,1.0,102,1.15,1.1,44.35030298036147,54.169582385452664,6.652545447054217,5.416958238545271
P2_rep4_a1,P2,1.0,103,1.19,1.1,40.44500327233587,57.97101286222818,7.684550621743813,5.797101286222823
P2_rep4_a1,P2,1.0,104,1.15,1.1,44.35030298036147,54.169582385452664,6.652545447054217,5.416958238545271
P2_rep4_a1,P2,1.0,105,1.15,1.1,44.35030298036147,54.169582385452664,6.652545447054217,5.416958238545271
P2_rep4_a1,P2,1.0,106,1.19,1.1,40.44500327233587,57.97101286222818,7.684550621743813,5.797101286222823
P2_rep4_a1,P2,1.0,107,1.15,1.19,53.035850047907815,45.19417021086799,7.955377507186167,8.586892340064916
P2_rep4_a1,P2,1.0,108,1.1,1.19,57.97101286222818,40.44500327233587,5.797101286222823,7.684550621743813
P2_rep4_a1,P2,1.0,109,1.1,1.2,58.90517307371448,39.48531832650961,5.890517307371453,7.897063665301921
P2_rep4_a1,P2,1.0,110,1.05,1.2,63.646333801854844,34.929848585182505,3.182316690092745,6.985969717036499
P2_rep4_a1,P2,1.0,111,1.05,1.29,71.16102337288685,27.247049608187048,3.5580511686443455,7.901644386374245
P2_rep4_a1,P2,1.0,112,1.15,1.19,53.035850047907815,45.19417021086799,7.955377507186167,8.586892340064916
P2_rep4_a1,P2,1.0,113,1.15,1.19,53.035850047907815,45.19417021086799,7.955377507186167,8.586892340064916
P2_rep4_a1,P2,1.0,114,1.19,1.19,49.039707029113366,49.039707029113366,9.317544335531537,9.317544335531537
P2_rep4_a1,P2,1.0,115,1.24,1.19,44.0676630336036,53.8243651749164,10.576239128064865,10.226629383234114
P2_rep4_a1,P2,1.0,116,1.24,1.1,35.73333426412474,62.55736564009158,8.576000223389938,6.255736564009164
P2_rep4_a1,P2,1.0,117,1.29,1.1,31.28224136993202,66.89007284516744,9.071849997280287,6.68900728451675
P2_rep4_a1,P2,1.0,118,1.29,1.1,31.28224136993202,66.89007284516744,9.071849997280287,6.68900728451675
P2_rep4_a1,P2,1.0,119,1.24,1.05,31.386224945646028,67.11241845243894,7.532693986955047,3.3556209226219504
P2_rep4_a1,P2,1.0,120,1.19,1.05,35.844395809395955,62.75179803323828,6.81043520378523,3.137589901661917
P2_rep4_a1,P2,1.0,121,1.24,1.05,31.386224945646028,67.11241845243894,7.532693986955047,3.3556209226219504
P2_rep4_a1,P2,1.0,122,1.19,1.19,49.039707029113366,49.039707029113366,9.317544335531537,9.317544335531537
P2_rep4_a1,P2,1.0,123,1.19,1.1,40.44500327233587,57.97101286222818,7.684550621743813,5.797101286222823
P2_rep4_a1,P2,1.0,124,1.05,1.19,62.75179803323828,35.844395809395955,3.137589901661917,6.81043520378523
P2_rep4_a1,P2,1.0,125,1.1,1.2,58.90517307371448,39.48531832650961,5.890517307371453,7.897063665301921
P2_rep4_a1,P2,1.0,126,1.22,1.15,42.24244918882499,55.89224386788374,9.293338821541496,8.383836580182557
P2_rep4_a1,P2,1.0,127,1.22,1.05,33.13414300757694,65.40274705919529,7.289511461666925,3.2701373529597677
P2_rep4_a1,P2,1.0,128,1.15,1.1,44.35030298036147,54.169582385452664,6.652545447054217,5.416958238545271
P2_rep4_a1,P2,1.0,129,1.15,1.05,39.60085556974326,59.07753438666782,5.940128335461486,2.953876719333394
P2_rep4_a1,P2,1.0,130,1.15,1.1,44.35030298036147,54.169582385452664,6.652545447054217,5.416958238545271
P2_rep4_a1,P2,1.0,131,1.22,1.1,37.59071244198958,60.74938813769324,8.269956737237706,6.074938813769329
P2_rep4_a1,P2,1.0,132,1.24,1.1,35.73333426412474,62.55736564009158,8.576000223389938,6.255736564009164
P2_rep4_a1,P2,1.0,133,1.22,1.19,46.04785066087225,51.91880664213075,10.130527145391893,9.86457326200484
P2_rep4_a1,P2,1.0,134,1.22,1.2,47.00475730615152,50.919645708953965,10.341046607353332,10.183929141790792
P2_rep4_a1,P2,1.0,135,1.15,1.2,53.99264768938503,44.205441103404354,8.09889715340775,8.841088220680868
P2_rep4_a1,P2,1.0,136,1.15,1.2,53.99264768938503,44.205441103404354,8.09889715340775,8.841088220680868
P2_rep4_a1,P2,1.0,137,1.22,1.2,47.00475730615152,50.919645708953965,10.341046607353332,10.183929141790792
P2_rep4_a1,P2,1.0,138,1.24,1.22,46.92364022790768,50.83177262712484,11.261673654697843,11.182989977967464
P2_rep4_a1,P2,1.0,139,1.24,1.22,46.92364022790768,50.83177262712484,11.261673654697843,11.182989977967464
P2_rep4_a1,P2,1.0,140,1.24,1.19,44.0676630336036,53.8243651749164,10.576239128064865,10.226629383234114
P2_rep4_a1,P2,1.0,141,1.22,1.2,47.00475730615152,50.919645708953965,10.341046607353332,10.183929141790792
P2_rep4_a1,P2,1.0,142,1.27,1.19,41.13429544641556,56.64718032565701,11.106259770532201,10.76296426187483
P2_rep4_a1,P2,1.0,143,1.24,1.1,35.73333426412474,62.55736564009158,8.576000223389938,6.255736564009164
P2_rep4_a1,P2,1.0,144,1.24,1.1,35.73333426412474,62.55736564009158,8.576000223389938,6.255736564009164
P2_rep4_a1,P2,1.0,145,1.22,1.05,33.13414300757694,65.40274705919529,7.289511461666925,3.2701373529597677
P2_rep4_a1,P2,1.0,146,1.24,1.1,35.73333426412474,62.55736564009158,8.576000223389938,6.255736564009164
P2_rep4_a1,P2,1.0,147,1.22,1.05,33.13414300757694,65.40274705919529,7.289511461666925,3.2701373529597677
P2_rep4_a1,P2,1.0,148,1.18,1.15,46.18670746214746,52.07536724838893,8.31360734318654,7.811305087258335
P2_rep4_a1,P2,1.0,149,1.18,1.15,46.18670746214746,52.07536724838893,8.31360734318654,7.811305087258335
P2_rep4_a1,P2,1.0,150,1.18,1.19,50.03958892186803,48.07750857565439,9.007126005936243,9.134726629374331
P2_rep4_a1,P2,1.0,151,1.18,1.2,51.001032891847466,47.07988714506687,9.18018592053254,9.415977429013372
P2_rep4_a1,P2,1.0,152,1.17,1.15,47.18227680197059,51.111950283034936,8.020987056334997,7.6667925424552354
P2_rep4_a1,P2,1.0,153,1.17,1.1,42.38576511823924,56.08186944667453,7.205580070100668,5.608186944667458
P2_rep4_a1,P2,1.0,154,1.18,1.05,36.769357388475605,61.84707578907598,6.618484329925606,3.0923537894538016
P2_rep4_a1,P2,1.0,155,1.18,1.05,36.769357388475605,61.84707578907598,6.618484329925606,3.0923537894538016
P2_rep4_a1,P2,1.0,156,1.22,1.05,33.13414300757694,65.40274705919529,7.289511461666925,3.2701373529597677
P2_rep4_a1,P2,1.0,157,1.22,1.05,33.13414300757694,65.40274705919529,7.289511461666925,3.2701373529597677
P2_rep4_a1,P2,1.0,158,1.18,1.0,32.34088359906857,66.44218532749468,5.82135904783234,0.0
P2_rep4_a1,P2,1.0,159,1.18,1.1,41.412051207003735,57.029685495267195,7.45416921726067,5.702968549526725
P2_rep4_a1,P2,1.0,160,1.18,1.2,51.001032891847466,47.07988714506687,9.18018592053254,9.415977429013372
P2_rep4_a1,P2,1.0,161,1.18,1.2,51.001032891847466,47.07988714506687,9.18018592053254,9.415977429013372
P2_rep4_a1,P2,1.0,162,1.18,1.2,51.001032891847466,47.07988714506687,9.18018592053254,9.415977429013372
P2_rep4_a1,P2,1.0,163,1.15,1.15,49.17936193877041,49.17936193877041,7.376904290815557,7.376904290815557
P2_rep4_a1,P2,1.0,164,1.06,1.1,53.32117527097028,45.43730832753606,3.1992705162582196,4.54373083275361
P2_rep4_a1,P2,1.0,165,1.06,1.15,58.10710076876844,40.539948582993574,3.4864260461261094,6.080992287449033
P2_rep4_a1,P2,1.0,166,1.05,1.19,62.75179803323828,35.844395809395955,3.137589901661917,6.81043520378523
P2_rep4_a1,P2,1.0,167,1.2,1.15,44.205441103404354,53.99264768938503,8.841088220680868,8.09889715340775
P2_rep4_a1,P2,1.0,168,1.22,1.22,48.9199174823277,48.9199174823277,10.762381846112092,10.762381846112092
P2_rep4_a1,P2,1.0,169,1.22,1.19,46.04785066087225,51.91880664213075,10.130527145391893,9.86457326200484
P2_rep4_a1,P2,1.0,170,1.22,1.19,46.04785066087225,51.91880664213075,10.130527145391893,9.86457326200484
P2_rep4_a1,P2,1.0,171,1.24,1.15,40.30365898646343,57.76841993970724,9.672878156751223,8.665262990956082
P2_rep4_a1,P2,1.0,172,1.22,1.2,47.00475730615152,50.919645708953965,10.341046607353332,10.183929141790792
P2_rep4_a1,P2,1.0,173,1.18,1.18,49.07666531710409,49.07666531710409,8.833799757078733,8.833799757078733
P2_rep4_a1,P2,1.0,174,1.18,1.22,52.916435198444844,45.09241158858777,9.524958335720068,9.920330549489309
P2_rep4_a1,P2,1.0,175,1.15,1.05,39.60085556974326,59.07753438666782,5.940128335461486,2.953876719333394
P2_rep4_a1,P2,1.0,176,1.1,1.1,49.32611348289486,49.32611348289486,4.93261134828949,4.93261134828949
P2_rep4_a1,P2,1.0,177,1.05,1.15,59.07753438666782,39.60085556974326,2.953876719333394,5.940128335461486
P2_rep4_a1,P2,1.0,178,1.19,1.1,40.44500327233587,57.97101286222818,7.684550621743813,5.797101286222823
P2_rep4_a1,P2,1.0,179,1.22,1.15,42.24244918882499,55.89224386788374,9.293338821541496,8.383836580182557
P2_rep4_a1,P2,1.0,180,1.25,1.1,34.820082749868675,63.44632740968894,8.705020687467169,6.344632740968899
P2_rep4_a1,P2,1.0,181,1.22,1.1,37.59071244198958,60.74938813769324,8.269956737237706,6.074938813769329
P2_rep4_a1,P2,1.0,182,1.22,1.05,33.13414300757694,65.40274705919529,7.289511461666925,3.2701373529597677
P2_rep4_a1,P2,1.0,183,1.22,1.1,37.59071244198958,60.74938813769324,8.269956737237706,6.074938813769329
P2_rep4_a1,P2,1.0,184,1.25,1.1,34.820082749868675,63.44632740968894,8.705020687467169,6.344632740968899
P2_rep4_a1,P2,1.0,185,1.2,1.05,34.929848585182505,63.646333801854844,6.985969717036499,3.182316690092745
P2_rep4_a1,P2,1.0,186,1.22,1.15,42.24244918882499,55.89224386788374,9.293338821541496,8.383836580182557
P2_rep4_a1,P2,1.0,187,1.22,1.1,37.59071244198958,60.74938813769324,8.269956737237706,6.074938813769329
P2_rep4_a1,P2,1.0,188,1.2,1.1,39.48531832650961,58.90517307371448,7.897063665301921,5.890517307371453
P2_rep4_a1,P2,1.0,189,1.2,1.15,44.205441103404354,53.99264768938503,8.841088220680868,8.09889715340775
P2_rep4_a1,P2,1.0,190,1.2,1.2,49.00129951694268,49.00129951694268,9.800259903388534,9.800259903388534
P2_rep4_a1,P2,1.0,191,1.18,1.22,52.916435198444844,45.09241158858777,9.524958335720068,9.920330549489309
P2_rep4_a1,P2,1.0,192,1.15,1.22,55.89224386788374,42.24244918882499,8.383836580182557,9.293338821541496
P2_rep4_a1,P2,1.0,193,1.2,1.22,50.919645708953965,47.00475730615152,10.183929141790792,10.341046607353332
P2_rep4_a1,P2,1.0,194,1.2,1.15,44.205441103404354,53.99264768938503,8.841088220680868,8.09889715340775
P2_rep4_a1,P2,1.0,195,1.22,1.2,47.00475730615152,50.919645708953965,10.341046607353332,10.183929141790792
P2_rep4_a1,P2,1.0,196,1.22,1.2,47.00475730615152,50.919645708953965,10.341046607353332,10.183929141790792
P2_rep4_a1,P2,1.0,197,1.2,1.1,39.48531832650961,58.90517307371448,7.897063665301921,5.890517307371453
P2_rep4_a1,P2,1.0,198,1.22,1.15,42.24244918882499,55.89224386788374,9.293338821541496,8.383836580182557
P2_rep4_a1,P2,1.0,199,1.2,1.15,44.205441103404354,53.99264768938503,8.841088220680868,8.09889715340775
P2_rep4_a1,P2,1.0,200,1.22,1.15,42.24244918882499,55.89224386788374,9.293338821541496,8.383836580182557
P2_rep4_a1,P2,1.0,201,1.1,1.19,57.97101286222818,40.44500327233587,5.797101286222823,7.684550621743813
P2_rep4_a1,P2,1.0,202,1.1,1.19,57.97101286222818,40.44500327233587,5.797101286222823,7.684550621743813
P2_rep4_a1,P2,1.0,203,1.22,1.19,46.04785066087225,51.91880664213075,10.130527145391893,9.86457326200484
P2_rep4_a1,P2,1.0,204,1.22,1.19,46.04785066087225,51.91880664213075,10.130527145391893,9.86457326200484
P2_rep4_a1,P2,1.0,205,1.22,1.19,46.04785066087225,51.91880664213075,10.130527145391893,9.86457326200484
P2_rep4_a1,P2,1.0,206,1.21,1.19,47.043043438472054,50.96112058096809,9.87903912207913,9.682612910383934
P2_rep4_a1,P2,1.0,207,1.2,1.1,39.48531832650961,58.90517307371448,7.897063665301921,5.890517307371453
P2_rep4_a1,P2,1.0,208,1.18,1.1,41.412051207003735,57.029685495267195,7.45416921726067,5.702968549526725
P2_rep4_a1,P2,1.0,209,1.22,1.05,33.13414300757694,65.40274705919529,7.289511461666925,3.2701373529597677
P2_rep4_a1,P2,1.0,210,1.18,1.15,46.18670746214746,52.07536724838893,8.31360734318654,7.811305087258335
P2_rep4_a1,P2,1.0,211,1.2,1.1,39.48531832650961,58.90517307371448,7.897063665301921,5.890517307371453
P2_rep4_a1,P2,1.0,212,1.18,1.0,32.34088359906857,66.44218532749468,5.82135904783234,0.0
P2_rep4_a1,P2,1.0,213,1.2,1.1,39.48531832650961,58.90517307371448,7.897063665301921,5.890517307371453
P2_rep4_a1,P2,1.0,214,1.18,1.1,41.412051207003735,57.029685495267195,7.45416921726067,5.702968549526725
P2_rep4_a1,P2,1.0,215,1.15,1.15,49.17936193877041,49.17936193877041,7.376904290815557,7.376904290815557
P2_rep4_a1,P2,1.0,216,1.2,1.15,44.205441103404354,53.99264768938503,8.841088220680868,8.09889715340775
P2_rep4_a1,P2,1.0,217,1.21,1.15,43.22128418803359,54.945020799837685,9.076469679487053,8.241753119975648
P2_rep4_a1,P2,1.0,218,1.15,1.1,44.35030298036147,54.169582385452664,6.652545447054217,5.416958238545271
P2_rep4_a1,P2,1.0,219,1.2,1.22,50.919645708953965,47.00475730615152,10.183929141790792,10.341046607353332
P2_rep4_a1,P2,1.0,220,1.22,1.22,48.9199174823277,48.9199174823277,10.762381846112092,10.762381846112092
P2_rep4_a1,P2,1.0,221,1.22,1.22,48.9199174823277,48.9199174823277,10.762381846112092,10.762381846112092
P2_rep4_a1,P2,1.0,222,1.22,1.15,42.24244918882499,55.89224386788374,9.293338821541496,8.383836580182557
P2_rep4_a1,P2,1.0,223,1.22,1.17,44.139198803256605,53.91173916127769,9.710623736716451,9.164995657417203
P2_rep4_a1,P2,1.0,224,1.2,1.17,46.11995035541403,52.00009882072644,9.223990071082804,8.840016799523491
P2_rep4_a1,P2,1.0,225,1.18,1.17,48.11303026382637,50.07656027763493,8.660345447488742,8.513015247197934
P2_rep4_a1,P2,1.0,226,1.15,1.17,51.111950283034936,47.18227680197059,7.6667925424552354,8.020987056334997
P2_rep4_a1,P2,1.0,227,1.2,1.17,46.11995035541403,52.00009882072644,9.223990071082804,8.840016799523491
P2_rep4_a1,P2,1.0,228,1.2,1.17,46.11995035541403,52.00009882072644,9.223990071082804,8.840016799523491
P2_rep4_a1,P2,1.0,229,1.2,1.17,46.11995035541403,52.00009882072644,9.223990071082804,8.840016799523491
P2_rep4_a1,P2,1.0,230,1.2,1.15,44.205441103404354,53.99264768938503,8.841088220680868,8.09889715340775
P2_rep4_a1,P2,1.0,231,1.2,1.15,44.205441103404354,53.99264768938503,8.841088220680868,8.09889715340775
P2_rep4_a1,P2,1.0,232,1.1,1.05,44.46961462960421,54.31530996291843,4.446961462960425,2.715765498145924
P2_rep4_a1,P2,1.0,233,1.1,1.1,49.32611348289486,49.32611348289486,4.93261134828949,4.93261134828949
P2_rep4_a1,P2,1.0,234,1.1,1.15,54.169582385452664,44.35030298036147,5.416958238545271,6.652545447054217
P2_rep4_a1,P2,1.0,235,1.15,1.1,44.35030298036147,54.169582385452664,6.652545447054217,5.416958238545271
P2_rep4_a1,P2,1.0,236,1.1,1.05,44.46961462960421,54.31530996291843,4.446961462960425,2.715765498145924
P2_rep4_a1,P2,1.0,237,1.15,1.1,44.35030298036147,54.169582385452664,6.652545447054217,5.416958238545271
P2_rep4_a1,P2,1.0,238,1.15,1.1,44.35030298036147,54.169582385452664,6.652545447054217,5.416958238545271
P2_rep4_a1,P2,1.0,239,1.15,1.17,51.111950283034936,47.18227680197059,7.6667925424552354,8.020987056334997
P2_rep4_a1,P2,1.0,240,1.15,1.17,51.111950283034936,47.18227680197059,7.6667925424552354,8.020987056334997
P2_rep4_a1,P2,1.0,241,1.1,1.15,54.169582385452664,44.35030298036147,5.416958238545271,6.652545447054217
P2_rep4_a1,P2,1.0,242,1.05,1.1,54.31530996291843,44.46961462960421,2.715765498145924,4.446961462960425
P2_rep4_a1,P2,1.0,243,1.05,1.09,53.347144956894084,45.45943823409743,2.6673572478447065,4.091349441068773
P2_rep4_a1,P2,1.0,244,1.05,1.09,53.347144956894084,45.45943823409743,2.6673572478447065,4.091349441068773
P2_rep4_a1,P2,1.0,245,1.18,1.09,40.47013882866575,58.00704039446715,7.284624989159833,5.220633635502048
P2_rep4_a1,P2,1.0,246,1.2,1.09,38.558387900328945,59.86988722700089,7.711677580065787,5.388289850430085
P2_rep4_a1,P2,1.0,247,1.15,1.09,43.39105578421625,55.16084279723354,6.508658367632433,4.964475851751023
P2_rep4_a1,P2,1.0,248,1.15,1.09,43.39105578421625,55.16084279723354,6.508658367632433,4.964475851751023
P2_rep4_a1,P2,1.0,249,1.15,1.09,43.39105578421625,55.16084279723354,6.508658367632433,4.964475851751023
P2_rep4_a1,P2,1.0,250,1.15,1.09,43.39105578421625,55.16084279723354,6.508658367632433,4.964475851751023
P2_rep4_a1,P2,1.0,251,1.2,1.09,38.558387900328945,59.86988722700089,7.711677580065787,5.388289850430085
P2_rep4_a1,P2,1.0,252,1.2,1.05,34.929848585182505,63.646333801854844,6.985969717036499,3.182316690092745
P2_rep4_a1,P2,1.0,253,1.22,1.09,36.68129883762356,61.69895887175041,8.069885744277181,5.552906298457542
P2_rep4_a1,P2,1.0,254,1.18,1.19,50.03958892186803,48.07750857565439,9.007126005936243,9.134726629374331
P2_rep4_a1,P2,1.0,255,1.22,1.15,42.24244918882499,55.89224386788374,9.293338821541496,8.383836580182557
P2_rep4_a1,P2,1.0,256,1.2,1.09,38.558387900328945,59.86988722700089,7.711677580065787,5.388289850430085
P2_rep4_a1,P2,1.0,257,1.15,1.15,49.17936193877041,49.17936193877041,7.376904290815557,7.376904290815557
P2_rep4_a1,P2,1.0,258,1.25,1.15,39.34511215968324,58.69601005128134,9.83627803992081,8.804401507692196
P2_rep4_a1,P2,1.0,259,1.2,1.15,44.205441103404354,53.99264768938503,8.841088220680868,8.09889715340775
P2_rep4_a1,P2,1.0,260,1.22,1.19,46.04785066087225,51.91880664213075,10.130527145391893,9.86457326200484
P2_rep4_a1,P2,1.0,261,1.22,1.15,42.24244918882499,55.89224386788374,9.293338821541496,8.383836580182557
P2_rep4_a1,P2,1.0,262,1.15,1.15,49.17936193877041,49.17936193877041,7.376904290815557,7.376904290815557
P2_rep4_a1,P2,1.0,263,1.1,1.1,49.32611348289486,49.32611348289486,4.93261134828949,4.93261134828949
P2_rep4_a1,P2,1.0,264,1.1,1.09,48.35275469873004,50.32606805231985,4.835275469873008,4.52934612470879
P2_rep4_a1,P2,1.0,265,1.1,1.09,48.35275469873004,50.32606805231985,4.835275469873008,4.52934612470879
P2_rep4_a1,P2,1.0,266,1.19,1.05,35.844395809395955,62.75179803323828,6.81043520378523,3.137589901661917
P2_rep4_a1,P2,1.0,267,1.1,1.05,44.46961462960421,54.31530996291843,4.446961462960425,2.715765498145924
P2_rep4_a1,P2,1.0,268,1.05,1.05,49.446917148737434,49.446917148737434,2.4723458574368737,2.4723458574368737
P2_rep4_a1,P2,1.0,269,1.15,1.05,39.60085556974326,59.07753438666782,5.940128335461486,2.953876719333394
P2_rep4_a1,P2,1.0,270,1.05,1.05,49.446917148737434,49.446917148737434,2.4723458574368737,2.4723458574368737
P2_rep4_a1,P2,1.0,271,1.15,1.05,39.60085556974326,59.07753438666782,5.940128335461486,2.953876719333394
P2_rep4_a1,P2,1.0,272,1.2,1.0,30.615651990742766,68.1363865578799,6.123130398148552,0.0
P2_rep4_a1,P2,1.0,273,1.2,1.05,34.929848585182505,63.646333801854844,6.985969717036499,3.182316690092745
P2_rep4_a1,P2,1.0,274,1.2,1.0,30.615651990742766,68.1363865578799,6.123130398148552,0.0
P2_rep4_a1,P2,1.0,275,1.2,1.1,39.48531832650961,58.90517307371448,7.897063665301921,5.890517307371453
P2_rep4_a1,P2,1.0,276,1.18,1.2,51.001032891847466,47.07988714506687,9.18018592053254,9.415977429013372
P2_rep4_a1,P2,1.0,277,1.2,1.19,48.04059288273335,50.001166670939035,9.608118576546667,9.500221667478414
P2_rep4_a1,P2,1.0,278,1.15,1.19,53.035850047907815,45.19417021086799,7.955377507186167,8.586892340064916
P2_rep4_a1,P2,1.0,279,1.15,1.1,44.35030298036147,54.169582385452664,6.652545447054217,5.416958238545271
P2_rep4_a1,P2,1.0,280,1.15,1.15,49.17936193877041,49.17936193877041,7.376904290815557,7.376904290815557
P2_rep4_a1,P2,1.0,281,1.1,1.1,49.32611348289486,49.32611348289486,4.93261134828949,4.93261134828949
P2_rep4_a1,P2,1.0,282,1.1,1.15,54.169582385452664,44.35030298036147,5.416958238545271,6.652545447054217
P2_rep4_a1,P2,1.0,283,1.1,1.15,54.169582385452664,44.35030298036147,5.416958238545271,6.652545447054217
P2_rep4_a1,P2,1.0,284,1.09,1.17,57.06455215225195,41.43736959639919,5.13580969370268,7.04435283138786
P2_rep4_a1,P2,1.0,285,1.09,1.15,55.16084279723354,43.39105578421625,4.964475851751023,6.508658367632433
P2_rep4_a1,P2,1.0,286,1.09,1.17,57.06455215225195,41.43736959639919,5.13580969370268,7.04435283138786
P2_rep4_a1,P2,1.0,287,1.08,1.15,56.14801959211902,42.43576032266112,4.491841567369526,6.365364048399164
P2_rep4_a1,P2,1.0,288,1.05,1.12,56.238082377748825,42.5038283117503,2.8119041188874436,5.10045939741004
P2_rep4_a1,P2,1.0,289,1.15,1.1,44.35030298036147,54.169582385452664,6.652545447054217,5.416958238545271
P2_rep4_a1,P2,1.0,290,1.15,1.1,44.35030298036147,54.169582385452664,6.652545447054217,5.416958238545271
P2_rep4_a1,P2,1.0,291,1.05,1.12,56.238082377748825,42.5038283117503,2.8119041188874436,5.10045939741004
P2_rep4_a1,P2,1.0,292,1.05,1.12,56.238082377748825,42.5038283117503,2.8119041188874436,5.10045939741004
P2_rep4_a1,P2,1.0,293,1.15,1.1,44.35030298036147,54.169582385452664,6.652545447054217,5.416958238545271
P2_rep4_a1,P2,1.0,294,1.1,1.12,51.27048074837032,47.32861886592195,5.127048074837036,5.67943426391064
P2_rep4_a1,P2,1.0,295,1.1,1.1,49.32611348289486,49.32611348289486,4.93261134828949,4.93261134828949
P2_rep4_a1,P2,1.0,296,1.09,1.1,50.32606805231985,48.35275469873004,4.52934612470879,4.835275469873008
P2_rep4_a1,P2,1.0,297,1.05,1.12,56.238082377748825,42.5038283117503,2.8119041188874436,5.10045939741004
P2_rep4_a1,P2,1.0,298,1.05,1.1,54.31530996291843,44.46961462960421,2.715765498145924,4.446961462960425
P2_rep4_a1,P2,1.0,299,1.05,1.09,53.347144956894084,45.45943823409743,2.6673572478447065,4.091349441068773
P2_rep4_a1,P2,1.0,300,1.08,1.05,46.452863383783644,52.375457212062926,3.7162290707026946,2.6187728606031486
P2_rep5_a1,P2,1.0,1,1.5,1.5,46.83105308334812,46.83105308334812,23.41552654167406,23.41552654167406
P2_rep5_a1,P2,1.0,2,2.0,1.5,10.650697891920075,78.69860421615984,10.650697891920075,39.34930210807992
P2_rep5_a1,P2,1.0,3,1.25,2.0,90.94429985127421,4.527850074362908,22.736074962818552,4.527850074362908
P2_rep5_a1,P2,1.0,4,1.25,1.5,70.53845126982412,25.949646034241916,17.63461281745603,12.974823017120958
P2_rep5_a1,P2,1.0,5,1.0,2.0,96.46631559719039,1.7668422014048046,0.0,1.7668422014048046
P2_rep5_a1,P2,1.0,6,1.25,1.5,70.53845126982412,25.949646034241916,17.63461281745603,12.974823017120958
P2_rep5_a1,P2,1.0,7,1.25,1.5,70.53845126982412,25.949646034241916,17.63461281745603,12.974823017120958
P2_rep5_a1,P2,1.0,8,1.25,1.5,70.53845126982412,25.949646034241916,17.63461281745603,12.974823017120958
P2_rep5_a1,P2,1.0,9,1.15,1.5,78.12681682069625,19.26583583040572,11.71902252310443,9.63291791520286
P2_rep5_a1,P2,1.0,10,1.15,1.5,78.12681682069625,19.26583583040572,11.71902252310443,9.63291791520286
P2_rep5_a1,P2,1.0,11,1.15,1.5,78.12681682069625,19.26583583040572,11.71902252310443,9.63291791520286
P2_rep5_a1,P2,1.0,12,1.25,1.25,48.78555511603684,48.78555511603684,12.19638877900921,12.19638877900921
P2_rep5_a1,P2,1.0,13,1.15,1.25,58.69601005128134,39.34511215968324,8.804401507692196,9.83627803992081
P2_rep5_a1,P2,1.0,14,1.25,1.25,48.78555511603684,48.78555511603684,12.19638877900921,12.19638877900921
P2_rep5_a1,P2,1.0,15,1.25,1.25,48.78555511603684,48.78555511603684,12.19638877900921,12.19638877900921
P2_rep5_a1,P2,1.0,16,1.15,1.25,58.69601005128134,39.34511215968324,8.804401507692196,9.83627803992081
P2_rep5_a1,P2,1.0,17,1.15,1.49,77.51733393333893,19.895659154699008,11.627600090000833,9.748872985802514
P2_rep5_a1,P2,1.0,18,1.25,1.49,69.79925956028316,26.725639931962753,17.44981489007079,13.095563566661749
P2_rep5_a1,P2,1.0,19,1.25,1.25,48.78555511603684,48.78555511603684,12.19638877900921,12.19638877900921
P2_rep5_a1,P2,1.0,20,1.25,1.2,44.0297851073373,53.77810097130135,11.007446276834324,10.755620194260267
P2_rep5_a1,P2,1.0,21,1.25,1.15,39.34511215968324,58.69601005128134,9.83627803992081,8.804401507692196
P2_rep5_a1,P2,1.0,22,1.15,1.1,44.35030298036147,54.169582385452664,6.652545447054217,5.416958238545271
P2_rep5_a1,P2,1.0,23,1.2,1.0,30.615651990742766,68.1363865578799,6.123130398148552,0.0
P2_rep5_a1,P2,1.0,24,1.2,1.1,39.48531832650961,58.90517307371448,7.897063665301921,5.890517307371453
P2_rep5_a1,P2,1.0,25,1.2,1.15,44.205441103404354,53.99264768938503,8.841088220680868,8.09889715340775
P2_rep5_a1,P2,1.0,26,1.2,1.1,39.48531832650961,58.90517307371448,7.897063665301921,5.890517307371453
P2_rep5_a1,P2,1.0,27,1.15,1.15,49.17936193877041,49.17936193877041,7.376904290815557,7.376904290815557
P2_rep5_a1,P2,1.0,28,1.15,1.05,39.60085556974326,59.07753438666782,5.940128335461486,2.953876719333394
P2_rep5_a1,P2,1.0,29,1.05,1.05,49.446917148737434,49.446917148737434,2.4723458574368737,2.4723458574368737
P2_rep5_a1,P2,1.0,30,1.05,1.25,67.94864302524296,30.5312933837033,3.397432151262151,7.632823345925825
P2_rep5_a1,P2,1.0,31,1.15,1.25,58.69601005128134,39.34511215968324,8.804401507692196,9.83627803992081
P2_rep5_a1,P2,1.0,32,1.2,1.2,49.00129951694268,49.00129951694268,9.800259903388534,9.800259903388534
P2_rep5_a1,P2,1.0,33,1.2,1.2,49.00129951694268,49.00129951694268,9.800259903388534,9.800259903388534
P2_rep5_a1,P2,1.0,34,1.25,1.2,44.0297851073373,53.77810097130135,11.007446276834324,10.755620194260267
P2_rep5_a1,P2,1.0,35,1.25,1.2,44.0297851073373,53.77810097130135,11.007446276834324,10.755620194260267
P2_rep5_a1,P2,1.0,36,1.25,1.15,39.34511215968324,58.69601005128134,9.83627803992081,8.804401507692196
P2_rep5_a1,P2,1.0,37,1.15,1.1,44.35030298036147,54.169582385452664,6.652545447054217,5.416958238545271
P2_rep5_a1,P2,1.0,38,1.1,1.05,44.46961462960421,54.31530996291843,4.446961462960425,2.715765498145924
P2_rep5_a1,P2,1.0,39,1.1,1.05,44.46961462960421,54.31530996291843,4.446961462960425,2.715765498145924
P2_rep5_a1,P2,1.0,40,1.05,1.05,49.446917148737434,49.446917148737434,2.4723458574368737,2.4723458574368737
P2_rep5_a1,P2,1.0,41,1.1,1.05,44.46961462960421,54.31530996291843,4.446961462960425,2.715765498145924
P2_rep5_a1,P2,1.0,42,1.1,1.05,44.46961462960421,54.31530996291843,4.446961462960425,2.715765498145924
P2_rep5_a1,P2,1.0,43,1.2,1.0,30.615651990742766,68.1363865578799,6.123130398148552,0.0
P2_rep5_a1,P2,1.0,44,1.15,1.05,39.60085556974326,59.07753438666782,5.940128335461486,2.953876719333394
P2_rep5_a1,P2,1.0,45,1.1,1.0,39.69595407819774,59.21940469028911,3.969595407819777,0.0
P2_rep5_a1,P2,1.0,46,1.05,1.0,44.56777774683524,54.43520666505401,2.228388887341764,0.0
P2_rep5_a1,P2,1.0,47,1.05,1.05,49.446917148737434,49.446917148737434,2.4723458574368737,2.4723458574368737
P2_rep5_a1,P2,1.0,48,1.25,1.1,34.820082749868675,63.44632740968894,8.705020687467169,6.344632740968899
P2_rep5_a1,P2,1.0,49,1.2,1.05,34.929848585182505,63.646333801854844,6.985969717036499,3.182316690092745
P2_rep5_a1,P2,1.0,50,1.25,1.15,39.34511215968324,58.69601005128134,9.83627803992081,8.804401507692196
P2_rep5_a1,P2,1.0,51,1.15,1.1,44.35030298036147,54.169582385452664,6.652545447054217,5.416958238545271
P2_rep5_a1,P2,1.0,52,1.25,1.05,30.5312933837033,67.94864302524296,7.632823345925825,3.397432151262151
P2_rep5_a1,P2,1.0,53,1.2,1.1,39.48531832650961,58.90517307371448,7.897063665301921,5.890517307371453
P2_rep5_a1,P2,1.0,54,1.2,1.05,34.929848585182505,63.646333801854844,6.985969717036499,3.182316690092745
P2_rep5_a1,P2,1.0,55,1.2,1.1,39.48531832650961,58.90517307371448,7.897063665301921,5.890517307371453
P2_rep5_a1,P2,1.0,56,1.2,1.1,39.48531832650961,58.90517307371448,7.897063665301921,5.890517307371453
P2_rep5_a1,P2,1.0,57,1.2,1.0,30.615651990742766,68.1363865578799,6.123130398148552,0.0
P2_rep5_a1,P2,1.0,58,1.15,1.0,35.020233828810355,63.81102645354702,5.25303507432155,0.0
P2_rep5_a1,P2,1.0,59,1.3,1.1,30.42888610202591,67.72073142849428,9.128665830607774,6.772073142849433
P2_rep5_a1,P2,1.0,60,1.15,1.1,44.35030298036147,54.169582385452664,6.652545447054217,5.416958238545271
P2_rep5_a1,P2,1.0,61,1.2,1.1,39.48531832650961,58.90517307371448,7.897063665301921,5.890517307371453
P2_rep5_a1,P2,1.0,62,1.2,1.2,49.00129951694268,49.00129951694268,9.800259903388534,9.800259903388534
P2_rep5_a1,P2,1.0,63,1.15,1.15,49.17936193877041,49.17936193877041,7.376904290815557,7.376904290815557
P2_rep5_a1,P2,1.0,64,1.1,1.1,49.32611348289486,49.32611348289486,4.93261134828949,4.93261134828949
P2_rep5_a1,P2,1.0,65,1.05,1.2,63.646333801854844,34.929848585182505,3.182316690092745,6.985969717036499
P2_rep5_a1,P2,1.0,66,1.25,1.15,39.34511215968324,58.69601005128134,9.83627803992081,8.804401507692196
P2_rep5_a1,P2,1.0,67,1.2,1.1,39.48531832650961,58.90517307371448,7.897063665301921,5.890517307371453
P2_rep5_a1,P2,1.0,68,1.25,1.05,30.5312933837033,67.94864302524296,7.632823345925825,3.397432151262151
P2_rep5_a1,P2,1.0,69,1.2,1.1,39.48531832650961,58.90517307371448,7.897063665301921,5.890517307371453
P2_rep5_a1,P2,1.0,70,1.1,1.1,49.32611348289486,49.32611348289486,4.93261134828949,4.93261134828949
P2_rep5_a1,P2,1.0,71,1.15,1.1,44.35030298036147,54.169582385452664,6.652545447054217,5.416958238545271
P2_rep5_a1,P2,1.0,72,1.1,1.05,44.46961462960421,54.31530996291843,4.446961462960425,2.715765498145924
P2_rep5_a1,P2,1.0,73,1.2,1.05,34.929848585182505,63.646333801854844,6.985969717036499,3.182316690092745
P2_rep5_a1,P2,1.0,74,1.15,1.1,44.35030298036147,54.169582385452664,6.652545447054217,5.416958238545271
P2_rep5_a1,P2,1.0,75,1.15,1.05,39.60085556974326,59.07753438666782,5.940128335461486,2.953876719333394
P2_rep5_a1,P2,1.0,76,1.1,1.05,44.46961462960421,54.31530996291843,4.446961462960425,2.715765498145924
P2_rep5_a1,P2,1.0,77,1.1,1.05,44.46961462960421,54.31530996291843,4.446961462960425,2.715765498145924
P2_rep5_a1,P2,1.0,78,1.05,1.05,49.446917148737434,49.446917148737434,2.4723458574368737,2.4723458574368737
P2_rep5_a1,P2,1.0,79,1.1,1.05,44.46961462960421,54.31530996291843,4.446961462960425,2.715765498145924
P2_rep5_a1,P2,1.0,80,1.1,1.05,44.46961462960421,54.31530996291843,4.446961462960425,2.715765498145924
P2_rep5_a1,P2,1.0,81,1.05,1.0,44.56777774683524,54.43520666505401,2.228388887341764,0.0
P2_rep5_a1,P2,1.0,82,1.1,1.05,44.46961462960421,54.31530996291843,4.446961462960425,2.715765498145924
P2_rep5_a1,P2,1.0,83,1.15,1.1,44.35030298036147,54.169582385452664,6.652545447054217,5.416958238545271
P2_rep5_a1,P2,1.0,84,1.15,1.1,44.35030298036147,54.169582385452664,6.652545447054217,5.416958238545271
P2_rep5_a1,P2,1.0,85,1.15,1.15,49.17936193877041,49.17936193877041,7.376904290815557,7.376904290815557
P2_rep5_a1,P2,1.0,86,1.1,1.2,58.90517307371448,39.48531832650961,5.890517307371453,7.897063665301921
P2_rep5_a1,P2,1.0,87,1.2,1.1,39.48531832650961,58.90517307371448,7.897063665301921,5.890517307371453
P2_rep5_a1,P2,1.0,88,1.2,1.05,34.929848585182505,63.646333801854844,6.985969717036499,3.182316690092745
P2_rep5_a1,P2,1.0,89,1.2,1.05,34.929848585182505,63.646333801854844,6.985969717036499,3.182316690092745
P2_rep5_a1,P2,1.0,90,1.1,1.05,44.46961462960421,54.31530996291843,4.446961462960425,2.715765498145924
P2_rep5_a1,P2,1.0,91,1.1,1.05,44.46961462960421,54.31530996291843,4.446961462960425,2.715765498145924
P2_rep5_a1,P2,1.0,92,1.2,1.05,34.929848585182505,63.646333801854844,6.985969717036499,3.182316690092745
P2_rep5_a1,P2,1.0,93,1.2,1.05,34.929848585182505,63.646333801854844,6.985969717036499,3.182316690092745
P2_rep5_a1,P2,1.0,94,1.15,1.15,49.17936193877041,49.17936193877041,7.376904290815557,7.376904290815557
P2_rep5_a1,P2,1.0,95,1.2,1.15,44.205441103404354,53.99264768938503,8.841088220680868,8.09889715340775
P2_rep5_a1,P2,1.0,96,1.15,1.1,44.35030298036147,54.169582385452664,6.652545447054217,5.416958238545271
P2_rep5_a1,P2,1.0,97,1.2,1.0,30.615651990742766,68.1363865578799,6.123130398148552,0.0
P2_rep5_a1,P2,1.0,98,1.1,1.1,49.32611348289486,49.32611348289486,4.93261134828949,4.93261134828949
P2_rep5_a1,P2,1.0,99,1.15,1.1,44.35030298036147,54.169582385452664,6.652545447054217,5.416958238545271
P2_rep5_a1,P2,1.0,100,1.1,1.1,49.32611348289486,49.32611348289486,4.93261134828949,4.93261134828949
P2_rep5_a1,P2,1.0,101,1.1,1.1,49.32611348289486,49.32611348289486,4.93261134828949,4.93261134828949
P2_rep5_a1,P2,1.0,102,1.05,1.1,54.31530996291843,44.46961462960421,2.715765498145924,4.446961462960425
P2_rep5_a1,P2,1.0,103,1.2,1.1,39.48531832650961,58.90517307371448,7.897063665301921,5.890517307371453
P2_rep5_a1,P2,1.0,104,1.1,1.05,44.46961462960421,54.31530996291843,4.446961462960425,2.715765498145924
P2_rep5_a1,P2,1.0,105,1.15,1.05,39.60085556974326,59.07753438666782,5.940128335461486,2.953876719333394
P2_rep5_a1,P2,1.0,106,1.2,1.05,34.929848585182505,63.646333801854844,6.985969717036499,3.182316690092745
P2_rep5_a1,P2,1.0,107,1.1,1.2,58.90517307371448,39.48531832650961,5.890517307371453,7.897063665301921
P2_rep5_a1,P2,1.0,108,1.05,1.2,63.646333801854844,34.929848585182505,3.182316690092745,6.985969717036499
P2_rep5_a1,P2,1.0,109,1.1,1.2,58.90517307371448,39.48531832650961,5.890517307371453,7.897063665301921
P2_rep5_a1,P2,1.0,110,1.05,1.25,67.94864302524296,30.5312933837033,3.397432151262151,7.632823345925825
P2_rep5_a1,P2,1.0,111,1.05,1.25,67.94864302524296,30.5312933837033,3.397432151262151,7.632823345925825
P2_rep5_a1,P2,1.0,112,1.15,1.3,63.20373782946754,34.68694676544798,9.480560674420126,10.406084029634394
P2_rep5_a1,P2,1.0,113,1.1,1.1,49.32611348289486,49.32611348289486,4.93261134828949,4.93261134828949
P2_rep5_a1,P2,1.0,114,1.1,1.1,49.32611348289486,49.32611348289486,4.93261134828949,4.93261134828949
P2_rep5_a1,P2,1.0,115,1.2,1.05,34.929848585182505,63.646333801854844,6.985969717036499,3.182316690092745
P2_rep5_a1,P2,1.0,116,1.15,1.1,44.35030298036147,54.169582385452664,6.652545447054217,5.416958238545271
P2_rep5_a1,P2,1.0,117,1.1,1.2,58.90517307371448,39.48531832650961,5.890517307371453,7.897063665301921
P2_rep5_a1,P2,1.0,118,1.05,1.2,63.646333801854844,34.929848585182505,3.182316690092745,6.985969717036499
P2_rep5_a1,P2,1.0,119,1.05,1.2,63.646333801854844,34.929848585182505,3.182316690092745,6.985969717036499
P2_rep5_a1,P2,1.0,120,1.05,1.2,63.646333801854844,34.929848585182505,3.182316690092745,6.985969717036499
P2_rep5_a1,P2,1.0,121,1.1,1.0,39.69595407819774,59.21940469028911,3.969595407819777,0.0
P2_rep5_a1,P2,1.0,122,1.1,1.2,58.90517307371448,39.48531832650961,5.890517307371453,7.897063665301921
P2_rep5_a1,P2,1.0,123,1.05,1.2,63.646333801854844,34.929848585182505,3.182316690092745,6.985969717036499
P2_rep5_a1,P2,1.0,124,1.05,1.2,63.646333801854844,34.929848585182505,3.182316690092745,6.985969717036499
P2_rep5_a1,P2,1.0,125,1.15,1.2,53.99264768938503,44.205441103404354,8.09889715340775,8.841088220680868
P2_rep5_a1,P2,1.0,126,1.1,1.2,58.90517307371448,39.48531832650961,5.890517307371453,7.897063665301921
P2_rep5_a1,P2,1.0,127,1.15,1.2,53.99264768938503,44.205441103404354,8.09889715340775,8.841088220680868
P2_rep5_a1,P2,1.0,128,1.2,1.2,49.00129951694268,49.00129951694268,9.800259903388534,9.800259903388534
P2_rep5_a1,P2,1.0,129,1.15,1.2,53.99264768938503,44.205441103404354,8.09889715340775,8.841088220680868
P2_rep5_a1,P2,1.0,130,1.3,1.25,43.81712305234819,53.51835495078164,13.145136915704457,13.37958873769541
P2_rep5_a1,P2,1.0,131,1.3,1.25,43.81712305234819,53.51835495078164,13.145136915704457,13.37958873769541
P2_rep5_a1,P2,1.0,132,1.25,1.25,48.78555511603684,48.78555511603684,12.19638877900921,12.19638877900921
P2_rep5_a1,P2,1.0,133,1.3,1.25,43.81712305234819,53.51835495078164,13.145136915704457,13.37958873769541
P2_rep5_a1,P2,1.0,134,1.3,1.25,43.81712305234819,53.51835495078164,13.145136915704457,13.37958873769541
P2_rep5_a1,P2,1.0,135,1.3,1.25,43.81712305234819,53.51835495078164,13.145136915704457,13.37958873769541
P2_rep5_a1,P2,1.0,136,1.3,1.2,39.17520890828904,58.44254418464191,11.752562672486713,11.68850883692838
P2_rep5_a1,P2,1.0,137,1.3,1.2,39.17520890828904,58.44254418464191,11.752562672486713,11.68850883692838
P2_rep5_a1,P2,1.0,138,1.3,1.2,39.17520890828904,58.44254418464191,11.752562672486713,11.68850883692838
P2_rep5_a1,P2,1.0,139,1.25,1.2,44.0297851073373,53.77810097130135,11.007446276834324,10.755620194260267
P2_rep5_a1,P2,1.0,140,1.25,1.2,44.0297851073373,53.77810097130135,11.007446276834324,10.755620194260267
P2_rep5_a1,P2,1.0,141,1.3,1.25,43.81712305234819,53.51835495078164,13.145136915704457,13.37958873769541
P2_rep5_a1,P2,1.0,142,1.3,1.3,48.52460778098702,48.52460778098702,14.557382334296108,14.557382334296108
P2_rep5_a1,P2,1.0,143,1.3,1.3,48.52460778098702,48.52460778098702,14.557382334296108,14.557382334296108
P2_rep5_a1,P2,1.0,144,1.3,1.25,43.81712305234819,53.51835495078164,13.145136915704457,13.37958873769541
P2_rep5_a1,P2,1.0,145,1.25,1.25,48.78555511603684,48.78555511603684,12.19638877900921,12.19638877900921
P2_rep5_a1,P2,1.0,146,1.25,1.2,44.0297851073373,53.77810097130135,11.007446276834324,10.755620194260267
P2_rep5_a1,P2,1.0,147,1.05,1.2,63.646333801854844,34.929848585182505,3.182316690092745,6.985969717036499
P2_rep5_a1,P2,1.0,148,1.1,1.15,54.169582385452664,44.35030298036147,5.416958238545271,6.652545447054217
P2_rep5_a1,P2,1.0,149,1.25,1.15,39.34511215968324,58.69601005128134,9.83627803992081,8.804401507692196
P2_rep5_a1,P2,1.0,150,1.15,1.15,49.17936193877041,49.17936193877041,7.376904290815557,7.376904290815557
P2_rep5_a1,P2,1.0,151,1.2,1.15,44.205441103404354,53.99264768938503,8.841088220680868,8.09889715340775
P2_rep5_a1,P2,1.0,152,1.2,1.1,39.48531832650961,58.90517307371448,7.897063665301921,5.890517307371453
P2_rep5_a1,P2,1.0,153,1.3,1.05,26.46138354982125,71.9294980593642,7.938415064946376,3.5964749029682137
P2_rep5_a1,P2,1.0,154,1.25,1.05,30.5312933837033,67.94864302524296,7.632823345925825,3.397432151262151
P2_rep5_a1,P2,1.0,155,1.25,1.0,26.538792877224193,72.13991842739686,6.634698219306048,0.0
P2_rep5_a1,P2,1.0,156,1.25,1.2,44.0297851073373,53.77810097130135,11.007446276834324,10.755620194260267
P2_rep5_a1,P2,1.0,157,1.1,1.2,58.90517307371448,39.48531832650961,5.890517307371453,7.897063665301921
P2_rep5_a1,P2,1.0,158,1.1,1.25,63.44632740968894,34.820082749868675,6.344632740968899,8.705020687467169
P2_rep5_a1,P2,1.0,159,1.1,1.25,63.44632740968894,34.820082749868675,6.344632740968899,8.705020687467169
P2_rep5_a1,P2,1.0,160,1.25,1.2,44.0297851073373,53.77810097130135,11.007446276834324,10.755620194260267
P2_rep5_a1,P2,1.0,161,1.25,1.15,39.34511215968324,58.69601005128134,9.83627803992081,8.804401507692196
P2_rep5_a1,P2,1.0,162,1.15,1.2,53.99264768938503,44.205441103404354,8.09889715340775,8.841088220680868
P2_rep5_a1,P2,1.0,163,1.25,1.15,39.34511215968324,58.69601005128134,9.83627803992081,8.804401507692196
P2_rep5_a1,P2,1.0,164,1.3,1.15,34.68694676544798,63.20373782946754,10.406084029634394,9.480560674420126
P2_rep5_a1,P2,1.0,165,1.25,1.1,34.820082749868675,63.44632740968894,8.705020687467169,6.344632740968899
P2_rep5_a1,P2,1.0,166,1.3,1.15,34.68694676544798,63.20373782946754,10.406084029634394,9.480560674420126
P2_rep5_a1,P2,1.0,167,1.3,1.15,34.68694676544798,63.20373782946754,10.406084029634394,9.480560674420126
P2_rep5_a1,P2,1.0,168,1.3,1.15,34.68694676544798,63.20373782946754,10.406084029634394,9.480560674420126
P2_rep5_a1,P2,1.0,169,1.2,1.15,44.205441103404354,53.99264768938503,8.841088220680868,8.09889715340775
P2_rep5_a1,P2,1.0,170,1.3,1.1,30.42888610202591,67.72073142849428,9.128665830607774,6.772073142849433
P2_rep5_a1,P2,1.0,171,1.25,1.05,30.5312933837033,67.94864302524296,7.632823345925825,3.397432151262151
P2_rep5_a1,P2,1.0,172,1.15,1.05,39.60085556974326,59.07753438666782,5.940128335461486,2.953876719333394
P2_rep5_a1,P2,1.0,173,1.05,1.05,49.446917148737434,49.446917148737434,2.4723458574368737,2.4723458574368737
P2_rep5_a1,P2,1.0,174,1.05,1.15,59.07753438666782,39.60085556974326,2.953876719333394,5.940128335461486
P2_rep5_a1,P2,1.0,175,1.25,1.15,39.34511215968324,58.69601005128134,9.83627803992081,8.804401507692196
P2_rep5_a1,P2,1.0,176,1.25,1.2,44.0297851073373,53.77810097130135,11.007446276834324,10.755620194260267
P2_rep5_a1,P2,1.0,177,1.15,1.15,49.17936193877041,49.17936193877041,7.376904290815557,7.376904290815557
P2_rep5_a1,P2,1.0,178,1.25,1.1,34.820082749868675,63.44632740968894,8.705020687467169,6.344632740968899
P2_rep5_a1,P2,1.0,179,1.15,1.05,39.60085556974326,59.07753438666782,5.940128335461486,2.953876719333394
P2_rep5_a1,P2,1.0,180,1.15,1.2,53.99264768938503,44.205441103404354,8.09889715340775,8.841088220680868
P2_rep5_a1,P2,1.0,181,1.15,1.2,53.99264768938503,44.205441103404354,8.09889715340775,8.841088220680868
P2_rep5_a1,P2,1.0,182,1.15,1.2,53.99264768938503,44.205441103404354,8.09889715340775,8.841088220680868
P2_rep5_a1,P2,1.0,183,1.2,1.25,53.77810097130135,44.0297851073373,10.755620194260267,11.007446276834324
P2_rep5_a1,P2,1.0,184,1.15,1.2,53.99264768938503,44.205441103404354,8.09889715340775,8.841088220680868
P2_rep5_a1,P2,1.0,185,1.25,1.15,39.34511215968324,58.69601005128134,9.83627803992081,8.804401507692196
P2_rep5_a1,P2,1.0,186,1.15,1.15,49.17936193877041,49.17936193877041,7.376904290815557,7.376904290815557
P2_rep5_a1,P2,1.0,187,1.25,1.15,39.34511215968324,58.69601005128134,9.83627803992081,8.804401507692196
P2_rep5_a1,P2,1.0,188,1.25,1.05,30.5312933837033,67.94864302524296,7.632823345925825,3.397432151262151
P2_rep5_a1,P2,1.0,189,1.3,1.15,34.68694676544798,63.20373782946754,10.406084029634394,9.480560674420126
P2_rep5_a1,P2,1.0,190,1.25,1.05,30.5312933837033,67.94864302524296,7.632823345925825,3.397432151262151
P2_rep5_a1,P2,1.0,191,1.2,1.2,49.00129951694268,49.00129951694268,9.800259903388534,9.800259903388534
P2_rep5_a1,P2,1.0,192,1.25,1.15,39.34511215968324,58.69601005128134,9.83627803992081,8.804401507692196
P2_rep5_a1,P2,1.0,193,1.25,1.1,34.820082749868675,63.44632740968894,8.705020687467169,6.344632740968899
P2_rep5_a1,P2,1.0,194,1.3,1.15,34.68694676544798,63.20373782946754,10.406084029634394,9.480560674420126
P2_rep5_a1,P2,1.0,195,1.3,1.2,39.17520890828904,58.44254418464191,11.752562672486713,11.68850883692838
P2_rep5_a1,P2,1.0,196,1.3,1.2,39.17520890828904,58.44254418464191,11.752562672486713,11.68850883692838
P2_rep5_a1,P2,1.0,197,1.25,1.15,39.34511215968324,58.69601005128134,9.83627803992081,8.804401507692196
P2_rep5_a1,P2,1.0,198,1.3,1.2,39.17520890828904,58.44254418464191,11.752562672486713,11.68850883692838
P2_rep5_a1,P2,1.0,199,1.25,1.15,39.34511215968324,58.69601005128134,9.83627803992081,8.804401507692196
P2_rep5_a1,P2,1.0,200,1.25,1.15,39.34511215968324,58.69601005128134,9.83627803992081,8.804401507692196
P2_rep5_a1,P2,1.0,201,1.3,1.15,34.68694676544798,63.20373782946754,10.406084029634394,9.480560674420126
P2_rep5_a1,P2,1.0,202,1.2,1.15,44.205441103404354,53.99264768938503,8.841088220680868,8.09889715340775
P2_rep5_a1,P2,1.0,203,1.2,1.15,44.205441103404354,53.99264768938503,8.841088220680868,8.09889715340775
P2_rep5_a1,P2,1.0,204,1.25,1.15,39.34511215968324,58.69601005128134,9.83627803992081,8.804401507692196
P2_rep5_a1,P2,1.0,205,1.25,1.15,39.34511215968324,58.69601005128134,9.83627803992081,8.804401507692196
P2_rep5_a1,P2,1.0,206,1.25,1.15,39.34511215968324,58.69601005128134,9.83627803992081,8.804401507692196
P2_rep5_a1,P2,1.0,207,1.2,1.15,44.205441103404354,53.99264768938503,8.841088220680868,8.09889715340775
P2_rep5_a1,P2,1.0,208,1.3,1.15,34.68694676544798,63.20373782946754,10.406084029634394,9.480560674420126
P2_rep5_a1,P2,1.0,209,1.3,1.05,26.46138354982125,71.9294980593642,7.938415064946376,3.5964749029682137
P2_rep5_a1,P2,1.0,210,1.2,1.2,49.00129951694268,49.00129951694268,9.800259903388534,9.800259903388534
P2_rep5_a1,P2,1.0,211,1.3,1.1,30.42888610202591,67.72073142849428,9.128665830607774,6.772073142849433
P2_rep5_a1,P2,1.0,212,1.3,1.15,34.68694676544798,63.20373782946754,10.406084029634394,9.480560674420126
P2_rep5_a1,P2,1.0,213,1.25,1.15,39.34511215968324,58.69601005128134,9.83627803992081,8.804401507692196
P2_rep5_a1,P2,1.0,214,1.2,1.2,49.00129951694268,49.00129951694268,9.800259903388534,9.800259903388534
P2_rep5_a1,P2,1.0,215,1.25,1.15,39.34511215968324,58.69601005128134,9.83627803992081,8.804401507692196
P2_rep5_a1,P2,1.0,216,1.2,1.1,39.48531832650961,58.90517307371448,7.897063665301921,5.890517307371453
P2_rep5_a1,P2,1.0,217,1.25,1.25,48.78555511603684,48.78555511603684,12.19638877900921,12.19638877900921
P2_rep5_a1,P2,1.0,218,1.25,1.2,44.0297851073373,53.77810097130135,11.007446276834324,10.755620194260267
P2_rep5_a1,P2,1.0,219,1.25,1.1,34.820082749868675,63.44632740968894,8.705020687467169,6.344632740968899
P2_rep5_a1,P2,1.0,220,1.25,1.2,44.0297851073373,53.77810097130135,11.007446276834324,10.755620194260267
P2_rep5_a1,P2,1.0,221,1.25,1.15,39.34511215968324,58.69601005128134,9.83627803992081,8.804401507692196
P2_rep5_a1,P2,1.0,222,1.2,1.1,39.48531832650961,58.90517307371448,7.897063665301921,5.890517307371453
P2_rep5_a1,P2,1.0,223,1.15,1.15,49.17936193877041,49.17936193877041,7.376904290815557,7.376904290815557
P2_rep5_a1,P2,1.0,224,1.15,1.2,53.99264768938503,44.205441103404354,8.09889715340775,8.841088220680868
P2_rep5_a1,P2,1.0,225,1.15,1.25,58.69601005128134,39.34511215968324,8.804401507692196,9.83627803992081
P2_rep5_a1,P2,1.0,226,1.1,1.2,58.90517307371448,39.48531832650961,5.890517307371453,7.897063665301921
P2_rep5_a1,P2,1.0,227,1.1,1.25,63.44632740968894,34.820082749868675,6.344632740968899,8.705020687467169
P2_rep5_a1,P2,1.0,228,1.1,1.1,49.32611348289486,49.32611348289486,4.93261134828949,4.93261134828949
P2_rep5_a1,P2,1.0,229,1.1,1.15,54.169582385452664,44.35030298036147,5.416958238545271,6.652545447054217
P2_rep5_a1,P2,1.0,230,1.1,1.15,54.169582385452664,44.35030298036147,5.416958238545271,6.652545447054217
P2_rep5_a1,P2,1.0,231,1.05,1.1,54.31530996291843,44.46961462960421,2.715765498145924,4.446961462960425
P2_rep5_a1,P2,1.0,232,1.1,1.05,44.46961462960421,54.31530996291843,4.446961462960425,2.715765498145924
P2_rep5_a1,P2,1.0,233,1.1,1.05,44.46961462960421,54.31530996291843,4.446961462960425,2.715765498145924
P2_rep5_a1,P2,1.0,234,1.1,1.15,54.169582385452664,44.35030298036147,5.416958238545271,6.652545447054217
P2_rep5_a1,P2,1.0,235,1.15,1.1,44.35030298036147,54.169582385452664,6.652545447054217,5.416958238545271
P2_rep5_a1,P2,1.0,236,1.15,1.1,44.35030298036147,54.169582385452664,6.652545447054217,5.416958238545271
P2_rep5_a1,P2,1.0,237,1.1,1.1,49.32611348289486,49.32611348289486,4.93261134828949,4.93261134828949
P2_rep5_a1,P2,1.0,238,1.1,1.1,49.32611348289486,49.32611348289486,4.93261134828949,4.93261134828949
P2_rep5_a1,P2,1.0,239,1.2,1.1,39.48531832650961,58.90517307371448,7.897063665301921,5.890517307371453
P2_rep5_a1,P2,1.0,240,1.0,1.15,63.81102645354702,35.020233828810355,0.0,5.25303507432155
P2_rep5_a1,P2,1.0,241,1.0,1.15,63.81102645354702,35.020233828810355,0.0,5.25303507432155
P2_rep5_a1,P2,1.0,242,1.1,1.2,58.90517307371448,39.48531832650961,5.890517307371453,7.897063665301921
P2_rep5_a1,P2,1.0,243,1.2,1.15,44.205441103404354,53.99264768938503,8.841088220680868,8.09889715340775
P2_rep5_a1,P2,1.0,244,1.2,1.1,39.48531832650961,58.90517307371448,7.897063665301921,5.890517307371453
P2_rep5_a1,P2,1.0,245,1.15,1.15,49.17936193877041,49.17936193877041,7.376904290815557,7.376904290815557
P2_rep5_a1,P2,1.0,246,1.15,1.1,44.35030298036147,54.169582385452664,6.652545447054217,5.416958238545271
P2_rep5_a1,P2,1.0,247,1.1,1.15,54.169582385452664,44.35030298036147,5.416958238545271,6.652545447054217
P2_rep5_a1,P2,1.0,248,1.1,1.1,49.32611348289486,49.32611348289486,4.93261134828949,4.93261134828949
P2_rep5_a1,P2,1.0,249,1.2,1.15,44.205441103404354,53.99264768938503,8.841088220680868,8.09889715340775
P2_rep5_a1,P2,1.0,250,1.15,1.1,44.35030298036147,54.169582385452664,6.652545447054217,5.416958238545271
P2_rep5_a1,P2,1.0,251,1.15,1.1,44.35030298036147,54.169582385452664,6.652545447054217,5.416958238545271
P2_rep5_a1,P2,1.0,252,1.15,1.15,49.17936193877041,49.17936193877041,7.376904290815557,7.376904290815557
P2_rep5_a1,P2,1.0,253,1.15,1.2,53.99264768938503,44.205441103404354,8.09889715340775,8.841088220680868
P2_rep5_a1,P2,1.0,254,1.15,1.2,53.99264768938503,44.205441103404354,8.09889715340775,8.841088220680868
P2_rep5_a1,P2,1.0,255,1.2,1.2,49.00129951694268,49.00129951694268,9.800259903388534,9.800259903388534
P2_rep5_a1,P2,1.0,256,1.15,1.2,53.99264768938503,44.205441103404354,8.09889715340775,8.841088220680868
P2_rep5_a1,P2,1.0,257,1.2,1.2,49.00129951694268,49.00129951694268,9.800259903388534,9.800259903388534
P2_rep5_a1,P2,1.0,258,1.15,1.2,53.99264768938503,44.205441103404354,8.09889715340775,8.841088220680868
P2_rep5_a1,P2,1.0,259,1.2,1.15,44.205441103404354,53.99264768938503,8.841088220680868,8.09889715340775
P2_rep5_a1,P2,1.0,260,1.15,1.1,44.35030298036147,54.169582385452664,6.652545447054217,5.416958238545271
P2_rep5_a1,P2,1.0,261,1.2,1.1,39.48531832650961,58.90517307371448,7.897063665301921,5.890517307371453
P2_rep5_a1,P2,1.0,262,1.2,1.15,44.205441103404354,53.99264768938503,8.841088220680868,8.09889715340775
P2_rep5_a1,P2,1.0,263,1.2,1.1,39.48531832650961,58.90517307371448,7.897063665301921,5.890517307371453
P2_rep5_a1,P2,1.0,264,1.2,1.15,44.205441103404354,53.99264768938503,8.841088220680868,8.09889715340775
P2_rep5_a1,P2,1.0,265,1.2,1.15,44.205441103404354,53.99264768938503,8.841088220680868,8.09889715340775
P2_rep5_a1,P2,1.0,266,1.2,1.2,49.00129951694268,49.00129951694268,9.800259903388534,9.800259903388534
P2_rep5_a1,P2,1.0,267,1.25,1.1,34.820082749868675,63.44632740968894,8.705020687467169,6.344632740968899
P2_rep5_a1,P2,1.0,268,1.1,1.25,63.44632740968894,34.820082749868675,6.344632740968899,8.705020687467169
P2_rep5_a1,P2,1.0,269,1.1,1.2,58.90517307371448,39.48531832650961,5.890517307371453,7.897063665301921
P2_rep5_a1,P2,1.0,270,1.15,1.2,53.99264768938503,44.205441103404354,8.09889715340775,8.841088220680868
P2_rep5_a1,P2,1.0,271,1.2,1.15,44.205441103404354,53.99264768938503,8.841088220680868,8.09889715340775
P2_rep5_a1,P2,1.0,272,1.1,1.1,49.32611348289486,49.32611348289486,4.93261134828949,4.93261134828949
P2_rep5_a1,P2,1.0,273,1.2,1.1,39.48531832650961,58.90517307371448,7.897063665301921,5.890517307371453
P2_rep5_a1,P2,1.0,274,1.15,1.1,44.35030298036147,54.169582385452664,6.652545447054217,5.416958238545271
P2_rep5_a1,P2,1.0,275,1.2,1.15,44.205441103404354,53.99264768938503,8.841088220680868,8.09889715340775
P2_rep5_a1,P2,1.0,276,1.2,1.05,34.929848585182505,63.646333801854844,6.985969717036499,3.182316690092745
P2_rep5_a1,P2,1.0,277,1.1,1.1,49.32611348289486,49.32611348289486,4.93261134828949,4.93261134828949
P2_rep5_a1,P2,1.0,278,1.15,1.1,44.35030298036147,54.169582385452664,6.652545447054217,5.416958238545271
P2_rep5_a1,P2,1.0,279,1.1,1.1,49.32611348289486,49.32611348289486,4.93261134828949,4.93261134828949
P2_rep5_a1,P2,1.0,280,1.1,1.15,54.169582385452664,44.35030298036147,5.416958238545271,6.652545447054217
P2_rep5_a1,P2,1.0,281,1.1,1.2,58.90517307371448,39.48531832650961,5.890517307371453,7.897063665301921
P2_rep5_a1,P2,1.0,282,1.1,1.19,57.97101286222818,40.44500327233587,5.797101286222823,7.684550621743813
P2_rep5_a1,P2,1.0,283,1.05,1.19,62.75179803323828,35.844395809395955,3.137589901661917,6.81043520378523
P2_rep5_a1,P2,1.0,284,1.1,1.1,49.32611348289486,49.32611348289486,4.93261134828949,4.93261134828949
P2_rep5_a1,P2,1.0,285,1.1,1.2,58.90517307371448,39.48531832650961,5.890517307371453,7.897063665301921
P2_rep5_a1,P2,1.0,286,1.15,1.1,44.35030298036147,54.169582385452664,6.652545447054217,5.416958238545271
P2_rep5_a1,P2,1.0,287,1.2,1.19,48.04059288273335,50.001166670939035,9.608118576546667,9.500221667478414
P2_rep5_a1,P2,1.0,288,1.05,1.19,62.75179803323828,35.844395809395955,3.137589901661917,6.81043520378523
P2_rep5_a1,P2,1.0,289,1.1,1.19,57.97101286222818,40.44500327233587,5.797101286222823,7.684550621743813
P2_rep5_a1,P2,1.0,290,1.1,1.19,57.97101286222818,40.44500327233587,5.797101286222823,7.684550621743813
P2_rep5_a1,P2,1.0,291,1.15,1.19,53.035850047907815,45.19417021086799,7.955377507186167,8.586892340064916
P2_rep5_a1,P2,1.0,292,1.1,1.1,49.32611348289486,49.32611348289486,4.93261134828949,4.93261134828949
P2_rep5_a1,P2,1.0,293,1.15,1.15,49.17936193877041,49.17936193877041,7.376904290815557,7.376904290815557
P2_rep5_a1,P2,1.0,294,1.05,1.19,62.75179803323828,35.844395809395955,3.137589901661917,6.81043520378523
P2_rep5_a1,P2,1.0,295,1.1,1.19,57.97101286222818,40.44500327233587,5.797101286222823,7.684550621743813
P2_rep5_a1,P2,1.0,296,1.05,1.19,62.75179803323828,35.844395809395955,3.137589901661917,6.81043520378523
P2_rep5_a1,P2,1.0,297,1.1,1.19,57.97101286222818,40.44500327233587,5.797101286222823,7.684550621743813
P2_rep5_a1,P2,1.0,298,1.05,1.19,62.75179803323828,35.844395809395955,3.137589901661917,6.81043520378523
P2_rep5_a1,P2,1.0,299,1.1,1.19,57.97101286222818,40.44500327233587,5.797101286222823,7.684550621743813
P2_rep5_a1,P2,1.0,300,1.05,1.2,63.646333801854844,34.929848585182505,3.182316690092745,6.985969717036499
P2_rep6_a1,P2,1.0,1,1.49,2.0,79.36146263919755,10.319268680401219,38.8871166932068,10.319268680401219
P2_rep6_a1,P2,1.0,2,1.49,1.75,67.40891100152258,23.82599519923088,33.03036639074607,17.869496399423163
P2_rep6_a1,P2,1.0,3,2.0,1.49,10.319268680401219,79.36146263919755,10.319268680401219,38.8871166932068
P2_rep6_a1,P2,1.0,4,1.49,1.49,46.94772398572971,46.94772398572971,23.004384753007557,23.004384753007557
P2_rep6_a1,P2,1.0,5,1.49,1.49,46.94772398572971,46.94772398572971,23.004384753007557,23.004384753007557
P2_rep6_a1,P2,1.0,6,1.49,1.49,46.94772398572971,46.94772398572971,23.004384753007557,23.004384753007557
P2_rep6_a1,P2,1.0,7,1.49,1.39,38.14095771908933,56.89962271702893,18.68906928235377,22.19085285964128
P2_rep6_a1,P2,1.0,8,1.69,1.29,16.019436979235017,79.34479077870515,11.053411515672162,23.009989325824495
P2_rep6_a1,P2,1.0,9,1.49,1.29,29.801199422804455,66.3237890336174,14.602587717174183,19.233898819749047
P2_rep6_a1,P2,1.0,10,1.29,1.29,48.58081671515874,48.58081671515874,14.088436847396036,14.088436847396036
P2_rep6_a1,P2,1.0,11,1.29,1.25,44.80414131145945,52.57814689445093,12.993200980323243,13.144536723612733
P2_rep6_a1,P2,1.0,12,1.29,1.2,40.132355214837915,57.52288520501127,11.638383012302997,11.504577041002252
P2_rep6_a1,P2,1.0,13,1.19,1.29,58.49718595989125,39.211836385589635,11.114465332379334,11.371432551820995
P2_rep6_a1,P2,1.0,14,1.29,1.29,48.58081671515874,48.58081671515874,14.088436847396036,14.088436847396036
P2_rep6_a1,P2,1.0,15,1.19,1.25,54.77075885697735,43.08420488865607,10.406444182825695,10.771051222164017
P2_rep6_a1,P2,1.0,16,1.19,1.19,49.039707029113366,49.039707029113366,9.317544335531537,9.317544335531537
P2_rep6_a1,P2,1.0,17,1.09,1.19,58.94237144807111,39.510253142520796,5.304813430326404,7.506948097078949
P2_rep6_a1,P2,1.0,18,1.09,1.15,55.16084279723354,43.39105578421625,4.964475851751023,6.508658367632433
P2_rep6_a1,P2,1.0,19,1.09,1.19,58.94237144807111,39.510253142520796,5.304813430326404,7.506948097078949
P2_rep6_a1,P2,1.0,20,1.19,1.15,45.19417021086799,53.035850047907815,8.586892340064916,7.955377507186167
P2_rep6_a1,P2,1.0,21,1.19,1.19,49.039707029113366,49.039707029113366,9.317544335531537,9.317544335531537
P2_rep6_a1,P2,1.0,22,1.19,1.39,67.1820488629396,30.186840422857223,12.76458928395852,11.772867764914315
P2_rep6_a1,P2,1.0,23,1.19,1.25,54.77075885697735,43.08420488865607,10.406444182825695,10.771051222164017
P2_rep6_a1,P2,1.0,24,1.19,1.2,50.001166670939035,48.04059288273335,9.500221667478414,9.608118576546667
P2_rep6_a1,P2,1.0,25,1.09,1.15,55.16084279723354,43.39105578421625,4.964475851751023,6.508658367632433
P2_rep6_a1,P2,1.0,26,1.09,1.1,50.32606805231985,48.35275469873004,4.52934612470879,4.835275469873008
P2_rep6_a1,P2,1.0,27,1.09,1.1,50.32606805231985,48.35275469873004,4.52934612470879,4.835275469873008
P2_rep6_a1,P2,1.0,28,1.05,1.1,54.31530996291843,44.46961462960421,2.715765498145924,4.446961462960425
P2_rep6_a1,P2,1.0,29,1.05,1.05,49.446917148737434,49.446917148737434,2.4723458574368737,2.4723458574368737
P2_rep6_a1,P2,1.0,30,1.15,1.1,44.35030298036147,54.169582385452664,6.652545447054217,5.416958238545271
P2_rep6_a1,P2,1.0,31,1.19,1.29,58.49718595989125,39.211836385589635,11.114465332379334,11.371432551820995
P2_rep6_a1,P2,1.0,32,1.09,1.29,67.7699015650456,30.450979668548023,6.09929114085411,8.830784103878928
P2_rep6_a1,P2,1.0,33,1.05,1.19,62.75179803323828,35.844395809395955,3.137589901661917,6.81043520378523
P2_rep6_a1,P2,1.0,34,1.05,1.15,59.07753438666782,39.60085556974326,2.953876719333394,5.940128335461486
P2_rep6_a1,P2,1.0,35,1.05,1.15,59.07753438666782,39.60085556974326,2.953876719333394,5.940128335461486
P2_rep6_a1,P2,1.0,36,1.09,1.15,55.16084279723354,43.39105578421625,4.964475851751023,6.508658367632433
P2_rep6_a1,P2,1.0,37,1.05,1.19,62.75179803323828,35.844395809395955,3.137589901661917,6.81043520378523
P2_rep6_a1,P2,1.0,38,1.05,1.29,71.16102337288685,27.247049608187048,3.5580511686443455,7.901644386374245
P2_rep6_a1,P2,1.0,39,1.19,1.29,58.49718595989125,39.211836385589635,11.114465332379334,11.371432551820995
P2_rep6_a1,P2,1.0,40,1.19,1.29,58.49718595989125,39.211836385589635,11.114465332379334,11.371432551820995
P2_rep6_a1,P2,1.0,41,1.19,1.2,50.001166670939035,48.04059288273335,9.500221667478414,9.608118576546667
P2_rep6_a1,P2,1.0,42,1.19,1.39,67.1820488629396,30.186840422857223,12.76458928395852,11.772867764914315
P2_rep6_a1,P2,1.0,43,1.19,1.39,67.1820488629396,30.186840422857223,12.76458928395852,11.772867764914315
P2_rep6_a1,P2,1.0,44,1.19,1.25,54.77075885697735,43.08420488865607,10.406444182825695,10.771051222164017
P2_rep6_a1,P2,1.0,45,1.15,1.29,62.32151376277999,35.598613534078574,9.348227064416994,10.323597924882788
P2_rep6_a1,P2,1.0,46,1.15,1.2,53.99264768938503,44.205441103404354,8.09889715340775,8.841088220680868
P2_rep6_a1,P2,1.0,47,1.09,1.25,64.36892071554234,33.94124423713314,5.7932028643988165,8.485311059283285
P2_rep6_a1,P2,1.0,48,1.05,1.25,67.94864302524296,30.5312933837033,3.397432151262151,7.632823345925825
P2_rep6_a1,P2,1.0,49,1.05,1.2,63.646333801854844,34.929848585182505,3.182316690092745,6.985969717036499
P2_rep6_a1,P2,1.0,50,1.19,1.19,49.039707029113366,49.039707029113366,9.317544335531537,9.317544335531537
P2_rep6_a1,P2,1.0,51,1.17,1.29,60.42528925064838,37.39016543338334,10.272299172610222,10.84314797568117
P2_rep6_a1,P2,1.0,52,1.17,1.19,51.03943915194876,47.115340591569954,8.676704655831285,8.951914712398288
P2_rep6_a1,P2,1.0,53,1.17,1.29,60.42528925064838,37.39016543338334,10.272299172610222,10.84314797568117
P2_rep6_a1,P2,1.0,54,1.17,1.25,56.743967517051345,41.20457737224761,9.646474477898725,10.301144343061903
P2_rep6_a1,P2,1.0,55,1.17,1.25,56.743967517051345,41.20457737224761,9.646474477898725,10.301144343061903
P2_rep6_a1,P2,1.0,56,1.17,1.1,42.38576511823924,56.08186944667453,7.205580070100668,5.608186944667458
P2_rep6_a1,P2,1.0,57,1.15,1.2,53.99264768938503,44.205441103404354,8.09889715340775,8.841088220680868
P2_rep6_a1,P2,1.0,58,1.17,1.1,42.38576511823924,56.08186944667453,7.205580070100668,5.608186944667458
P2_rep6_a1,P2,1.0,59,1.05,1.15,59.07753438666782,39.60085556974326,2.953876719333394,5.940128335461486
P2_rep6_a1,P2,1.0,60,1.09,1.1,50.32606805231985,48.35275469873004,4.52934612470879,4.835275469873008
P2_rep6_a1,P2,1.0,61,1.05,1.15,59.07753438666782,39.60085556974326,2.953876719333394,5.940128335461486
P2_rep6_a1,P2,1.0,62,1.05,1.29,71.16102337288685,27.247049608187048,3.5580511686443455,7.901644386374245
P2_rep6_a1,P2,1.0,63,1.15,1.25,58.69601005128134,39.34511215968324,8.804401507692196,9.83627803992081
P2_rep6_a1,P2,1.0,64,1.05,1.29,71.16102337288685,27.247049608187048,3.5580511686443455,7.901644386374245
P2_rep6_a1,P2,1.0,65,1.09,1.25,64.36892071554234,33.94124423713314,5.7932028643988165,8.485311059283285
P2_rep6_a1,P2,1.0,66,1.0,1.2,68.1363865578799,30.615651990742766,0.0,6.123130398148552
P2_rep6_a1,P2,1.0,67,1.0,1.2,68.1363865578799,30.615651990742766,0.0,6.123130398148552
P2_rep6_a1,P2,1.0,68,1.19,1.2,50.001166670939035,48.04059288273335,9.500221667478414,9.608118576546667
P2_rep6_a1,P2,1.0,69,1.09,1.15,55.16084279723354,43.39105578421625,4.964475851751023,6.508658367632433
P2_rep6_a1,P2,1.0,70,1.09,1.29,67.7699015650456,30.450979668548023,6.09929114085411,8.830784103878928
P2_rep6_a1,P2,1.0,71,1.09,1.29,67.7699015650456,30.450979668548023,6.09929114085411,8.830784103878928
P2_rep6_a1,P2,1.0,72,1.09,1.39,75.33259968712356,22.6897429940606,6.7799339718411264,8.848999767683633
P2_rep6_a1,P2,1.0,73,1.15,1.39,70.60819718165928,27.035376392385295,10.591229577248885,10.543796793030262
P2_rep6_a1,P2,1.0,74,1.15,1.29,62.32151376277999,35.598613534078574,9.348227064416994,10.323597924882788
P2_rep6_a1,P2,1.0,75,1.15,1.25,58.69601005128134,39.34511215968324,8.804401507692196,9.83627803992081
P2_rep6_a1,P2,1.0,76,1.15,1.2,53.99264768938503,44.205441103404354,8.09889715340775,8.841088220680868
P2_rep6_a1,P2,1.0,77,1.05,1.15,59.07753438666782,39.60085556974326,2.953876719333394,5.940128335461486
P2_rep6_a1,P2,1.0,78,1.09,1.1,50.32606805231985,48.35275469873004,4.52934612470879,4.835275469873008
P2_rep6_a1,P2,1.0,79,1.09,1.05,45.45943823409743,53.347144956894084,4.091349441068773,2.6673572478447065
P2_rep6_a1,P2,1.0,80,1.09,1.05,45.45943823409743,53.347144956894084,4.091349441068773,2.6673572478447065
P2_rep6_a1,P2,1.0,81,1.15,1.15,49.17936193877041,49.17936193877041,7.376904290815557,7.376904290815557
P2_rep6_a1,P2,1.0,82,1.15,1.1,44.35030298036147,54.169582385452664,6.652545447054217,5.416958238545271
P2_rep6_a1,P2,1.0,83,1.15,1.05,39.60085556974326,59.07753438666782,5.940128335461486,2.953876719333394
P2_rep6_a1,P2,1.0,84,1.15,1.0,35.020233828810355,63.81102645354702,5.25303507432155,0.0
P2_rep6_a1,P2,1.0,85,1.15,1.05,39.60085556974326,59.07753438666782,5.940128335461486,2.953876719333394
P2_rep6_a1,P2,1.0,86,1.15,1.2,53.99264768938503,44.205441103404354,8.09889715340775,8.841088220680868
P2_rep6_a1,P2,1.0,87,1.05,1.29,71.16102337288685,27.247049608187048,3.5580511686443455,7.901644386374245
P2_rep6_a1,P2,1.0,88,1.19,1.1,40.44500327233587,57.97101286222818,7.684550621743813,5.797101286222823
P2_rep6_a1,P2,1.0,89,1.17,1.2,52.00009882072644,46.11995035541403,8.840016799523491,9.223990071082804
P2_rep6_a1,P2,1.0,90,1.15,1.1,44.35030298036147,54.169582385452664,6.652545447054217,5.416958238545271
P2_rep6_a1,P2,1.0,91,1.19,1.1,40.44500327233587,57.97101286222818,7.684550621743813,5.797101286222823
P2_rep6_a1,P2,1.0,92,1.0,1.0,49.54626425778431,49.54626425778431,0.0,0.0
P2_rep6_a1,P2,1.0,93,1.19,1.15,45.19417021086799,53.035850047907815,8.586892340064916,7.955377507186167
P2_rep6_a1,P2,1.0,94,1.05,1.1,54.31530996291843,44.46961462960421,2.715765498145924,4.446961462960425
P2_rep6_a1,P2,1.0,95,1.15,1.0,35.020233828810355,63.81102645354702,5.25303507432155,0.0
P2_rep6_a1,P2,1.0,96,1.15,1.1,44.35030298036147,54.169582385452664,6.652545447054217,5.416958238545271
P2_rep6_a1,P2,1.0,97,1.15,1.1,44.35030298036147,54.169582385452664,6.652545447054217,5.416958238545271
P2_rep6_a1,P2,1.0,98,1.15,1.2,53.99264768938503,44.205441103404354,8.09889715340775,8.841088220680868
P2_rep6_a1,P2,1.0,99,1.19,1.25,54.77075885697735,43.08420488865607,10.406444182825695,10.771051222164017
P2_rep6_a1,P2,1.0,100,1.15,1.29,62.32151376277999,35.598613534078574,9.348227064416994,10.323597924882788
P2_rep6_a1,P2,1.0,101,1.17,1.3,61.324359153339934,36.458591607764646,10.425141056067785,10.937577482329395
P2_rep6_a1,P2,1.0,102,1.17,1.25,56.743967517051345,41.20457737224761,9.646474477898725,10.301144343061903
P2_rep6_a1,P2,1.0,103,1.17,1.24,55.80554663320305,42.176924828424156,9.486942927644515,10.122461958821797
P2_rep6_a1,P2,1.0,104,1.05,1.19,62.75179803323828,35.844395809395955,3.137589901661917,6.81043520378523
P2_rep6_a1,P2,1.0,105,1.05,1.2,63.646333801854844,34.929848585182505,3.182316690092745,6.985969717036499
P2_rep6_a1,P2,1.0,106,1.1,1.1,49.32611348289486,49.32611348289486,4.93261134828949,4.93261134828949
P2_rep6_a1,P2,1.0,107,1.1,1.2,58.90517307371448,39.48531832650961,5.890517307371453,7.897063665301921
P2_rep6_a1,P2,1.0,108,1.19,1.15,45.19417021086799,53.035850047907815,8.586892340064916,7.955377507186167
P2_rep6_a1,P2,1.0,109,1.09,1.15,55.16084279723354,43.39105578421625,4.964475851751023,6.508658367632433
P2_rep6_a1,P2,1.0,110,1.05,1.15,59.07753438666782,39.60085556974326,2.953876719333394,5.940128335461486
P2_rep6_a1,P2,1.0,111,1.09,1.2,59.86988722700089,38.558387900328945,5.388289850430085,7.711677580065787
P2_rep6_a1,P2,1.0,112,1.05,1.2,63.646333801854844,34.929848585182505,3.182316690092745,6.985969717036499
P2_rep6_a1,P2,1.0,113,1.05,1.25,67.94864302524296,30.5312933837033,3.397432151262151,7.632823345925825
P2_rep6_a1,P2,1.0,114,1.0,1.2,68.1363865578799,30.615651990742766,0.0,6.123130398148552
P2_rep6_a1,P2,1.0,115,1.0,1.1,59.21940469028911,39.69595407819774,0.0,3.969595407819777
P2_rep6_a1,P2,1.0,116,1.05,1.2,63.646333801854844,34.929848585182505,3.182316690092745,6.985969717036499
P2_rep6_a1,P2,1.0,117,1.05,1.25,67.94864302524296,30.5312933837033,3.397432151262151,7.632823345925825
P2_rep6_a1,P2,1.0,118,1.05,1.2,63.646333801854844,34.929848585182505,3.182316690092745,6.985969717036499
P2_rep6_a1,P2,1.0,119,1.19,1.2,50.001166670939035,48.04059288273335,9.500221667478414,9.608118576546667
P2_rep6_a1,P2,1.0,120,1.2,1.15,44.205441103404354,53.99264768938503,8.841088220680868,8.09889715340775
P2_rep6_a1,P2,1.0,121,1.2,1.15,44.205441103404354,53.99264768938503,8.841088220680868,8.09889715340775
P2_rep6_a1,P2,1.0,122,1.2,1.15,44.205441103404354,53.99264768938503,8.841088220680868,8.09889715340775
P2_rep6_a1,P2,1.0,123,1.19,1.19,49.039707029113366,49.039707029113366,9.317544335531537,9.317544335531537
P2_rep6_a1,P2,1.0,124,1.2,1.1,39.48531832650961,58.90517307371448,7.897063665301921,5.890517307371453
P2_rep6_a1,P2,1.0,125,1.19,1.1,40.44500327233587,57.97101286222818,7.684550621743813,5.797101286222823
P2_rep6_a1,P2,1.0,126,1.17,1.2,52.00009882072644,46.11995035541403,8.840016799523491,9.223990071082804
P2_rep6_a1,P2,1.0,127,1.19,1.15,45.19417021086799,53.035850047907815,8.586892340064916,7.955377507186167
P2_rep6_a1,P2,1.0,128,1.19,1.1,40.44500327233587,57.97101286222818,7.684550621743813,5.797101286222823
P2_rep6_a1,P2,1.0,129,1.19,1.05,35.844395809395955,62.75179803323828,6.81043520378523,3.137589901661917
P2_rep6_a1,P2,1.0,130,1.19,1.1,40.44500327233587,57.97101286222818,7.684550621743813,5.797101286222823
P2_rep6_a1,P2,1.0,131,1.19,1.1,40.44500327233587,57.97101286222818,7.684550621743813,5.797101286222823
P2_rep6_a1,P2,1.0,132,1.19,1.1,40.44500327233587,57.97101286222818,7.684550621743813,5.797101286222823
P2_rep6_a1,P2,1.0,133,1.15,1.12,46.27765408165589,52.17790927554641,6.941648112248379,6.261349113065575
P2_rep6_a1,P2,1.0,134,1.1,1.12,51.27048074837032,47.32861886592195,5.127048074837036,5.67943426391064
P2_rep6_a1,P2,1.0,135,1.17,1.1,42.38576511823924,56.08186944667453,7.205580070100668,5.608186944667458
P2_rep6_a1,P2,1.0,136,1.15,1.15,49.17936193877041,49.17936193877041,7.376904290815557,7.376904290815557
P2_rep6_a1,P2,1.0,137,1.1,1.12,51.27048074837032,47.32861886592195,5.127048074837036,5.67943426391064
P2_rep6_a1,P2,1.0,138,1.1,1.12,51.27048074837032,47.32861886592195,5.127048074837036,5.67943426391064
P2_rep6_a1,P2,1.0,139,1.15,1.1,44.35030298036147,54.169582385452664,6.652545447054217,5.416958238545271
P2_rep6_a1,P2,1.0,140,1.19,1.12,42.33173871868823,56.010385506775336,8.04303035655076,6.7212462608130465
P2_rep6_a1,P2,1.0,141,1.2,1.1,39.48531832650961,58.90517307371448,7.897063665301921,5.890517307371453
P2_rep6_a1,P2,1.0,142,1.15,1.12,46.27765408165589,52.17790927554641,6.941648112248379,6.261349113065575
P2_rep6_a1,P2,1.0,143,1.05,1.12,56.238082377748825,42.5038283117503,2.8119041188874436,5.10045939741004
P2_rep6_a1,P2,1.0,144,1.05,1.12,56.238082377748825,42.5038283117503,2.8119041188874436,5.10045939741004
P2_rep6_a1,P2,1.0,145,1.1,1.12,51.27048074837032,47.32861886592195,5.127048074837036,5.67943426391064
P2_rep6_a1,P2,1.0,146,1.1,1.12,51.27048074837032,47.32861886592195,5.127048074837036,5.67943426391064
P2_rep6_a1,P2,1.0,147,1.1,1.05,44.46961462960421,54.31530996291843,4.446961462960425,2.715765498145924
P2_rep6_a1,P2,1.0,148,1.19,1.19,49.039707029113366,49.039707029113366,9.317544335531537,9.317544335531537
P2_rep6_a1,P2,1.0,149,1.17,1.15,47.18227680197059,51.111950283034936,8.020987056334997,7.6667925424552354
P2_rep6_a1,P2,1.0,150,1.2,1.12,41.35837499243892,56.95576648990552,8.271674998487782,6.834691978788668
P2_rep6_a1,P2,1.0,151,1.1,1.1,49.32611348289486,49.32611348289486,4.93261134828949,4.93261134828949
P2_rep6_a1,P2,1.0,152,1.1,1.05,44.46961462960421,54.31530996291843,4.446961462960425,2.715765498145924
P2_rep6_a1,P2,1.0,153,1.1,1.05,44.46961462960421,54.31530996291843,4.446961462960425,2.715765498145924
P2_rep6_a1,P2,1.0,154,1.19,1.15,45.19417021086799,53.035850047907815,8.586892340064916,7.955377507186167
P2_rep6_a1,P2,1.0,155,1.2,1.12,41.35837499243892,56.95576648990552,8.271674998487782,6.834691978788668
P2_rep6_a1,P2,1.0,156,1.19,1.12,42.33173871868823,56.010385506775336,8.04303035655076,6.7212462608130465
P2_rep6_a1,P2,1.0,157,1.2,1.12,41.35837499243892,56.95576648990552,8.271674998487782,6.834691978788668
P2_rep6_a1,P2,1.0,158,1.19,1.12,42.33173871868823,56.010385506775336,8.04303035655076,6.7212462608130465
P2_rep6_a1,P2,1.0,159,1.15,1.12,46.27765408165589,52.17790927554641,6.941648112248379,6.261349113065575
P2_rep6_a1,P2,1.0,160,1.1,1.15,54.169582385452664,44.35030298036147,5.416958238545271,6.652545447054217
P2_rep6_a1,P2,1.0,161,1.1,1.1,49.32611348289486,49.32611348289486,4.93261134828949,4.93261134828949
P2_rep6_a1,P2,1.0,162,1.1,1.12,51.27048074837032,47.32861886592195,5.127048074837036,5.67943426391064
P2_rep6_a1,P2,1.0,163,1.15,1.1,44.35030298036147,54.169582385452664,6.652545447054217,5.416958238545271
P2_rep6_a1,P2,1.0,164,1.15,1.1,44.35030298036147,54.169582385452664,6.652545447054217,5.416958238545271
P2_rep6_a1,P2,1.0,165,1.1,1.1,49.32611348289486,49.32611348289486,4.93261134828949,4.93261134828949
P2_rep6_a1,P2,1.0,166,1.1,1.12,51.27048074837032,47.32861886592195,5.127048074837036,5.67943426391064
P2_rep6_a1,P2,1.0,167,1.1,1.05,44.46961462960421,54.31530996291843,4.446961462960425,2.715765498145924
P2_rep6_a1,P2,1.0,168,1.1,1.1,49.32611348289486,49.32611348289486,4.93261134828949,4.93261134828949
P2_rep6_a1,P2,1.0,169,1.05,1.12,56.238082377748825,42.5038283117503,2.8119041188874436,5.10045939741004
P2_rep6_a1,P2,1.0,170,1.05,1.1,54.31530996291843,44.46961462960421,2.715765498145924,4.446961462960425
P2_rep6_a1,P2,1.0,171,1.15,1.1,44.35030298036147,54.169582385452664,6.652545447054217,5.416958238545271
P2_rep6_a1,P2,1.0,172,1.05,1.1,54.31530996291843,44.46961462960421,2.715765498145924,4.446961462960425
P2_rep6_a1,P2,1.0,173,1.1,1.05,44.46961462960421,54.31530996291843,4.446961462960425,2.715765498145924
P2_rep6_a1,P2,1.0,174,1.1,1.01,40.63961657009839,58.249957826375855,4.063961657009843,0.5824995782637591
P2_rep6_a1,P2,1.0,175,1.19,1.1,40.44500327233587,57.97101286222818,7.684550621743813,5.797101286222823
P2_rep6_a1,P2,1.0,176,1.19,1.12,42.33173871868823,56.010385506775336,8.04303035655076,6.7212462608130465
P2_rep6_a1,P2,1.0,177,1.19,1.1,40.44500327233587,57.97101286222818,7.684550621743813,5.797101286222823
P2_rep6_a1,P2,1.0,178,1.19,1.1,40.44500327233587,57.97101286222818,7.684550621743813,5.797101286222823
P2_rep6_a1,P2,1.0,179,1.17,1.12,44.29569772135705,54.10288737149462,7.530268612630696,6.49234648457936
P2_rep6_a1,P2,1.0,180,1.17,1.12,44.29569772135705,54.10288737149462,7.530268612630696,6.49234648457936
P2_rep6_a1,P2,1.0,181,1.1,1.0,39.69595407819774,59.21940469028911,3.969595407819777,0.0
P2_rep6_a1,P2,1.0,182,1.1,1.01,40.63961657009839,58.249957826375855,4.063961657009843,0.5824995782637591
P2_rep6_a1,P2,1.0,183,1.17,1.12,44.29569772135705,54.10288737149462,7.530268612630696,6.49234648457936
P2_rep6_a1,P2,1.0,184,1.1,1.1,49.32611348289486,49.32611348289486,4.93261134828949,4.93261134828949
P2_rep6_a1,P2,1.0,185,1.1,1.1,49.32611348289486,49.32611348289486,4.93261134828949,4.93261134828949
P2_rep6_a1,P2,1.0,186,1.1,1.1,49.32611348289486,49.32611348289486,4.93261134828949,4.93261134828949
P2_rep6_a1,P2,1.0,187,1.1,1.1,49.32611348289486,49.32611348289486,4.93261134828949,4.93261134828949
P2_rep6_a1,P2,1.0,188,1.05,1.1,54.31530996291843,44.46961462960421,2.715765498145924,4.446961462960425
P2_rep6_a1,P2,1.0,189,1.05,1.12,56.238082377748825,42.5038283117503,2.8119041188874436,5.10045939741004
P2_rep6_a1,P2,1.0,190,1.05,1.12,56.238082377748825,42.5038283117503,2.8119041188874436,5.10045939741004
P2_rep6_a1,P2,1.0,191,1.05,1.12,56.238082377748825,42.5038283117503,2.8119041188874436,5.10045939741004
P2_rep6_a1,P2,1.0,192,1.02,1.12,59.165956184420374,39.66012647328327,1.1833191236884084,4.7592151767939965
P2_rep6_a1,P2,1.0,193,1.02,1.1,57.274092320253956,41.58952698762207,1.1454818464050802,4.158952698762211
P2_rep6_a1,P2,1.0,194,1.02,1.08,55.35661140388101,43.54505282452728,1.1071322280776212,3.4836042259621856
P2_rep6_a1,P2,1.0,195,1.0,1.08,57.32417593656907,41.62589515738246,0.0,3.3300716125906
P2_rep6_a1,P2,1.0,196,1.19,1.08,38.58216539969302,59.90680672190164,7.3306114259416715,4.792544537752136
P2_rep6_a1,P2,1.0,197,1.19,1.05,35.844395809395955,62.75179803323828,6.81043520378523,3.137589901661917
P2_rep6_a1,P2,1.0,198,1.19,1.12,42.33173871868823,56.010385506775336,8.04303035655076,6.7212462608130465
P2_rep6_a1,P2,1.0,199,1.19,1.12,42.33173871868823,56.010385506775336,8.04303035655076,6.7212462608130465
P2_rep6_a1,P2,1.0,200,1.19,1.05,35.844395809395955,62.75179803323828,6.81043520378523,3.137589901661917
P2_rep6_a1,P2,1.0,201,1.19,1.1,40.44500327233587,57.97101286222818,7.684550621743813,5.797101286222823
P2_rep6_a1,P2,1.0,202,1.19,1.05,35.844395809395955,62.75179803323828,6.81043520378523,3.137589901661917
P2_rep6_a1,P2,1.0,203,1.15,1.05,39.60085556974326,59.07753438666782,5.940128335461486,2.953876719333394
P2_rep6_a1,P2,1.0,204,1.15,1.05,39.60085556974326,59.07753438666782,5.940128335461486,2.953876719333394
P2_rep6_a1,P2,1.0,205,1.15,1.08,42.43576032266112,56.14801959211902,6.365364048399164,4.491841567369526
P2_rep6_a1,P2,1.0,206,1.2,1.08,37.638746683827506,60.82701504635626,7.5277493367655,4.866161203708505
P2_rep6_a1,P2,1.0,207,1.14,1.08,43.41570760018107,55.19218139733271,6.078199064025346,4.415374511786621
P2_rep6_a1,P2,1.0,208,1.14,1.08,43.41570760018107,55.19218139733271,6.078199064025346,4.415374511786621
P2_rep6_a1,P2,1.0,209,1.14,1.05,40.561466422157324,58.13794292057961,5.6786052991020215,2.906897146028983
P2_rep6_a1,P2,1.0,210,1.15,1.05,39.60085556974326,59.07753438666782,5.940128335461486,2.953876719333394
P2_rep6_a1,P2,1.0,211,1.19,1.03,34.06406690342986,64.60185155371933,6.472172711651671,1.9380555466115816
P2_rep6_a1,P2,1.0,212,1.17,1.03,35.883124374513386,62.8195990671653,6.100131143667273,1.8845879720149608
P2_rep6_a1,P2,1.0,213,1.17,1.03,35.883124374513386,62.8195990671653,6.100131143667273,1.8845879720149608
P2_rep6_a1,P2,1.0,214,1.17,1.05,37.70416000562063,60.93272784126852,6.409707200955505,3.0466363920634287
P2_rep6_a1,P2,1.0,215,1.18,1.08,39.534239932841636,58.97815553428888,7.116163187911492,4.718252442743115
P2_rep6_a1,P2,1.0,216,1.17,1.08,40.49431825203297,58.041697473206476,6.884034102845602,4.643335797856523
P2_rep6_a1,P2,1.0,217,1.18,1.08,39.534239932841636,58.97815553428888,7.116163187911492,4.718252442743115
P2_rep6_a1,P2,1.0,218,1.15,1.1,44.35030298036147,54.169582385452664,6.652545447054217,5.416958238545271
P2_rep6_a1,P2,1.0,219,1.17,1.1,42.38576511823924,56.08186944667453,7.205580070100668,5.608186944667458
P2_rep6_a1,P2,1.0,220,1.15,1.08,42.43576032266112,56.14801959211902,6.365364048399164,4.491841567369526
P2_rep6_a1,P2,1.0,221,1.12,1.02,39.66012647328327,59.165956184420374,4.7592151767939965,1.1833191236884084
P2_rep6_a1,P2,1.0,222,1.1,1.03,42.54498058357008,56.29253217543899,4.254498058357012,1.6887759652631713
P2_rep6_a1,P2,1.0,223,1.05,1.03,47.49109666472091,51.44649084659352,2.3745548332360475,1.5433947253978069
P2_rep6_a1,P2,1.0,224,1.15,1.05,39.60085556974326,59.07753438666782,5.940128335461486,2.953876719333394
P2_rep6_a1,P2,1.0,225,1.15,1.08,42.43576032266112,56.14801959211902,6.365364048399164,4.491841567369526
P2_rep6_a1,P2,1.0,226,1.12,1.08,45.39037365510424,53.2660969226451,5.446844838612514,4.261287753811612
P2_rep6_a1,P2,1.0,227,1.12,1.08,45.39037365510424,53.2660969226451,5.446844838612514,4.261287753811612
P2_rep6_a1,P2,1.0,228,1.1,1.08,47.37964975257602,51.32576184793466,4.737964975257606,4.106060947834776
P2_rep6_a1,P2,1.0,229,1.12,1.07,44.424656846802975,54.26039840300423,5.3309588216163615,3.7982278882102998
P2_rep6_a1,P2,1.0,230,1.1,1.07,46.407576206278776,52.32439606200928,4.640757620627881,3.6627077243406525
P2_rep6_a1,P2,1.0,231,1.1,1.07,46.407576206278776,52.32439606200928,4.640757620627881,3.6627077243406525
P2_rep6_a1,P2,1.0,232,1.1,1.03,42.54498058357008,56.29253217543899,4.254498058357012,1.6887759652631713
P2_rep6_a1,P2,1.0,233,1.05,1.03,47.49109666472091,51.44649084659352,2.3745548332360475,1.5433947253978069
P2_rep6_a1,P2,1.0,234,1.05,1.1,54.31530996291843,44.46961462960421,2.715765498145924,4.446961462960425
P2_rep6_a1,P2,1.0,235,1.02,1.12,59.165956184420374,39.66012647328327,1.1833191236884084,4.7592151767939965
P2_rep6_a1,P2,1.0,236,1.02,1.08,55.35661140388101,43.54505282452728,1.1071322280776212,3.4836042259621856
P2_rep6_a1,P2,1.0,237,1.02,1.07,54.390041987449315,44.53080003632743,1.0878008397489873,3.117156002542923
P2_rep6_a1,P2,1.0,238,1.0,1.1,59.21940469028911,39.69595407819774,0.0,3.969595407819777
P2_rep6_a1,P2,1.0,239,1.0,1.08,57.32417593656907,41.62589515738246,0.0,3.3300716125906
P2_rep6_a1,P2,1.0,240,1.0,1.08,57.32417593656907,41.62589515738246,0.0,3.3300716125906
P2_rep6_a1,P2,1.0,241,1.0,1.06,55.403396284968046,43.58185511546703,0.0,2.614911306928024
P2_rep6_a1,P2,1.0,242,1.09,1.1,50.32606805231985,48.35275469873004,4.52934612470879,4.835275469873008
P2_rep6_a1,P2,1.0,243,1.17,1.09,41.43736959639919,57.06455215225195,7.04435283138786,5.13580969370268
P2_rep6_a1,P2,1.0,244,1.15,1.09,43.39105578421625,55.16084279723354,6.508658367632433,4.964475851751023
P2_rep6_a1,P2,1.0,245,1.15,1.09,43.39105578421625,55.16084279723354,6.508658367632433,4.964475851751023
P2_rep6_a1,P2,1.0,246,1.12,1.09,46.358616726744344,52.26919440297924,5.5630340072093265,4.704227496268135
P2_rep6_a1,P2,1.0,247,1.15,1.08,42.43576032266112,56.14801959211902,6.365364048399164,4.491841567369526
P2_rep6_a1,P2,1.0,248,1.15,1.05,39.60085556974326,59.07753438666782,5.940128335461486,2.953876719333394
P2_rep6_a1,P2,1.0,249,1.15,1.04,38.66855670029769,60.0409471179671,5.800283505044651,2.4016378847186863
P2_rep6_a1,P2,1.0,250,1.17,1.03,35.883124374513386,62.8195990671653,6.100131143667273,1.8845879720149608
P2_rep6_a1,P2,1.0,251,1.17,1.03,35.883124374513386,62.8195990671653,6.100131143667273,1.8845879720149608
P2_rep6_a1,P2,1.0,252,1.17,1.02,34.986177966917104,63.748972627327824,5.9476502543759056,1.2749794525465576
P2_rep6_a1,P2,1.0,253,1.17,1.03,35.883124374513386,62.8195990671653,6.100131143667273,1.8845879720149608
P2_rep6_a1,P2,1.0,254,1.17,1.01,34.09904197135114,64.66818110128443,5.7968371351296915,0.6466818110128449
P2_rep6_a1,P2,1.0,255,1.15,1.02,36.82697434327679,61.94398910014302,5.524046151491515,1.2388797820028614
P2_rep6_a1,P2,1.0,256,1.1,1.03,42.54498058357008,56.29253217543899,4.254498058357012,1.6887759652631713
P2_rep6_a1,P2,1.0,257,1.08,1.02,43.54505282452728,55.35661140388101,3.4836042259621856,1.1071322280776212
P2_rep6_a1,P2,1.0,258,1.08,1.02,43.54505282452728,55.35661140388101,3.4836042259621856,1.1071322280776212
P2_rep6_a1,P2,1.0,259,1.05,1.02,46.51449182726773,52.44494308805898,2.3257245913633886,1.0488988617611805
P2_rep6_a1,P2,1.0,260,1.03,1.02,48.509271300693605,50.48897221798351,1.4552781390208094,1.009779444359671
P2_rep6_a1,P2,1.0,261,1.03,1.02,48.509271300693605,50.48897221798351,1.4552781390208094,1.009779444359671
P2_rep6_a1,P2,1.0,262,1.05,1.04,48.46883212556936,50.446882688814746,2.42344160627847,2.0178753075525915
P2_rep6_a1,P2,1.0,263,1.03,1.04,50.468339520500315,48.48944762285052,1.5140501856150108,1.9395779049140225
P2_rep6_a1,P2,1.0,264,1.0,1.04,53.46280090912243,45.55799373544579,0.0,1.8223197494178334
P2_rep6_a1,P2,1.0,265,1.0,1.03,52.48693391877886,46.551734353187925,0.0,1.396552030595639
P2_rep6_a1,P2,1.0,266,1.0,1.02,51.50837153113873,47.54821973615019,0.0,0.9509643947230046
P2_rep6_a1,P2,1.0,267,1.09,1.02,42.56438218521042,56.318203012976426,3.8307943966689413,1.1263640602595295
P2_rep6_a1,P2,1.0,268,1.04,1.01,46.53347801704491,52.46634995725623,1.861339120681798,0.5246634995725628
P2_rep6_a1,P2,1.0,269,1.03,1.02,48.509271300693605,50.48897221798351,1.4552781390208094,1.009779444359671
P2_rep6_a1,P2,1.0,270,1.0,1.11,60.15572898660941,38.74248040418329,0.0,4.261672844460166
P2_rep6_a1,P2,1.0,271,1.0,1.05,54.43520666505401,44.56777774683524,0.0,2.228388887341764
P2_rep6_a1,P2,1.0,272,1.0,1.03,52.48693391877886,46.551734353187925,0.0,1.396552030595639
P2_rep6_a1,P2,1.0,273,1.0,1.06,55.403396284968046,43.58185511546703,0.0,2.614911306928024
P2_rep6_a1,P2,1.0,274,1.0,1.06,55.403396284968046,43.58185511546703,0.0,2.614911306928024
P2_rep6_a1,P2,1.0,275,1.0,1.05,54.43520666505401,44.56777774683524,0.0,2.228388887341764
P2_rep6_a1,P2,1.0,276,1.0,1.06,55.403396284968046,43.58185511546703,0.0,2.614911306928024
P2_rep6_a1,P2,1.0,277,1.0,1.02,51.50837153113873,47.54821973615019,0.0,0.9509643947230046
P2_rep6_a1,P2,1.0,278,1.0,1.02,51.50837153113873,47.54821973615019,0.0,0.9509643947230046
P2_rep6_a1,P2,1.0,279,1.0,1.05,54.43520666505401,44.56777774683524,0.0,2.228388887341764
P2_rep6_a1,P2,1.0,280,1.0,1.02,51.50837153113873,47.54821973615019,0.0,0.9509643947230046
P2_rep6_a1,P2,1.0,281,1.0,1.04,53.46280090912243,45.55799373544579,0.0,1.8223197494178334
P2_rep6_a1,P2,1.0,282,1.0,1.05,54.43520666505401,44.56777774683524,0.0,2.228388887341764
P2_rep6_a1,P2,1.0,283,1.05,1.05,49.446917148737434,49.446917148737434,2.4723458574368737,2.4723458574368737
P2_rep6_a1,P2,1.0,284,1.05,1.05,49.446917148737434,49.446917148737434,2.4723458574368737,2.4723458574368737
P2_rep6_a1,P2,1.0,285,1.0,1.02,51.50837153113873,47.54821973615019,0.0,0.9509643947230046
P2_rep6_a1,P2,1.0,286,1.1,1.05,44.46961462960421,54.31530996291843,4.446961462960425,2.715765498145924
P2_rep6_a1,P2,1.0,287,1.15,1.03,37.74371581331498,60.99665296954143,5.661557371997243,1.8298995890862446
P2_rep6_a1,P2,1.0,288,1.12,1.03,40.602066117758255,58.19613565850669,4.8722479341309946,1.7458840697552023
P2_rep6_a1,P2,1.0,289,1.17,1.02,34.986177966917104,63.748972627327824,5.9476502543759056,1.2749794525465576
P2_rep6_a1,P2,1.0,290,1.17,1.04,36.789315750861256,61.880646306451354,6.254183677646411,2.475225852258056
P2_rep6_a1,P2,1.0,291,1.17,1.04,36.789315750861256,61.880646306451354,6.254183677646411,2.475225852258056
P2_rep6_a1,P2,1.0,292,1.15,1.02,36.82697434327679,61.94398910014302,5.524046151491515,1.2388797820028614
P2_rep6_a1,P2,1.0,293,1.15,1.02,36.82697434327679,61.94398910014302,5.524046151491515,1.2388797820028614
P2_rep6_a1,P2,1.0,294,1.1,1.02,41.58952698762207,57.274092320253956,4.158952698762211,1.1454818464050802
P2_rep6_a1,P2,1.0,295,1.1,1.02,41.58952698762207,57.274092320253956,4.158952698762211,1.1454818464050802
P2_rep6_a1,P2,1.0,296,1.04,1.05,50.446882688814746,48.46883212556936,2.0178753075525915,2.42344160627847
P2_rep6_a1,P2,1.0,297,1.02,1.02,49.5088451562849,49.5088451562849,0.9901769031256988,0.9901769031256988
P2_rep6_a1,P2,1.0,298,1.02,1.0,47.54821973615019,51.50837153113873,0.9509643947230046,0.0
P2_rep6_a1,P2,1.0,299,1.05,1.02,46.51449182726773,52.44494308805898,2.3257245913633886,1.0488988617611805
P2_rep6_a1,P2,1.0,300,1.02,1.02,49.5088451562849,49.5088451562849,0.9901769031256988,0.9901769031256988
P2_rep7_a1,P2,1.0,1,2.49,1.49,1.5949605092277301,87.08189317975582,2.3764911587493183,42.670127658080354
P2_rep7_a1,P2,1.0,2,1.99,1.49,10.695363853091342,79.028643508967,10.588410214560428,38.72403531939383
P2_rep7_a1,P2,1.0,3,1.89,1.49,15.158247146161244,75.07928961193133,13.490839960083505,36.78885190984635
P2_rep7_a1,P2,1.0,4,1.89,1.49,15.158247146161244,75.07928961193133,13.490839960083505,36.78885190984635
P2_rep7_a1,P2,1.0,5,1.89,1.49,15.158247146161244,75.07928961193133,13.490839960083505,36.78885190984635
P2_rep7_a1,P2,1.0,6,1.49,1.29,29.801199422804455,66.3237890336174,14.602587717174183,19.233898819749047
P2_rep7_a1,P2,1.0,7,1.49,1.19,22.471174705976374,74.60692741508164,11.010875605928423,14.175316208865508
P2_rep7_a1,P2,1.0,8,1.29,1.19,39.211836385589635,58.49718595989125,11.371432551820995,11.114465332379334
P2_rep7_a1,P2,1.0,9,1.49,1.19,22.471174705976374,74.60692741508164,11.010875605928423,14.175316208865508
P2_rep7_a1,P2,1.0,10,1.29,1.09,30.450979668548023,67.7699015650456,8.830784103878928,6.09929114085411
P2_rep7_a1,P2,1.0,11,1.19,1.09,39.510253142520796,58.94237144807111,7.506948097078949,5.304813430326404
P2_rep7_a1,P2,1.0,12,1.19,1.09,39.510253142520796,58.94237144807111,7.506948097078949,5.304813430326404
P2_rep7_a1,P2,1.0,13,1.19,1.09,39.510253142520796,58.94237144807111,7.506948097078949,5.304813430326404
P2_rep7_a1,P2,1.0,14,1.49,1.0,12.15161948535666,86.26832109787725,5.954293547824763,0.0
P2_rep7_a1,P2,1.0,15,1.09,1.09,49.35219460587253,49.35219460587253,4.441697514528532,4.441697514528532
P2_rep7_a1,P2,1.0,16,1.39,1.0,17.105765694726035,81.4032812024125,6.671248620943152,0.0
P2_rep7_a1,P2,1.0,17,1.39,1.09,22.6897429940606,75.33259968712356,8.848999767683633,6.7799339718411264
P2_rep7_a1,P2,1.0,18,1.19,1.09,39.510253142520796,58.94237144807111,7.506948097078949,5.304813430326404
P2_rep7_a1,P2,1.0,19,1.29,1.09,30.450979668548023,67.7699015650456,8.830784103878928,6.09929114085411
P2_rep7_a1,P2,1.0,20,1.19,1.0,31.471875586001058,67.29556317998042,5.979656361340199,0.0
P2_rep7_a1,P2,1.0,21,1.39,1.0,17.105765694726035,81.4032812024125,6.671248620943152,0.0
P2_rep7_a1,P2,1.0,22,1.49,1.0,12.15161948535666,86.26832109787725,5.954293547824763,0.0
P2_rep7_a1,P2,1.0,23,1.39,1.09,22.6897429940606,75.33259968712356,8.848999767683633,6.7799339718411264
P2_rep7_a1,P2,1.0,24,1.29,1.0,23.538500716002062,75.08624670385963,6.8261652076405985,0.0
P2_rep7_a1,P2,1.0,25,1.09,1.09,49.35219460587253,49.35219460587253,4.441697514528532,4.441697514528532
P2_rep7_a1,P2,1.0,26,1.09,1.0,40.657318933739255,58.27533114488954,3.6591587040365363,0.0
P2_rep7_a1,P2,1.0,27,1.09,1.0,40.657318933739255,58.27533114488954,3.6591587040365363,0.0
P2_rep7_a1,P2,1.0,28,1.09,1.0,40.657318933739255,58.27533114488954,3.6591587040365363,0.0
P2_rep7_a1,P2,1.0,29,1.09,1.0,40.657318933739255,58.27533114488954,3.6591587040365363,0.0
P2_rep7_a1,P2,1.0,30,1.19,1.0,31.471875586001058,67.29556317998042,5.979656361340199,0.0
P2_rep7_a1,P2,1.0,31,1.09,1.09,49.35219460587253,49.35219460587253,4.441697514528532,4.441697514528532
P2_rep7_a1,P2,1.0,32,1.09,1.0,40.657318933739255,58.27533114488954,3.6591587040365363,0.0
P2_rep7_a1,P2,1.0,33,1.09,1.0,40.657318933739255,58.27533114488954,3.6591587040365363,0.0
P2_rep7_a1,P2,1.0,34,1.05,1.0,44.56777774683524,54.43520666505401,2.228388887341764,0.0
P2_rep7_a1,P2,1.0,35,1.05,1.0,44.56777774683524,54.43520666505401,2.228388887341764,0.0
P2_rep7_a1,P2,1.0,36,1.0,1.0,49.54626425778431,49.54626425778431,0.0,0.0
P2_rep7_a1,P2,1.0,37,1.0,1.0,49.54626425778431,49.54626425778431,0.0,0.0
P2_rep7_a1,P2,1.0,38,1.0,1.0,49.54626425778431,49.54626425778431,0.0,0.0
P2_rep7_a1,P2,1.0,39,1.0,1.0,49.54626425778431,49.54626425778431,0.0,0.0
P2_rep7_a1,P2,1.0,40,1.19,1.0,31.471875586001058,67.29556317998042,5.979656361340199,0.0
P2_rep7_a1,P2,1.0,41,1.19,1.0,31.471875586001058,67.29556317998042,5.979656361340199,0.0
P2_rep7_a1,P2,1.0,42,1.09,1.0,40.657318933739255,58.27533114488954,3.6591587040365363,0.0
P2_rep7_a1,P2,1.0,43,1.19,1.0,31.471875586001058,67.29556317998042,5.979656361340199,0.0
P2_rep7_a1,P2,1.0,44,1.09,1.0,40.657318933739255,58.27533114488954,3.6591587040365363,0.0
P2_rep7_a1,P2,1.0,45,1.09,1.0,40.657318933739255,58.27533114488954,3.6591587040365363,0.0
P2_rep7_a1,P2,1.0,46,1.19,1.0,31.471875586001058,67.29556317998042,5.979656361340199,0.0
P2_rep7_a1,P2,1.0,47,1.19,1.0,31.471875586001058,67.29556317998042,5.979656361340199,0.0
P2_rep7_a1,P2,1.0,48,1.29,1.0,23.538500716002062,75.08624670385963,6.8261652076405985,0.0
P2_rep7_a1,P2,1.0,49,1.29,1.0,23.538500716002062,75.08624670385963,6.8261652076405985,0.0
P2_rep7_a1,P2,1.0,50,1.29,1.0,23.538500716002062,75.08624670385963,6.8261652076405985,0.0
P2_rep7_a1,P2,1.0,51,1.09,1.0,40.657318933739255,58.27533114488954,3.6591587040365363,0.0
P2_rep7_a1,P2,1.0,52,1.19,1.0,31.471875586001058,67.29556317998042,5.979656361340199,0.0
P2_rep7_a1,P2,1.0,53,1.19,1.0,31.471875586001058,67.29556317998042,5.979656361340199,0.0
P2_rep7_a1,P2,1.0,54,1.29,1.0,23.538500716002062,75.08624670385963,6.8261652076405985,0.0
P2_rep7_a1,P2,1.0,55,1.19,1.0,31.471875586001058,67.29556317998042,5.979656361340199,0.0
P2_rep7_a1,P2,1.0,56,1.09,1.0,40.657318933739255,58.27533114488954,3.6591587040365363,0.0
P2_rep7_a1,P2,1.0,57,1.19,1.0,31.471875586001058,67.29556317998042,5.979656361340199,0.0
P2_rep7_a1,P2,1.0,58,1.09,1.0,40.657318933739255,58.27533114488954,3.6591587040365363,0.0
P2_rep7_a1,P2,1.0,59,1.05,1.0,44.56777774683524,54.43520666505401,2.228388887341764,0.0
P2_rep7_a1,P2,1.0,60,1.05,1.0,44.56777774683524,54.43520666505401,2.228388887341764,0.0
P2_rep7_a1,P2,1.0,61,1.05,1.0,44.56777774683524,54.43520666505401,2.228388887341764,0.0
P2_rep7_a1,P2,1.0,62,1.05,1.0,44.56777774683524,54.43520666505401,2.228388887341764,0.0
P2_rep7_a1,P2,1.0,63,1.09,1.0,40.657318933739255,58.27533114488954,3.6591587040365363,0.0
P2_rep7_a1,P2,1.0,64,1.0,1.0,49.54626425778431,49.54626425778431,0.0,0.0
P2_rep7_a1,P2,1.0,65,1.0,1.0,49.54626425778431,49.54626425778431,0.0,0.0
P2_rep7_a1,P2,1.0,66,1.09,1.0,40.657318933739255,58.27533114488954,3.6591587040365363,0.0
P2_rep7_a1,P2,1.0,67,1.05,1.0,44.56777774683524,54.43520666505401,2.228388887341764,0.0
P2_rep7_a1,P2,1.0,68,1.19,1.0,31.471875586001058,67.29556317998042,5.979656361340199,0.0
P2_rep7_a1,P2,1.0,69,1.09,1.0,40.657318933739255,58.27533114488954,3.6591587040365363,0.0
P2_rep7_a1,P2,1.0,70,1.19,1.0,31.471875586001058,67.29556317998042,5.979656361340199,0.0
P2_rep7_a1,P2,1.0,71,1.19,1.0,31.471875586001058,67.29556317998042,5.979656361340199,0.0
P2_rep7_a1,P2,1.0,72,1.09,1.0,40.657318933739255,58.27533114488954,3.6591587040365363,0.0
P2_rep7_a1,P2,1.0,73,1.19,1.0,31.471875586001058,67.29556317998042,5.979656361340199,0.0
P2_rep7_a1,P2,1.0,74,1.19,1.0,31.471875586001058,67.29556317998042,5.979656361340199,0.0
P2_rep7_a1,P2,1.0,75,1.29,1.0,23.538500716002062,75.08624670385963,6.8261652076405985,0.0
P2_rep7_a1,P2,1.0,76,1.09,1.0,40.657318933739255,58.27533114488954,3.6591587040365363,0.0
P2_rep7_a1,P2,1.0,77,1.19,1.0,31.471875586001058,67.29556317998042,5.979656361340199,0.0
P2_rep7_a1,P2,1.0,78,1.09,1.0,40.657318933739255,58.27533114488954,3.6591587040365363,0.0
P2_rep7_a1,P2,1.0,79,1.19,1.0,31.471875586001058,67.29556317998042,5.979656361340199,0.0
P2_rep7_a1,P2,1.0,80,1.19,1.0,31.471875586001058,67.29556317998042,5.979656361340199,0.0
P2_rep7_a1,P2,1.0,81,1.19,1.0,31.471875586001058,67.29556317998042,5.979656361340199,0.0
P2_rep7_a1,P2,1.0,82,1.09,1.0,40.657318933739255,58.27533114488954,3.6591587040365363,0.0
P2_rep7_a1,P2,1.0,83,1.29,1.0,23.538500716002062,75.08624670385963,6.8261652076405985,0.0
P2_rep7_a1,P2,1.0,84,1.29,1.0,23.538500716002062,75.08624670385963,6.8261652076405985,0.0
P2_rep7_a1,P2,1.0,85,1.29,1.0,23.538500716002062,75.08624670385963,6.8261652076405985,0.0
P2_rep7_a1,P2,1.0,86,1.19,1.0,31.471875586001058,67.29556317998042,5.979656361340199,0.0
P2_rep7_a1,P2,1.0,87,1.19,1.0,31.471875586001058,67.29556317998042,5.979656361340199,0.0
P2_rep7_a1,P2,1.0,88,1.09,1.0,40.657318933739255,58.27533114488954,3.6591587040365363,0.0
P2_rep7_a1,P2,1.0,89,1.19,1.0,31.471875586001058,67.29556317998042,5.979656361340199,0.0
P2_rep7_a1,P2,1.0,90,1.19,1.0,31.471875586001058,67.29556317998042,5.979656361340199,0.0
P2_rep7_a1,P2,1.0,91,1.05,1.0,44.56777774683524,54.43520666505401,2.228388887341764,0.0
P2_rep7_a1,P2,1.0,92,1.19,1.0,31.471875586001058,67.29556317998042,5.979656361340199,0.0
P2_rep7_a1,P2,1.0,93,1.19,1.0,31.471875586001058,67.29556317998042,5.979656361340199,0.0
P2_rep7_a1,P2,1.0,94,1.19,1.0,31.471875586001058,67.29556317998042,5.979656361340199,0.0
P2_rep7_a1,P2,1.0,95,1.0,1.0,49.54626425778431,49.54626425778431,0.0,0.0
P2_rep7_a1,P2,1.0,96,1.19,1.0,31.471875586001058,67.29556317998042,5.979656361340199,0.0
P2_rep7_a1,P2,1.0,97,1.19,1.0,31.471875586001058,67.29556317998042,5.979656361340199,0.0
P2_rep7_a1,P2,1.0,98,1.29,1.0,23.538500716002062,75.08624670385963,6.8261652076405985,0.0
P2_rep7_a1,P2,1.0,99,1.29,1.0,23.538500716002062,75.08624670385963,6.8261652076405985,0.0
P2_rep7_a1,P2,1.0,100,1.19,1.0,31.471875586001058,67.29556317998042,5.979656361340199,0.0
P2_rep7_a1,P2,1.0,101,1.19,1.0,31.471875586001058,67.29556317998042,5.979656361340199,0.0
P2_rep7_a1,P2,1.0,102,1.09,1.0,40.657318933739255,58.27533114488954,3.6591587040365363,0.0
P2_rep7_a1,P2,1.0,103,1.09,1.0,40.657318933739255,58.27533114488954,3.6591587040365363,0.0
P2_rep7_a1,P2,1.0,104,1.0,1.0,49.54626425778431,49.54626425778431,0.0,0.0
P2_rep7_a1,P2,1.0,105,1.29,1.0,23.538500716002062,75.08624670385963,6.8261652076405985,0.0
P2_rep7_a1,P2,1.0,106,1.19,1.0,31.471875586001058,67.29556317998042,5.979656361340199,0.0
P2_rep7_a1,P2,1.0,107,1.19,1.0,31.471875586001058,67.29556317998042,5.979656361340199,0.0
P2_rep7_a1,P2,1.0,108,1.09,1.0,40.657318933739255,58.27533114488954,3.6591587040365363,0.0
P2_rep7_a1,P2,1.0,109,1.19,1.0,31.471875586001058,67.29556317998042,5.979656361340199,0.0
P2_rep7_a1,P2,1.0,110,1.09,1.0,40.657318933739255,58.27533114488954,3.6591587040365363,0.0
P2_rep7_a1,P2,1.0,111,1.05,1.0,44.56777774683524,54.43520666505401,2.228388887341764,0.0
P2_rep7_a1,P2,1.0,112,1.09,1.0,40.657318933739255,58.27533114488954,3.6591587040365363,0.0
P2_rep7_a1,P2,1.0,113,1.09,1.0,40.657318933739255,58.27533114488954,3.6591587040365363,0.0
P2_rep7_a1,P2,1.0,114,1.19,1.0,31.471875586001058,67.29556317998042,5.979656361340199,0.0
P2_rep7_a1,P2,1.0,115,1.09,1.0,40.657318933739255,58.27533114488954,3.6591587040365363,0.0
P2_rep7_a1,P2,1.0,116,1.19,1.0,31.471875586001058,67.29556317998042,5.979656361340199,0.0
P2_rep7_a1,P2,1.0,117,1.09,1.0,40.657318933739255,58.27533114488954,3.6591587040365363,0.0
P2_rep7_a1,P2,1.0,118,1.15,1.0,35.020233828810355,63.81102645354702,5.25303507432155,0.0
P2_rep7_a1,P2,1.0,119,1.05,1.0,44.56777774683524,54.43520666505401,2.228388887341764,0.0
P2_rep7_a1,P2,1.0,120,1.09,1.0,40.657318933739255,58.27533114488954,3.6591587040365363,0.0
P2_rep7_a1,P2,1.0,121,1.05,1.0,44.56777774683524,54.43520666505401,2.228388887341764,0.0
P2_rep7_a1,P2,1.0,122,1.09,1.0,40.657318933739255,58.27533114488954,3.6591587040365363,0.0
P2_rep7_a1,P2,1.0,123,1.09,1.0,40.657318933739255,58.27533114488954,3.6591587040365363,0.0
P2_rep7_a1,P2,1.0,124,1.09,1.0,40.657318933739255,58.27533114488954,3.6591587040365363,0.0
P2_rep7_a1,P2,1.0,125,1.15,1.0,35.020233828810355,63.81102645354702,5.25303507432155,0.0
P2_rep7_a1,P2,1.0,126,1.15,1.0,35.020233828810355,63.81102645354702,5.25303507432155,0.0
P2_rep7_a1,P2,1.0,127,1.15,1.0,35.020233828810355,63.81102645354702,5.25303507432155,0.0
P2_rep7_a1,P2,1.0,128,1.1,1.0,39.69595407819774,59.21940469028911,3.969595407819777,0.0
P2_rep7_a1,P2,1.0,129,1.1,1.0,39.69595407819774,59.21940469028911,3.969595407819777,0.0
P2_rep7_a1,P2,1.0,130,1.08,1.0,41.62589515738246,57.32417593656907,3.3300716125906,0.0
P2_rep7_a1,P2,1.0,131,1.1,1.0,39.69595407819774,59.21940469028911,3.969595407819777,0.0
P2_rep7_a1,P2,1.0,132,1.1,1.0,39.69595407819774,59.21940469028911,3.969595407819777,0.0
P2_rep7_a1,P2,1.0,133,1.1,1.0,39.69595407819774,59.21940469028911,3.969595407819777,0.0
P2_rep7_a1,P2,1.0,134,1.1,1.0,39.69595407819774,59.21940469028911,3.969595407819777,0.0
P2_rep7_a1,P2,1.0,135,1.1,1.0,39.69595407819774,59.21940469028911,3.969595407819777,0.0
P2_rep7_a1,P2,1.0,136,1.1,1.0,39.69595407819774,59.21940469028911,3.969595407819777,0.0
P2_rep7_a1,P2,1.0,137,1.1,1.0,39.69595407819774,59.21940469028911,3.969595407819777,0.0
P2_rep7_a1,P2,1.0,138,1.1,1.0,39.69595407819774,59.21940469028911,3.969595407819777,0.0
P2_rep7_a1,P2,1.0,139,1.1,1.0,39.69595407819774,59.21940469028911,3.969595407819777,0.0
P2_rep7_a1,P2,1.0,140,1.02,1.0,47.54821973615019,51.50837153113873,0.9509643947230046,0.0
P2_rep7_a1,P2,1.0,141,1.1,1.0,39.69595407819774,59.21940469028911,3.969595407819777,0.0
P2_rep7_a1,P2,1.0,142,1.1,1.0,39.69595407819774,59.21940469028911,3.969595407819777,0.0
P2_rep7_a1,P2,1.0,143,1.1,1.0,39.69595407819774,59.21940469028911,3.969595407819777,0.0
P2_rep7_a1,P2,1.0,144,1.1,1.0,39.69595407819774,59.21940469028911,3.969595407819777,0.0
P2_rep7_a1,P2,1.0,145,1.1,1.0,39.69595407819774,59.21940469028911,3.969595407819777,0.0
P2_rep7_a1,P2,1.0,146,1.05,1.0,44.56777774683524,54.43520666505401,2.228388887341764,0.0
P2_rep7_a1,P2,1.0,147,1.1,1.0,39.69595407819774,59.21940469028911,3.969595407819777,0.0
P2_rep7_a1,P2,1.0,148,1.05,1.0,44.56777774683524,54.43520666505401,2.228388887341764,0.0
P2_rep7_a1,P2,1.0,149,1.05,1.0,44.56777774683524,54.43520666505401,2.228388887341764,0.0
P2_rep7_a1,P2,1.0,150,1.05,1.0,44.56777774683524,54.43520666505401,2.228388887341764,0.0
P2_rep7_a1,P2,1.0,151,1.1,1.0,39.69595407819774,59.21940469028911,3.969595407819777,0.0
P2_rep7_a1,P2,1.0,152,1.08,1.0,41.62589515738246,57.32417593656907,3.3300716125906,0.0
P2_rep7_a1,P2,1.0,153,1.08,1.0,41.62589515738246,57.32417593656907,3.3300716125906,0.0
P2_rep7_a1,P2,1.0,154,1.02,1.0,47.54821973615019,51.50837153113873,0.9509643947230046,0.0
P2_rep7_a1,P2,1.0,155,1.01,1.0,48.54666130730787,50.52788813971476,0.48546661307307915,0.0
P2_rep7_a1,P2,1.0,156,1.02,1.0,47.54821973615019,51.50837153113873,0.9509643947230046,0.0
P2_rep7_a1,P2,1.0,157,1.01,1.0,48.54666130730787,50.52788813971476,0.48546661307307915,0.0
P2_rep7_a1,P2,1.0,158,1.02,1.0,47.54821973615019,51.50837153113873,0.9509643947230046,0.0
P2_rep7_a1,P2,1.0,159,1.1,1.0,39.69595407819774,59.21940469028911,3.969595407819777,0.0
P2_rep7_a1,P2,1.0,160,1.05,1.0,44.56777774683524,54.43520666505401,2.228388887341764,0.0
P2_rep7_a1,P2,1.0,161,1.1,1.0,39.69595407819774,59.21940469028911,3.969595407819777,0.0
P2_rep7_a1,P2,1.0,162,1.01,1.0,48.54666130730787,50.52788813971476,0.48546661307307915,0.0
P2_rep7_a1,P2,1.0,163,1.01,1.0,48.54666130730787,50.52788813971476,0.48546661307307915,0.0
P2_rep7_a1,P2,1.0,164,1.08,1.0,41.62589515738246,57.32417593656907,3.3300716125906,0.0
P2_rep7_a1,P2,1.0,165,1.05,1.0,44.56777774683524,54.43520666505401,2.228388887341764,0.0
P2_rep7_a1,P2,1.0,166,1.1,1.0,39.69595407819774,59.21940469028911,3.969595407819777,0.0
P2_rep7_a1,P2,1.0,167,1.0,1.0,49.54626425778431,49.54626425778431,0.0,0.0
P2_rep7_a1,P2,1.0,168,1.0,1.0,49.54626425778431,49.54626425778431,0.0,0.0
P2_rep7_a1,P2,1.0,169,1.0,1.0,49.54626425778431,49.54626425778431,0.0,0.0
P2_rep7_a1,P2,1.0,170,1.02,1.0,47.54821973615019,51.50837153113873,0.9509643947230046,0.0
P2_rep7_a1,P2,1.0,171,1.01,1.0,48.54666130730787,50.52788813971476,0.48546661307307915,0.0
P2_rep7_a1,P2,1.0,172,1.1,1.0,39.69595407819774,59.21940469028911,3.969595407819777,0.0
P2_rep7_a1,P2,1.0,173,1.01,1.0,48.54666130730787,50.52788813971476,0.48546661307307915,0.0
P2_rep7_a1,P2,1.0,174,1.0,1.0,49.54626425778431,49.54626425778431,0.0,0.0
P2_rep7_a1,P2,1.0,175,1.01,1.0,48.54666130730787,50.52788813971476,0.48546661307307915,0.0
P2_rep7_a1,P2,1.0,176,1.07,1.0,42.600981085342696,56.3666281088402,2.9820686759739914,0.0
P2_rep7_a1,P2,1.0,177,1.0,1.0,49.54626425778431,49.54626425778431,0.0,0.0
P2_rep7_a1,P2,1.0,178,1.01,1.0,48.54666130730787,50.52788813971476,0.48546661307307915,0.0
P2_rep7_a1,P2,1.0,179,1.05,1.0,44.56777774683524,54.43520666505401,2.228388887341764,0.0
P2_rep7_a1,P2,1.0,180,1.01,1.0,48.54666130730787,50.52788813971476,0.48546661307307915,0.0
P2_rep7_a1,P2,1.0,181,1.0,1.0,49.54626425778431,49.54626425778431,0.0,0.0
P2_rep7_a1,P2,1.0,182,1.01,1.0,48.54666130730787,50.52788813971476,0.48546661307307915,0.0
P2_rep7_a1,P2,1.0,183,1.01,1.0,48.54666130730787,50.52788813971476,0.48546661307307915,0.0
P2_rep7_a1,P2,1.0,184,1.05,1.0,44.56777774683524,54.43520666505401,2.228388887341764,0.0
P2_rep7_a1,P2,1.0,185,1.01,1.0,48.54666130730787,50.52788813971476,0.48546661307307915,0.0
P2_rep7_a1,P2,1.0,186,1.01,1.0,48.54666130730787,50.52788813971476,0.48546661307307915,0.0
P2_rep7_a1,P2,1.0,187,1.01,1.0,48.54666130730787,50.52788813971476,0.48546661307307915,0.0
P2_rep7_a1,P2,1.0,188,1.01,1.0,48.54666130730787,50.52788813971476,0.48546661307307915,0.0
P2_rep7_a1,P2,1.0,189,1.01,1.0,48.54666130730787,50.52788813971476,0.48546661307307915,0.0
P2_rep7_a1,P2,1.0,190,1.01,1.0,48.54666130730787,50.52788813971476,0.48546661307307915,0.0
P2_rep7_a1,P2,1.0,191,1.02,1.0,47.54821973615019,51.50837153113873,0.9509643947230046,0.0
P2_rep7_a1,P2,1.0,192,1.05,1.0,44.56777774683524,54.43520666505401,2.228388887341764,0.0
P2_rep7_a1,P2,1.0,193,1.03,1.0,46.551734353187925,52.48693391877886,1.396552030595639,0.0
P2_rep7_a1,P2,1.0,194,1.09,1.0,40.657318933739255,58.27533114488954,3.6591587040365363,0.0
P2_rep7_a1,P2,1.0,195,1.09,1.0,40.657318933739255,58.27533114488954,3.6591587040365363,0.0
P2_rep7_a1,P2,1.0,196,1.05,1.0,44.56777774683524,54.43520666505401,2.228388887341764,0.0
P2_rep7_a1,P2,1.0,197,1.03,1.0,46.551734353187925,52.48693391877886,1.396552030595639,0.0
P2_rep7_a1,P2,1.0,198,1.0,1.0,49.54626425778431,49.54626425778431,0.0,0.0
P2_rep7_a1,P2,1.0,199,1.02,1.0,47.54821973615019,51.50837153113873,0.9509643947230046,0.0
P2_rep7_a1,P2,1.0,200,1.0,1.0,49.54626425778431,49.54626425778431,0.0,0.0
P2_rep7_a1,P2,1.0,201,1.01,1.0,48.54666130730787,50.52788813971476,0.48546661307307915,0.0
P2_rep7_a1,P2,1.0,202,1.01,1.0,48.54666130730787,50.52788813971476,0.48546661307307915,0.0
P2_rep7_a1,P2,1.0,203,1.05,1.0,44.56777774683524,54.43520666505401,2.228388887341764,0.0
P2_rep7_a1,P2,1.0,204,1.01,1.0,48.54666130730787,50.52788813971476,0.48546661307307915,0.0
P2_rep7_a1,P2,1.0,205,1.01,1.0,48.54666130730787,50.52788813971476,0.48546661307307915,0.0
P2_rep7_a1,P2,1.0,206,1.01,1.0,48.54666130730787,50.52788813971476,0.48546661307307915,0.0
P2_rep7_a1,P2,1.0,207,1.02,1.0,47.54821973615019,51.50837153113873,0.9509643947230046,0.0
P2_rep7_a1,P2,1.0,208,1.04,1.0,45.55799373544579,53.46280090912243,1.8223197494178334,0.0
P2_rep7_a1,P2,1.0,209,1.02,1.0,47.54821973615019,51.50837153113873,0.9509643947230046,0.0
P2_rep7_a1,P2,1.0,210,1.05,1.0,44.56777774683524,54.43520666505401,2.228388887341764,0.0
P2_rep7_a1,P2,1.0,211,1.1,1.0,39.69595407819774,59.21940469028911,3.969595407819777,0.0
P2_rep7_a1,P2,1.0,212,1.04,1.0,45.55799373544579,53.46280090912243,1.8223197494178334,0.0
P2_rep7_a1,P2,1.0,213,1.04,1.0,45.55799373544579,53.46280090912243,1.8223197494178334,0.0
P2_rep7_a1,P2,1.0,214,1.04,1.0,45.55799373544579,53.46280090912243,1.8223197494178334,0.0
P2_rep7_a1,P2,1.0,215,1.03,1.0,46.551734353187925,52.48693391877886,1.396552030595639,0.0
P2_rep7_a1,P2,1.0,216,1.01,1.0,48.54666130730787,50.52788813971476,0.48546661307307915,0.0
P2_rep7_a1,P2,1.0,217,1.1,1.0,39.69595407819774,59.21940469028911,3.969595407819777,0.0
P2_rep7_a1,P2,1.0,218,1.1,1.0,39.69595407819774,59.21940469028911,3.969595407819777,0.0
P2_rep7_a1,P2,1.0,219,1.03,1.0,46.551734353187925,52.48693391877886,1.396552030595639,0.0
P2_rep7_a1,P2,1.0,220,1.02,1.0,47.54821973615019,51.50837153113873,0.9509643947230046,0.0
P2_rep7_a1,P2,1.0,221,1.01,1.0,48.54666130730787,50.52788813971476,0.48546661307307915,0.0
P2_rep7_a1,P2,1.0,222,1.03,1.0,46.551734353187925,52.48693391877886,1.396552030595639,0.0
P2_rep7_a1,P2,1.0,223,1.04,1.0,45.55799373544579,53.46280090912243,1.8223197494178334,0.0
P2_rep7_a1,P2,1.0,224,1.0,1.0,49.54626425778431,49.54626425778431,0.0,0.0
P2_rep7_a1,P2,1.0,225,1.05,1.0,44.56777774683524,54.43520666505401,2.228388887341764,0.0
P2_rep7_a1,P2,1.0,226,1.04,1.0,45.55799373544579,53.46280090912243,1.8223197494178334,0.0
P2_rep7_a1,P2,1.0,227,1.04,1.0,45.55799373544579,53.46280090912243,1.8223197494178334,0.0
P2_rep7_a1,P2,1.0,228,1.02,1.0,47.54821973615019,51.50837153113873,0.9509643947230046,0.0
P2_rep7_a1,P2,1.0,229,1.04,1.0,45.55799373544579,53.46280090912243,1.8223197494178334,0.0
P2_rep7_a1,P2,1.0,230,1.03,1.0,46.551734353187925,52.48693391877886,1.396552030595639,0.0
P2_rep7_a1,P2,1.0,231,1.04,1.0,45.55799373544579,53.46280090912243,1.8223197494178334,0.0
P2_rep7_a1,P2,1.0,232,1.04,1.0,45.55799373544579,53.46280090912243,1.8223197494178334,0.0
P2_rep7_a1,P2,1.0,233,1.06,1.0,43.58185511546703,55.403396284968046,2.614911306928024,0.0
P2_rep7_a1,P2,1.0,234,1.04,1.0,45.55799373544579,53.46280090912243,1.8223197494178334,0.0
P2_rep7_a1,P2,1.0,235,1.04,1.0,45.55799373544579,53.46280090912243,1.8223197494178334,0.0
P2_rep7_a1,P2,1.0,236,1.03,1.0,46.551734353187925,52.48693391877886,1.396552030595639,0.0
P2_rep7_a1,P2,1.0,237,1.06,1.0,43.58185511546703,55.403396284968046,2.614911306928024,0.0
P2_rep7_a1,P2,1.0,238,1.06,1.0,43.58185511546703,55.403396284968046,2.614911306928024,0.0
P2_rep7_a1,P2,1.0,239,1.06,1.0,43.58185511546703,55.403396284968046,2.614911306928024,0.0
P2_rep7_a1,P2,1.0,240,1.06,1.0,43.58185511546703,55.403396284968046,2.614911306928024,0.0
P2_rep7_a1,P2,1.0,241,1.04,1.0,45.55799373544579,53.46280090912243,1.8223197494178334,0.0
P2_rep7_a1,P2,1.0,242,1.04,1.0,45.55799373544579,53.46280090912243,1.8223197494178334,0.0
P2_rep7_a1,P2,1.0,243,1.03,1.0,46.551734353187925,52.48693391877886,1.396552030595639,0.0
P2_rep7_a1,P2,1.0,244,1.03,1.0,46.551734353187925,52.48693391877886,1.396552030595639,0.0
P2_rep7_a1,P2,1.0,245,1.05,1.0,44.56777774683524,54.43520666505401,2.228388887341764,0.0
P2_rep7_a1,P2,1.0,246,1.01,1.0,48.54666130730787,50.52788813971476,0.48546661307307915,0.0
P2_rep7_a1,P2,1.0,247,1.03,1.0,46.551734353187925,52.48693391877886,1.396552030595639,0.0
P2_rep7_a1,P2,1.0,248,1.02,1.0,47.54821973615019,51.50837153113873,0.9509643947230046,0.0
P2_rep7_a1,P2,1.0,249,1.04,1.0,45.55799373544579,53.46280090912243,1.8223197494178334,0.0
P2_rep7_a1,P2,1.0,250,1.03,1.0,46.551734353187925,52.48693391877886,1.396552030595639,0.0
P2_rep7_a1,P2,1.0,251,1.04,1.0,45.55799373544579,53.46280090912243,1.8223197494178334,0.0
P2_rep7_a1,P2,1.0,252,1.02,1.0,47.54821973615019,51.50837153113873,0.9509643947230046,0.0
P2_rep7_a1,P2,1.0,253,1.0,1.0,49.54626425778431,49.54626425778431,0.0,0.0
P2_rep7_a1,P2,1.0,254,1.0,1.0,49.54626425778431,49.54626425778431,0.0,0.0
P2_rep7_a1,P2,1.0,255,1.02,1.0,47.54821973615019,51.50837153113873,0.9509643947230046,0.0
P2_rep7_a1,P2,1.0,256,1.0,1.0,49.54626425778431,49.54626425778431,0.0,0.0
P2_rep7_a1,P2,1.0,257,1.0,1.0,49.54626425778431,49.54626425778431,0.0,0.0
P2_rep7_a1,P2,1.0,258,1.0,1.0,49.54626425778431,49.54626425778431,0.0,0.0
P2_rep7_a1,P2,1.0,259,1.0,1.0,49.54626425778431,49.54626425778431,0.0,0.0
P2_rep7_a1,P2,1.0,260,1.0,1.0,49.54626425778431,49.54626425778431,0.0,0.0
P2_rep7_a1,P2,1.0,261,1.0,1.0,49.54626425778431,49.54626425778431,0.0,0.0
P2_rep7_a1,P2,1.0,262,1.0,1.0,49.54626425778431,49.54626425778431,0.0,0.0
P2_rep7_a1,P2,1.0,263,1.0,1.0,49.54626425778431,49.54626425778431,0.0,0.0
P2_rep7_a1,P2,1.0,264,1.0,1.0,49.54626425778431,49.54626425778431,0.0,0.0
P2_rep7_a1,P2,1.0,265,1.0,1.0,49.54626425778431,49.54626425778431,0.0,0.0
P2_rep7_a1,P2,1.0,266,1.0,1.0,49.54626425778431,49.54626425778431,0.0,0.0
P2_rep7_a1,P2,1.0,267,1.0,1.0,49.54626425778431,49.54626425778431,0.0,0.0
P2_rep7_a1,P2,1.0,268,1.0,1.0,49.54626425778431,49.54626425778431,0.0,0.0
P2_rep7_a1,P2,1.0,269,1.0,1.0,49.54626425778431,49.54626425778431,0.0,0.0
P2_rep7_a1,P2,1.0,270,1.0,1.0,49.54626425778431,49.54626425778431,0.0,0.0
P2_rep7_a1,P2,1.0,271,1.0,1.0,49.54626425778431,49.54626425778431,0.0,0.0
P2_rep7_a1,P2,1.0,272,1.0,1.0,49.54626425778431,49.54626425778431,0.0,0.0
P2_rep7_a1,P2,1.0,273,1.0,1.0,49.54626425778431,49.54626425778431,0.0,0.0
P2_rep7_a1,P2,1.0,274,1.0,1.0,49.54626425778431,49.54626425778431,0.0,0.0
P2_rep7_a1,P2,1.0,275,1.0,1.0,49.54626425778431,49.54626425778431,0.0,0.0
P2_rep7_a1,P2,1.0,276,1.0,1.0,49.54626425778431,49.54626425778431,0.0,0.0
P2_rep7_a1,P2,1.0,277,1.0,1.0,49.54626425778431,49.54626425778431,0.0,0.0
P2_rep7_a1,P2,1.0,278,1.0,1.0,49.54626425778431,49.54626425778431,0.0,0.0
P2_rep7_a1,P2,1.0,279,1.0,1.0,49.54626425778431,49.54626425778431,0.0,0.0
P2_rep7_a1,P2,1.0,280,1.0,1.0,49.54626425778431,49.54626425778431,0.0,0.0
P2_rep7_a1,P2,1.0,281,1.0,1.0,49.54626425778431,49.54626425778431,0.0,0.0
P2_rep7_a1,P2,1.0,282,1.0,1.0,49.54626425778431,49.54626425778431,0.0,0.0
P2_rep7_a1,P2,1.0,283,1.0,1.0,49.54626425778431,49.54626425778431,0.0,0.0
P2_rep7_a1,P2,1.0,284,1.0,1.0,49.54626425778431,49.54626425778431,0.0,0.0
P2_rep7_a1,P2,1.0,285,1.0,1.0,49.54626425778431,49.54626425778431,0.0,0.0
P2_rep7_a1,P2,1.0,286,1.0,1.0,49.54626425778431,49.54626425778431,0.0,0.0
P2_rep7_a1,P2,1.0,287,1.0,1.0,49.54626425778431,49.54626425778431,0.0,0.0
P2_rep7_a1,P2,1.0,288,1.0,1.0,49.54626425778431,49.54626425778431,0.0,0.0
P2_rep7_a1,P2,1.0,289,1.0,1.0,49.54626425778431,49.54626425778431,0.0,0.0
P2_rep7_a1,P2,1.0,290,1.0,1.0,49.54626425778431,49.54626425778431,0.0,0.0
P2_rep7_a1,P2,1.0,291,1.0,1.0,49.54626425778431,49.54626425778431,0.0,0.0
P2_rep7_a1,P2,1.0,292,1.0,1.0,49.54626425778431,49.54626425778431,0.0,0.0
P2_rep7_a1,P2,1.0,293,1.0,1.0,49.54626425778431,49.54626425778431,0.0,0.0
P2_rep7_a1,P2,1.0,294,1.0,1.0,49.54626425778431,49.54626425778431,0.0,0.0
P2_rep7_a1,P2,1.0,295,1.0,1.0,49.54626425778431,49.54626425778431,0.0,0.0
P2_rep7_a1,P2,1.0,296,1.0,1.0,49.54626425778431,49.54626425778431,0.0,0.0
P2_rep7_a1,P2,1.0,297,1.0,1.0,49.54626425778431,49.54626425778431,0.0,0.0
P2_rep7_a1,P2,1.0,298,1.0,1.0,49.54626425778431,49.54626425778431,0.0,0.0
P2_rep7_a1,P2,1.0,299,1.0,1.0,49.54626425778431,49.54626425778431,0.0,0.0
P2_rep7_a1,P2,1.0,300,1.0,1.0,49.54626425778431,49.54626425778431,0.0,0.0
P2_rep8_a1,P2,1.0,1,1.25,3.0,95.17474055557683,0.08678812948896054,23.793685138894208,0.1735762589779211
P2_rep8_a1,P2,1.0,2,1.75,2.5,70.53845126982412,3.5119026959339728,52.90383845236809,5.267854043900959
P2_rep8_a1,P2,1.0,3,1.25,2.5,94.64991225528938,0.6377460922442297,23.662478063822345,0.9566191383663446
P2_rep8_a1,P2,1.0,4,1.25,2.0,90.94429985127421,4.527850074362908,22.736074962818552,4.527850074362908
P2_rep8_a1,P2,1.0,5,1.25,2.0,90.94429985127421,4.527850074362908,22.736074962818552,4.527850074362908
P2_rep8_a1,P2,1.0,6,1.25,2.0,90.94429985127421,4.527850074362908,22.736074962818552,4.527850074362908
P2_rep8_a1,P2,1.0,7,1.75,2.0,57.61168847658291,21.194155761708547,43.208766357437185,21.194155761708547
P2_rep8_a1,P2,1.0,8,1.25,1.85,87.68045567628388,7.9541914824355215,21.92011391907097,6.761062760070194
P2_rep8_a1,P2,1.0,9,1.75,2.0,57.61168847658291,21.194155761708547,43.208766357437185,21.194155761708547
P2_rep8_a1,P2,1.0,10,1.75,2.0,57.61168847658291,21.194155761708547,43.208766357437185,21.194155761708547
P2_rep8_a1,P2,1.0,11,2.0,1.85,26.16349863059802,47.67300273880397,26.16349863059802,40.52205232798338
P2_rep8_a1,P2,1.0,12,2.0,2.0,33.333333333333336,33.333333333333336,33.333333333333336,33.333333333333336
P2_rep8_a1,P2,1.0,13,1.75,1.85,49.06291097984168,32.88785274664993,36.79718323488126,27.954674834652447
P2_rep8_a1,P2,1.0,14,2.0,1.75,21.194155761708547,57.61168847658291,21.194155761708547,43.208766357437185
P2_rep8_a1,P2,1.0,15,1.75,1.7,38.62074208281107,47.171480902137986,28.965556562108304,33.02003663149659
P2_rep8_a1,P2,1.0,16,2.0,1.7,18.796579370771095,62.40684125845782,18.796579370771095,43.68478888092047
P2_rep8_a1,P2,1.0,17,2.0,1.7,18.796579370771095,62.40684125845782,18.796579370771095,43.68478888092047
P2_rep8_a1,P2,1.0,18,1.75,1.7,38.62074208281107,47.171480902137986,28.965556562108304,33.02003663149659
P2_rep8_a1,P2,1.0,19,1.75,1.7,38.62074208281107,47.171480902137986,28.965556562108304,33.02003663149659
P2_rep8_a1,P2,1.0,20,1.75,1.7,38.62074208281107,47.171480902137986,28.965556562108304,33.02003663149659
P2_rep8_a1,P2,1.0,21,1.75,1.6,31.347979662532982,57.119743097360654,23.510984746899737,34.2718458584164
P2_rep8_a1,P2,1.0,22,1.75,1.6,31.347979662532982,57.119743097360654,23.510984746899737,34.2718458584164
P2_rep8_a1,P2,1.0,23,3.0,1.6,0.30672536074981016,82.94663737406178,0.6134507214996203,49.76798242443707
P2_rep8_a1,P2,1.0,24,1.75,1.6,31.347979662532982,57.119743097360654,23.510984746899737,34.2718458584164
P2_rep8_a1,P2,1.0,25,1.75,1.55,27.828639489053977,61.93377616715133,20.87147961679048,34.06357689193323
P2_rep8_a1,P2,1.0,26,1.75,1.5,24.472847105479765,66.52409557748219,18.354635329109826,33.26204778874109
P2_rep8_a1,P2,1.0,27,2.0,1.5,10.650697891920075,78.69860421615984,10.650697891920075,39.34930210807992
P2_rep8_a1,P2,1.0,28,1.75,1.7,38.62074208281107,47.171480902137986,28.965556562108304,33.02003663149659
P2_rep8_a1,P2,1.0,29,1.75,1.5,24.472847105479765,66.52409557748219,18.354635329109826,33.26204778874109
P2_rep8_a1,P2,1.0,30,1.75,1.45,21.331074565219662,70.82166164414096,15.998305923914746,31.869747739863428
P2_rep8_a1,P2,1.0,31,1.75,1.55,27.828639489053977,61.93377616715133,20.87147961679048,34.06357689193323
P2_rep8_a1,P2,1.0,32,1.5,1.45,42.431529615710865,51.825987305584185,21.215764807855432,23.32169428751288
P2_rep8_a1,P2,1.0,33,1.8,1.45,18.166858827377503,73.67024531445315,14.533487061902003,33.151610391503915
P2_rep8_a1,P2,1.0,34,1.8,1.6,27.211847744896772,60.561080896173216,21.76947819591742,36.33664853770394
P2_rep8_a1,P2,1.0,35,1.95,1.6,17.02437511917348,69.03724541882356,16.173156363214805,41.42234725129414
P2_rep8_a1,P2,1.0,36,1.75,1.6,31.347979662532982,57.119743097360654,23.510984746899737,34.2718458584164
P2_rep8_a1,P2,1.0,37,1.75,1.6,31.347979662532982,57.119743097360654,23.510984746899737,34.2718458584164
P2_rep8_a1,P2,1.0,38,1.75,1.6,31.347979662532982,57.119743097360654,23.510984746899737,34.2718458584164
P2_rep8_a1,P2,1.0,39,1.5,1.6,55.38155503924651,37.123366523433,27.690777519623254,22.274019914059803
P2_rep8_a1,P2,1.0,40,1.5,1.7,63.10485023372357,28.354836986291428,31.552425116861784,19.848385890404
P2_rep8_a1,P2,1.0,41,1.5,1.7,63.10485023372357,28.354836986291428,31.552425116861784,19.848385890404
P2_rep8_a1,P2,1.0,42,1.5,1.5,46.83105308334812,46.83105308334812,23.41552654167406,23.41552654167406
P2_rep8_a1,P2,1.0,43,1.5,1.5,46.83105308334812,46.83105308334812,23.41552654167406,23.41552654167406
P2_rep8_a1,P2,1.0,44,1.5,1.5,46.83105308334812,46.83105308334812,23.41552654167406,23.41552654167406
P2_rep8_a1,P2,1.0,45,1.5,1.55,51.17534317755294,41.89882725878207,25.58767158877647,23.044354992330142
P2_rep8_a1,P2,1.0,46,1.5,1.55,51.17534317755294,41.89882725878207,25.58767158877647,23.044354992330142
P2_rep8_a1,P2,1.0,47,1.5,1.6,55.38155503924651,37.123366523433,27.690777519623254,22.274019914059803
P2_rep8_a1,P2,1.0,48,1.5,1.6,55.38155503924651,37.123366523433,27.690777519623254,22.274019914059803
P2_rep8_a1,P2,1.0,49,1.5,1.6,55.38155503924651,37.123366523433,27.690777519623254,22.274019914059803
P2_rep8_a1,P2,1.0,50,1.5,1.55,51.17534317755294,41.89882725878207,25.58767158877647,23.044354992330142
P2_rep8_a1,P2,1.0,51,1.75,1.6,31.347979662532982,57.119743097360654,23.510984746899737,34.2718458584164
P2_rep8_a1,P2,1.0,52,1.5,1.6,55.38155503924651,37.123366523433,27.690777519623254,22.274019914059803
P2_rep8_a1,P2,1.0,53,1.5,1.6,55.38155503924651,37.123366523433,27.690777519623254,22.274019914059803
P2_rep8_a1,P2,1.0,54,1.5,1.6,55.38155503924651,37.123366523433,27.690777519623254,22.274019914059803
P2_rep8_a1,P2,1.0,55,1.5,1.55,51.17534317755294,41.89882725878207,25.58767158877647,23.044354992330142
P2_rep8_a1,P2,1.0,56,1.5,1.6,55.38155503924651,37.123366523433,27.690777519623254,22.274019914059803
P2_rep8_a1,P2,1.0,57,1.5,1.55,51.17534317755294,41.89882725878207,25.58767158877647,23.044354992330142
P2_rep8_a1,P2,1.0,58,1.6,1.6,45.41539494829371,45.41539494829371,27.24923696897623,27.24923696897623
P2_rep8_a1,P2,1.0,59,1.5,1.55,51.17534317755294,41.89882725878207,25.58767158877647,23.044354992330142
P2_rep8_a1,P2,1.0,60,1.6,1.5,37.123366523433,55.38155503924651,22.274019914059803,27.690777519623254
P2_rep8_a1,P2,1.0,61,1.45,1.7,67.62776543899933,24.878864557372456,30.432494447549697,17.41520519016072
P2_rep8_a1,P2,1.0,62,1.45,1.6,60.2549461079955,33.06861555628639,27.114725748597973,19.841169333771838
P2_rep8_a1,P2,1.0,63,1.45,1.5,51.825987305584185,42.431529615710865,23.32169428751288,21.215764807855432
P2_rep8_a1,P2,1.0,64,1.45,1.45,47.37533180383574,47.37533180383574,21.31889931172608,21.31889931172608
P2_rep8_a1,P2,1.0,65,1.45,1.4,42.87786052318553,52.37113710702588,19.295037235433487,20.948454842810346
P2_rep8_a1,P2,1.0,66,1.45,1.4,42.87786052318553,52.37113710702588,19.295037235433487,20.948454842810346
P2_rep8_a1,P2,1.0,67,1.25,1.4,62.554786089146326,34.33079449909626,15.638696522286581,13.7323177996385
P2_rep8_a1,P2,1.0,68,1.25,1.6,77.13763630816474,19.02190691922525,19.284409077041186,11.413144151535151
P2_rep8_a1,P2,1.0,69,1.5,1.5,46.83105308334812,46.83105308334812,23.41552654167406,23.41552654167406
P2_rep8_a1,P2,1.0,70,1.5,1.45,42.431529615710865,51.825987305584185,21.215764807855432,23.32169428751288
P2_rep8_a1,P2,1.0,71,1.45,1.45,47.37533180383574,47.37533180383574,21.31889931172608,21.31889931172608
P2_rep8_a1,P2,1.0,72,1.45,1.45,47.37533180383574,47.37533180383574,21.31889931172608,21.31889931172608
P2_rep8_a1,P2,1.0,73,1.45,1.4,42.87786052318553,52.37113710702588,19.295037235433487,20.948454842810346
P2_rep8_a1,P2,1.0,74,1.45,1.5,51.825987305584185,42.431529615710865,23.32169428751288,21.215764807855432
P2_rep8_a1,P2,1.0,75,1.3,1.4,57.76573320497357,38.72152894124036,17.329719961492074,15.48861157649614
P2_rep8_a1,P2,1.0,76,1.3,1.4,57.76573320497357,38.72152894124036,17.329719961492074,15.48861157649614
P2_rep8_a1,P2,1.0,77,1.25,1.4,62.554786089146326,34.33079449909626,15.638696522286581,13.7323177996385
P2_rep8_a1,P2,1.0,78,1.3,1.45,62.126399066046844,34.09569071606757,18.637919719814057,15.343060822230406
P2_rep8_a1,P2,1.0,79,1.3,1.4,57.76573320497357,38.72152894124036,17.329719961492074,15.48861157649614
P2_rep8_a1,P2,1.0,80,1.3,1.4,57.76573320497357,38.72152894124036,17.329719961492074,15.48861157649614
P2_rep8_a1,P2,1.0,81,1.3,1.55,69.99421479212646,25.749432622961383,20.99826443763794,14.162187942628762
P2_rep8_a1,P2,1.0,82,1.3,1.45,62.126399066046844,34.09569071606757,18.637919719814057,15.343060822230406
P2_rep8_a1,P2,1.0,83,1.3,1.4,57.76573320497357,38.72152894124036,17.329719961492074,15.48861157649614
P2_rep8_a1,P2,1.0,84,1.25,1.3,53.51835495078164,43.81712305234819,13.37958873769541,13.145136915704457
P2_rep8_a1,P2,1.0,85,1.3,1.6,73.42120863311034,22.114043071891032,22.026362589933104,13.268425843134622
P2_rep8_a1,P2,1.0,86,1.3,1.3,48.52460778098702,48.52460778098702,14.557382334296108,14.557382334296108
P2_rep8_a1,P2,1.0,87,1.3,1.3,48.52460778098702,48.52460778098702,14.557382334296108,14.557382334296108
P2_rep8_a1,P2,1.0,88,1.3,1.25,43.81712305234819,53.51835495078164,13.145136915704457,13.37958873769541
P2_rep8_a1,P2,1.0,89,1.5,1.6,55.38155503924651,37.123366523433,27.690777519623254,22.274019914059803
P2_rep8_a1,P2,1.0,90,1.3,1.55,69.99421479212646,25.749432622961383,20.99826443763794,14.162187942628762
P2_rep8_a1,P2,1.0,91,1.25,1.6,77.13763630816474,19.02190691922525,19.284409077041186,11.413144151535151
P2_rep8_a1,P2,1.0,92,1.3,1.6,73.42120863311034,22.114043071891032,22.026362589933104,13.268425843134622
P2_rep8_a1,P2,1.0,93,1.45,1.6,60.2549461079955,33.06861555628639,27.114725748597973,19.841169333771838
P2_rep8_a1,P2,1.0,94,1.4,1.5,56.784691777421465,38.06391720636073,22.71387671096858,19.031958603180364
P2_rep8_a1,P2,1.0,95,1.45,1.6,60.2549461079955,33.06861555628639,27.114725748597973,19.841169333771838
P2_rep8_a1,P2,1.0,96,1.45,1.7,67.62776543899933,24.878864557372456,30.432494447549697,17.41520519016072
P2_rep8_a1,P2,1.0,97,1.3,1.6,73.42120863311034,22.114043071891032,22.026362589933104,13.268425843134622
P2_rep8_a1,P2,1.0,98,1.3,1.55,69.99421479212646,25.749432622961383,20.99826443763794,14.162187942628762
P2_rep8_a1,P2,1.0,99,1.3,1.55,69.99421479212646,25.749432622961383,20.99826443763794,14.162187942628762
P2_rep8_a1,P2,1.0,100,1.3,1.6,73.42120863311034,22.114043071891032,22.026362589933104,13.268425843134622
P2_rep8_a1,P2,1.0,101,1.3,1.5,66.21906872754134,29.75414555615326,19.865720618262404,14.87707277807663
P2_rep8_a1,P2,1.0,102,1.3,1.5,66.21906872754134,29.75414555615326,19.865720618262404,14.87707277807663
P2_rep8_a1,P2,1.0,103,1.3,1.45,62.126399066046844,34.09569071606757,18.637919719814057,15.343060822230406
P2_rep8_a1,P2,1.0,104,1.3,1.5,66.21906872754134,29.75414555615326,19.865720618262404,14.87707277807663
P2_rep8_a1,P2,1.0,105,1.3,1.4,57.76573320497357,38.72152894124036,17.329719961492074,15.48861157649614
P2_rep8_a1,P2,1.0,106,1.3,1.5,66.21906872754134,29.75414555615326,19.865720618262404,14.87707277807663
P2_rep8_a1,P2,1.0,107,1.3,1.4,57.76573320497357,38.72152894124036,17.329719961492074,15.48861157649614
P2_rep8_a1,P2,1.0,108,1.3,1.4,57.76573320497357,38.72152894124036,17.329719961492074,15.48861157649614
P2_rep8_a1,P2,1.0,109,1.5,1.3,29.75414555615326,66.21906872754134,14.87707277807663,19.865720618262404
P2_rep8_a1,P2,1.0,110,1.45,1.2,26.11589984139071,70.99037597270883,11.752154928625819,14.198075194541763
P2_rep8_a1,P2,1.0,111,1.5,1.15,19.26583583040572,78.12681682069625,9.63291791520286,11.71902252310443
P2_rep8_a1,P2,1.0,112,1.5,1.2,22.444410887392287,74.51806840808356,11.222205443696144,14.90361368161671
P2_rep8_a1,P2,1.0,113,1.3,1.2,39.17520890828904,58.44254418464191,11.752562672486713,11.68850883692838
P2_rep8_a1,P2,1.0,114,1.7,1.25,13.603884344573762,82.29870443131762,9.522719041201633,20.574676107829404
P2_rep8_a1,P2,1.0,115,1.45,1.25,29.972927670739992,66.70597727797625,13.487817451832996,16.67649431949406
P2_rep8_a1,P2,1.0,116,1.45,1.2,26.11589984139071,70.99037597270883,11.752154928625819,14.198075194541763
P2_rep8_a1,P2,1.0,117,1.3,1.1,30.42888610202591,67.72073142849428,9.128665830607774,6.772073142849433
P2_rep8_a1,P2,1.0,118,1.3,1.3,48.52460778098702,48.52460778098702,14.557382334296108,14.557382334296108
P2_rep8_a1,P2,1.0,119,1.25,1.25,48.78555511603684,48.78555511603684,12.19638877900921,12.19638877900921
P2_rep8_a1,P2,1.0,120,1.3,1.25,43.81712305234819,53.51835495078164,13.145136915704457,13.37958873769541
P2_rep8_a1,P2,1.0,121,1.5,1.15,19.26583583040572,78.12681682069625,9.63291791520286,11.71902252310443
P2_rep8_a1,P2,1.0,122,1.25,1.2,44.0297851073373,53.77810097130135,11.007446276834324,10.755620194260267
P2_rep8_a1,P2,1.0,123,1.25,1.2,44.0297851073373,53.77810097130135,11.007446276834324,10.755620194260267
P2_rep8_a1,P2,1.0,124,1.5,1.1,16.424763549456895,81.35238642348295,8.212381774728447,8.135238642348302
P2_rep8_a1,P2,1.0,125,1.3,1.1,30.42888610202591,67.72073142849428,9.128665830607774,6.772073142849433
P2_rep8_a1,P2,1.0,126,1.3,1.15,34.68694676544798,63.20373782946754,10.406084029634394,9.480560674420126
P2_rep8_a1,P2,1.0,127,1.3,1.2,39.17520890828904,58.44254418464191,11.752562672486713,11.68850883692838
P2_rep8_a1,P2,1.0,128,1.25,1.2,44.0297851073373,53.77810097130135,11.007446276834324,10.755620194260267
P2_rep8_a1,P2,1.0,129,1.3,1.25,43.81712305234819,53.51835495078164,13.145136915704457,13.37958873769541
P2_rep8_a1,P2,1.0,130,1.3,1.3,48.52460778098702,48.52460778098702,14.557382334296108,14.557382334296108
P2_rep8_a1,P2,1.0,131,1.25,1.3,53.51835495078164,43.81712305234819,13.37958873769541,13.145136915704457
P2_rep8_a1,P2,1.0,132,1.3,1.25,43.81712305234819,53.51835495078164,13.145136915704457,13.37958873769541
P2_rep8_a1,P2,1.0,133,1.45,1.2,26.11589984139071,70.99037597270883,11.752154928625819,14.198075194541763
P2_rep8_a1,P2,1.0,134,1.45,1.2,26.11589984139071,70.99037597270883,11.752154928625819,14.198075194541763
P2_rep8_a1,P2,1.0,135,1.3,1.25,43.81712305234819,53.51835495078164,13.145136915704457,13.37958873769541
P2_rep8_a1,P2,1.0,136,1.3,1.25,43.81712305234819,53.51835495078164,13.145136915704457,13.37958873769541
P2_rep8_a1,P2,1.0,137,1.25,1.1,34.820082749868675,63.44632740968894,8.705020687467169,6.344632740968899
P2_rep8_a1,P2,1.0,138,1.3,1.1,30.42888610202591,67.72073142849428,9.128665830607774,6.772073142849433
P2_rep8_a1,P2,1.0,139,1.25,1.1,34.820082749868675,63.44632740968894,8.705020687467169,6.344632740968899
P2_rep8_a1,P2,1.0,140,1.2,1.4,67.10998772498269,30.154461266385933,13.421997544996534,12.061784506554371
P2_rep8_a1,P2,1.0,141,1.2,1.3,58.44254418464191,39.17520890828904,11.68850883692838,11.752562672486713
P2_rep8_a1,P2,1.0,142,1.2,1.25,53.77810097130135,44.0297851073373,10.755620194260267,11.007446276834324
P2_rep8_a1,P2,1.0,143,1.2,1.2,49.00129951694268,49.00129951694268,9.800259903388534,9.800259903388534
P2_rep8_a1,P2,1.0,144,1.2,1.2,49.00129951694268,49.00129951694268,9.800259903388534,9.800259903388534
P2_rep8_a1,P2,1.0,145,1.2,1.1,39.48531832650961,58.90517307371448,7.897063665301921,5.890517307371453
P2_rep8_a1,P2,1.0,146,1.2,1.1,39.48531832650961,58.90517307371448,7.897063665301921,5.890517307371453
P2_rep8_a1,P2,1.0,147,1.2,1.2,49.00129951694268,49.00129951694268,9.800259903388534,9.800259903388534
P2_rep8_a1,P2,1.0,148,1.2,1.1,39.48531832650961,58.90517307371448,7.897063665301921,5.890517307371453
P2_rep8_a1,P2,1.0,149,1.2,1.05,34.929848585182505,63.646333801854844,6.985969717036499,3.182316690092745
P2_rep8_a1,P2,1.0,150,1.3,1.05,26.46138354982125,71.9294980593642,7.938415064946376,3.5964749029682137
P2_rep8_a1,P2,1.0,151,1.2,1.05,34.929848585182505,63.646333801854844,6.985969717036499,3.182316690092745
P2_rep8_a1,P2,1.0,152,1.2,1.1,39.48531832650961,58.90517307371448,7.897063665301921,5.890517307371453
P2_rep8_a1,P2,1.0,153,1.2,1.05,34.929848585182505,63.646333801854844,6.985969717036499,3.182316690092745
P2_rep8_a1,P2,1.0,154,1.15,1.05,39.60085556974326,59.07753438666782,5.940128335461486,2.953876719333394
P2_rep8_a1,P2,1.0,155,1.25,1.15,39.34511215968324,58.69601005128134,9.83627803992081,8.804401507692196
P2_rep8_a1,P2,1.0,156,1.2,1.1,39.48531832650961,58.90517307371448,7.897063665301921,5.890517307371453
P2_rep8_a1,P2,1.0,157,1.2,1.1,39.48531832650961,58.90517307371448,7.897063665301921,5.890517307371453
P2_rep8_a1,P2,1.0,158,1.15,1.1,44.35030298036147,54.169582385452664,6.652545447054217,5.416958238545271
P2_rep8_a1,P2,1.0,159,1.2,1.1,39.48531832650961,58.90517307371448,7.897063665301921,5.890517307371453
P2_rep8_a1,P2,1.0,160,1.15,1.05,39.60085556974326,59.07753438666782,5.940128335461486,2.953876719333394
P2_rep8_a1,P2,1.0,161,1.2,1.1,39.48531832650961,58.90517307371448,7.897063665301921,5.890517307371453
P2_rep8_a1,P2,1.0,162,1.15,1.1,44.35030298036147,54.169582385452664,6.652545447054217,5.416958238545271
P2_rep8_a1,P2,1.0,163,1.25,1.1,34.820082749868675,63.44632740968894,8.705020687467169,6.344632740968899
P2_rep8_a1,P2,1.0,164,1.2,1.25,53.77810097130135,44.0297851073373,10.755620194260267,11.007446276834324
P2_rep8_a1,P2,1.0,165,1.15,1.2,53.99264768938503,44.205441103404354,8.09889715340775,8.841088220680868
P2_rep8_a1,P2,1.0,166,1.2,1.15,44.205441103404354,53.99264768938503,8.841088220680868,8.09889715340775
P2_rep8_a1,P2,1.0,167,1.15,1.15,49.17936193877041,49.17936193877041,7.376904290815557,7.376904290815557
P2_rep8_a1,P2,1.0,168,1.15,1.25,58.69601005128134,39.34511215968324,8.804401507692196,9.83627803992081
P2_rep8_a1,P2,1.0,169,1.25,1.15,39.34511215968324,58.69601005128134,9.83627803992081,8.804401507692196
P2_rep8_a1,P2,1.0,170,1.2,1.15,44.205441103404354,53.99264768938503,8.841088220680868,8.09889715340775
P2_rep8_a1,P2,1.0,171,1.15,1.1,44.35030298036147,54.169582385452664,6.652545447054217,5.416958238545271
P2_rep8_a1,P2,1.0,172,1.15,1.1,44.35030298036147,54.169582385452664,6.652545447054217,5.416958238545271
P2_rep8_a1,P2,1.0,173,1.2,1.05,34.929848585182505,63.646333801854844,6.985969717036499,3.182316690092745
P2_rep8_a1,P2,1.0,174,1.15,1.15,49.17936193877041,49.17936193877041,7.376904290815557,7.376904290815557
P2_rep8_a1,P2,1.0,175,1.15,1.15,49.17936193877041,49.17936193877041,7.376904290815557,7.376904290815557
P2_rep8_a1,P2,1.0,176,1.1,1.2,58.90517307371448,39.48531832650961,5.890517307371453,7.897063665301921
P2_rep8_a1,P2,1.0,177,1.1,1.25,63.44632740968894,34.820082749868675,6.344632740968899,8.705020687467169
P2_rep8_a1,P2,1.0,178,1.15,1.2,53.99264768938503,44.205441103404354,8.09889715340775,8.841088220680868
P2_rep8_a1,P2,1.0,179,1.1,1.1,49.32611348289486,49.32611348289486,4.93261134828949,4.93261134828949
P2_rep8_a1,P2,1.0,180,1.05,1.1,54.31530996291843,44.46961462960421,2.715765498145924,4.446961462960425
P2_rep8_a1,P2,1.0,181,1.0,1.1,59.21940469028911,39.69595407819774,0.0,3.969595407819777
P2_rep8_a1,P2,1.0,182,1.2,1.1,39.48531832650961,58.90517307371448,7.897063665301921,5.890517307371453
P2_rep8_a1,P2,1.0,183,1.15,1.1,44.35030298036147,54.169582385452664,6.652545447054217,5.416958238545271
P2_rep8_a1,P2,1.0,184,1.15,1.1,44.35030298036147,54.169582385452664,6.652545447054217,5.416958238545271
P2_rep8_a1,P2,1.0,185,1.15,1.2,53.99264768938503,44.205441103404354,8.09889715340775,8.841088220680868
P2_rep8_a1,P2,1.0,186,1.2,1.05,34.929848585182505,63.646333801854844,6.985969717036499,3.182316690092745
P2_rep8_a1,P2,1.0,187,1.15,1.1,44.35030298036147,54.169582385452664,6.652545447054217,5.416958238545271
P2_rep8_a1,P2,1.0,188,1.2,1.05,34.929848585182505,63.646333801854844,6.985969717036499,3.182316690092745
P2_rep8_a1,P2,1.0,189,1.2,1.2,49.00129951694268,49.00129951694268,9.800259903388534,9.800259903388534
P2_rep8_a1,P2,1.0,190,1.15,1.1,44.35030298036147,54.169582385452664,6.652545447054217,5.416958238545271
P2_rep8_a1,P2,1.0,191,1.2,1.1,39.48531832650961,58.90517307371448,7.897063665301921,5.890517307371453
P2_rep8_a1,P2,1.0,192,1.15,1.15,49.17936193877041,49.17936193877041,7.376904290815557,7.376904290815557
P2_rep8_a1,P2,1.0,193,1.2,1.1,39.48531832650961,58.90517307371448,7.897063665301921,5.890517307371453
P2_rep8_a1,P2,1.0,194,1.3,1.05,26.46138354982125,71.9294980593642,7.938415064946376,3.5964749029682137
P2_rep8_a1,P2,1.0,195,1.25,1.1,34.820082749868675,63.44632740968894,8.705020687467169,6.344632740968899
P2_rep8_a1,P2,1.0,196,1.2,1.05,34.929848585182505,63.646333801854844,6.985969717036499,3.182316690092745
P2_rep8_a1,P2,1.0,197,1.2,1.3,58.44254418464191,39.17520890828904,11.68850883692838,11.752562672486713
P2_rep8_a1,P2,1.0,198,1.1,1.1,49.32611348289486,49.32611348289486,4.93261134828949,4.93261134828949
P2_rep8_a1,P2,1.0,199,1.2,1.05,34.929848585182505,63.646333801854844,6.985969717036499,3.182316690092745
P2_rep8_a1,P2,1.0,200,1.2,1.15,44.205441103404354,53.99264768938503,8.841088220680868,8.09889715340775
P2_rep8_a1,P2,1.0,201,1.15,1.1,44.35030298036147,54.169582385452664,6.652545447054217,5.416958238545271
P2_rep8_a1,P2,1.0,202,1.15,1.2,53.99264768938503,44.205441103404354,8.09889715340775,8.841088220680868
P2_rep8_a1,P2,1.0,203,1.1,1.25,63.44632740968894,34.820082749868675,6.344632740968899,8.705020687467169
P2_rep8_a1,P2,1.0,204,1.1,1.25,63.44632740968894,34.820082749868675,6.344632740968899,8.705020687467169
P2_rep8_a1,P2,1.0,205,1.1,1.05,44.46961462960421,54.31530996291843,4.446961462960425,2.715765498145924
P2_rep8_a1,P2,1.0,206,1.05,1.2,63.646333801854844,34.929848585182505,3.182316690092745,6.985969717036499
P2_rep8_a1,P2,1.0,207,1.05,1.15,59.07753438666782,39.60085556974326,2.953876719333394,5.940128335461486
P2_rep8_a1,P2,1.0,208,1.1,1.1,49.32611348289486,49.32611348289486,4.93261134828949,4.93261134828949
P2_rep8_a1,P2,1.0,209,1.2,1.05,34.929848585182505,63.646333801854844,6.985969717036499,3.182316690092745
P2_rep8_a1,P2,1.0,210,1.15,1.05,39.60085556974326,59.07753438666782,5.940128335461486,2.953876719333394
P2_rep8_a1,P2,1.0,211,1.1,1.05,44.46961462960421,54.31530996291843,4.446961462960425,2.715765498145924
P2_rep8_a1,P2,1.0,212,1.05,1.05,49.446917148737434,49.446917148737434,2.4723458574368737,2.4723458574368737
P2_rep8_a1,P2,1.0,213,1.2,1.2,49.00129951694268,49.00129951694268,9.800259903388534,9.800259903388534
P2_rep8_a1,P2,1.0,214,1.15,1.2,53.99264768938503,44.205441103404354,8.09889715340775,8.841088220680868
P2_rep8_a1,P2,1.0,215,1.1,1.2,58.90517307371448,39.48531832650961,5.890517307371453,7.897063665301921
P2_rep8_a1,P2,1.0,216,1.05,1.1,54.31530996291843,44.46961462960421,2.715765498145924,4.446961462960425
P2_rep8_a1,P2,1.0,217,1.1,1.1,49.32611348289486,49.32611348289486,4.93261134828949,4.93261134828949
P2_rep8_a1,P2,1.0,218,1.05,1.15,59.07753438666782,39.60085556974326,2.953876719333394,5.940128335461486
P2_rep8_a1,P2,1.0,219,1.15,1.15,49.17936193877041,49.17936193877041,7.376904290815557,7.376904290815557
P2_rep8_a1,P2,1.0,220,1.2,1.1,39.48531832650961,58.90517307371448,7.897063665301921,5.890517307371453
P2_rep8_a1,P2,1.0,221,1.2,1.1,39.48531832650961,58.90517307371448,7.897063665301921,5.890517307371453
P2_rep8_a1,P2,1.0,222,1.2,1.15,44.205441103404354,53.99264768938503,8.841088220680868,8.09889715340775
P2_rep8_a1,P2,1.0,223,1.2,1.15,44.205441103404354,53.99264768938503,8.841088220680868,8.09889715340775
P2_rep8_a1,P2,1.0,224,1.15,1.2,53.99264768938503,44.205441103404354,8.09889715340775,8.841088220680868
P2_rep8_a1,P2,1.0,225,1.1,1.2,58.90517307371448,39.48531832650961,5.890517307371453,7.897063665301921
P2_rep8_a1,P2,1.0,226,1.1,1.15,54.169582385452664,44.35030298036147,5.416958238545271,6.652545447054217
P2_rep8_a1,P2,1.0,227,1.1,1.1,49.32611348289486,49.32611348289486,4.93261134828949,4.93261134828949
P2_rep8_a1,P2,1.0,228,1.15,1.2,53.99264768938503,44.205441103404354,8.09889715340775,8.841088220680868
P2_rep8_a1,P2,1.0,229,1.15,1.15,49.17936193877041,49.17936193877041,7.376904290815557,7.376904290815557
P2_rep8_a1,P2,1.0,230,1.15,1.2,53.99264768938503,44.205441103404354,8.09889715340775,8.841088220680868
P2_rep8_a1,P2,1.0,231,1.1,1.2,58.90517307371448,39.48531832650961,5.890517307371453,7.897063665301921
P2_rep8_a1,P2,1.0,232,1.1,1.2,58.90517307371448,39.48531832650961,5.890517307371453,7.897063665301921
P2_rep8_a1,P2,1.0,233,1.15,1.15,49.17936193877041,49.17936193877041,7.376904290815557,7.376904290815557
P2_rep8_a1,P2,1.0,234,1.15,1.15,49.17936193877041,49.17936193877041,7.376904290815557,7.376904290815557
P2_rep8_a1,P2,1.0,235,1.15,1.15,49.17936193877041,49.17936193877041,7.376904290815557,7.376904290815557
P2_rep8_a1,P2,1.0,236,1.15,1.1,44.35030298036147,54.169582385452664,6.652545447054217,5.416958238545271
P2_rep8_a1,P2,1.0,237,1.1,1.15,54.169582385452664,44.35030298036147,5.416958238545271,6.652545447054217
P2_rep8_a1,P2,1.0,238,1.15,1.15,49.17936193877041,49.17936193877041,7.376904290815557,7.376904290815557
P2_rep8_a1,P2,1.0,239,1.15,1.15,49.17936193877041,49.17936193877041,7.376904290815557,7.376904290815557
P2_rep8_a1,P2,1.0,240,1.05,1.15,59.07753438666782,39.60085556974326,2.953876719333394,5.940128335461486
P2_rep8_a1,P2,1.0,241,1.05,1.15,59.07753438666782,39.60085556974326,2.953876719333394,5.940128335461486
P2_rep8_a1,P2,1.0,242,1.1,1.15,54.169582385452664,44.35030298036147,5.416958238545271,6.652545447054217
P2_rep8_a1,P2,1.0,243,1.0,1.1,59.21940469028911,39.69595407819774,0.0,3.969595407819777
P2_rep8_a1,P2,1.0,244,1.1,1.1,49.32611348289486,49.32611348289486,4.93261134828949,4.93261134828949
P2_rep8_a1,P2,1.0,245,1.15,1.1,44.35030298036147,54.169582385452664,6.652545447054217,5.416958238545271
P2_rep8_a1,P2,1.0,246,1.15,1.0,35.020233828810355,63.81102645354702,5.25303507432155,0.0
P2_rep8_a1,P2,1.0,247,1.05,1.1,54.31530996291843,44.46961462960421,2.715765498145924,4.446961462960425
P2_rep8_a1,P2,1.0,248,1.05,1.0,44.56777774683524,54.43520666505401,2.228388887341764,0.0
P2_rep8_a1,P2,1.0,249,1.05,1.0,44.56777774683524,54.43520666505401,2.228388887341764,0.0
P2_rep8_a1,P2,1.0,250,1.1,1.1,49.32611348289486,49.32611348289486,4.93261134828949,4.93261134828949
P2_rep8_a1,P2,1.0,251,1.15,1.15,49.17936193877041,49.17936193877041,7.376904290815557,7.376904290815557
P2_rep8_a1,P2,1.0,252,1.15,1.1,44.35030298036147,54.169582385452664,6.652545447054217,5.416958238545271
P2_rep8_a1,P2,1.0,253,1.05,1.1,54.31530996291843,44.46961462960421,2.715765498145924,4.446961462960425
P2_rep8_a1,P2,1.0,254,1.2,1.1,39.48531832650961,58.90517307371448,7.897063665301921,5.890517307371453
P2_rep8_a1,P2,1.0,255,1.15,1.1,44.35030298036147,54.169582385452664,6.652545447054217,5.416958238545271
P2_rep8_a1,P2,1.0,256,1.05,1.15,59.07753438666782,39.60085556974326,2.953876719333394,5.940128335461486
P2_rep8_a1,P2,1.0,257,1.05,1.1,54.31530996291843,44.46961462960421,2.715765498145924,4.446961462960425
P2_rep8_a1,P2,1.0,258,1.05,1.05,49.446917148737434,49.446917148737434,2.4723458574368737,2.4723458574368737
P2_rep8_a1,P2,1.0,259,1.05,1.05,49.446917148737434,49.446917148737434,2.4723458574368737,2.4723458574368737
P2_rep8_a1,P2,1.0,260,1.05,1.05,49.446917148737434,49.446917148737434,2.4723458574368737,2.4723458574368737
P2_rep8_a1,P2,1.0,261,1.05,1.05,49.446917148737434,49.446917148737434,2.4723458574368737,2.4723458574368737
P2_rep8_a1,P2,1.0,262,1.1,1.0,39.69595407819774,59.21940469028911,3.969595407819777,0.0
P2_rep8_a1,P2,1.0,263,1.1,1.0,39.69595407819774,59.21940469028911,3.969595407819777,0.0
P2_rep8_a1,P2,1.0,264,1.1,1.05,44.46961462960421,54.31530996291843,4.446961462960425,2.715765498145924
P2_rep8_a1,P2,1.0,265,1.15,1.1,44.35030298036147,54.169582385452664,6.652545447054217,5.416958238545271
P2_rep8_a1,P2,1.0,266,1.15,1.05,39.60085556974326,59.07753438666782,5.940128335461486,2.953876719333394
P2_rep8_a1,P2,1.0,267,1.3,1.05,26.46138354982125,71.9294980593642,7.938415064946376,3.5964749029682137
P2_rep8_a1,P2,1.0,268,1.15,1.05,39.60085556974326,59.07753438666782,5.940128335461486,2.953876719333394
P2_rep8_a1,P2,1.0,269,1.05,1.1,54.31530996291843,44.46961462960421,2.715765498145924,4.446961462960425
P2_rep8_a1,P2,1.0,270,1.1,1.1,49.32611348289486,49.32611348289486,4.93261134828949,4.93261134828949
P2_rep8_a1,P2,1.0,271,1.1,1.15,54.169582385452664,44.35030298036147,5.416958238545271,6.652545447054217
P2_rep8_a1,P2,1.0,272,1.05,1.15,59.07753438666782,39.60085556974326,2.953876719333394,5.940128335461486
P2_rep8_a1,P2,1.0,273,1.15,1.1,44.35030298036147,54.169582385452664,6.652545447054217,5.416958238545271
P2_rep8_a1,P2,1.0,274,1.1,1.05,44.46961462960421,54.31530996291843,4.446961462960425,2.715765498145924
P2_rep8_a1,P2,1.0,275,1.15,1.05,39.60085556974326,59.07753438666782,5.940128335461486,2.953876719333394
P2_rep8_a1,P2,1.0,276,1.1,1.1,49.32611348289486,49.32611348289486,4.93261134828949,4.93261134828949
P2_rep8_a1,P2,1.0,277,1.15,1.15,49.17936193877041,49.17936193877041,7.376904290815557,7.376904290815557
P2_rep8_a1,P2,1.0,278,1.25,1.05,30.5312933837033,67.94864302524296,7.632823345925825,3.397432151262151
P2_rep8_a1,P2,1.0,279,1.1,1.1,49.32611348289486,49.32611348289486,4.93261134828949,4.93261134828949
P2_rep8_a1,P2,1.0,280,1.15,1.15,49.17936193877041,49.17936193877041,7.376904290815557,7.376904290815557
P2_rep8_a1,P2,1.0,281,1.15,1.2,53.99264768938503,44.205441103404354,8.09889715340775,8.841088220680868
P2_rep8_a1,P2,1.0,282,1.1,1.05,44.46961462960421,54.31530996291843,4.446961462960425,2.715765498145924
P2_rep8_a1,P2,1.0,283,1.2,1.05,34.929848585182505,63.646333801854844,6.985969717036499,3.182316690092745
P2_rep8_a1,P2,1.0,284,1.2,1.15,44.205441103404354,53.99264768938503,8.841088220680868,8.09889715340775
P2_rep8_a1,P2,1.0,285,1.05,1.15,59.07753438666782,39.60085556974326,2.953876719333394,5.940128335461486
P2_rep8_a1,P2,1.0,286,1.05,1.2,63.646333801854844,34.929848585182505,3.182316690092745,6.985969717036499
P2_rep8_a1,P2,1.0,287,1.05,1.15,59.07753438666782,39.60085556974326,2.953876719333394,5.940128335461486
P2_rep8_a1,P2,1.0,288,1.05,1.2,63.646333801854844,34.929848585182505,3.182316690092745,6.985969717036499
P2_rep8_a1,P2,1.0,289,1.05,1.2,63.646333801854844,34.929848585182505,3.182316690092745,6.985969717036499
P2_rep8_a1,P2,1.0,290,1.05,1.2,63.646333801854844,34.929848585182505,3.182316690092745,6.985969717036499
P2_rep8_a1,P2,1.0,291,1.05,1.2,63.646333801854844,34.929848585182505,3.182316690092745,6.985969717036499
P2_rep8_a1,P2,1.0,292,1.05,1.1,54.31530996291843,44.46961462960421,2.715765498145924,4.446961462960425
P2_rep8_a1,P2,1.0,293,1.1,1.15,54.169582385452664,44.35030298036147,5.416958238545271,6.652545447054217
P2_rep8_a1,P2,1.0,294,1.1,1.1,49.32611348289486,49.32611348289486,4.93261134828949,4.93261134828949
P2_rep8_a1,P2,1.0,295,1.05,1.2,63.646333801854844,34.929848585182505,3.182316690092745,6.985969717036499
P2_rep8_a1,P2,1.0,296,1.15,1.15,49.17936193877041,49.17936193877041,7.376904290815557,7.376904290815557
P2_rep8_a1,P2,1.0,297,1.05,1.15,59.07753438666782,39.60085556974326,2.953876719333394,5.940128335461486
P2_rep8_a1,P2,1.0,298,1.05,1.0,44.56777774683524,54.43520666505401,2.228388887341764,0.0
P2_rep8_a1,P2,1.0,299,1.1,1.1,49.32611348289486,49.32611348289486,4.93261134828949,4.93261134828949
P2_rep8_a1,P2,1.0,300,1.15,1.05,39.60085556974326,59.07753438666782,5.940128335461486,2.953876719333394
P2_rep9_a1,P2,1.0,1,1.5,1.49,45.952797910147915,47.82816716916741,22.976398955073957,23.43580191289203
P2_rep9_a1,P2,1.0,2,1.49,1.49,46.94772398572971,46.94772398572971,23.004384753007557,23.004384753007557
P2_rep9_a1,P2,1.0,3,2.0,1.49,10.319268680401219,79.36146263919755,10.319268680401219,38.8871166932068
P2_rep9_a1,P2,1.0,4,1.75,2.49,70.43749780526102,3.649994864624875,52.82812335394576,5.4384923482910645
P2_rep9_a1,P2,1.0,5,1.75,1.49,23.82599519923088,67.40891100152258,17.869496399423163,33.03036639074607
P2_rep9_a1,P2,1.0,6,1.49,1.99,79.028643508967,10.695363853091342,38.72403531939383,10.588410214560428
P2_rep9_a1,P2,1.0,7,1.75,1.79,45.04457369745606,38.38445370291795,33.783430273092044,30.323718425305184
P2_rep9_a1,P2,1.0,8,1.49,1.79,69.87031747997575,21.04453520943665,34.236455565188116,16.625182815454952
P2_rep9_a1,P2,1.0,9,1.49,2.0,79.36146263919755,10.319268680401219,38.8871166932068,10.319268680401219
P2_rep9_a1,P2,1.0,10,1.49,1.79,69.87031747997575,21.04453520943665,34.236455565188116,16.625182815454952
P2_rep9_a1,P2,1.0,11,1.49,1.79,69.87031747997575,21.04453520943665,34.236455565188116,16.625182815454952
P2_rep9_a1,P2,1.0,12,1.49,1.79,69.87031747997575,21.04453520943665,34.236455565188116,16.625182815454952
P2_rep9_a1,P2,1.0,13,1.49,1.49,46.94772398572971,46.94772398572971,23.004384753007557,23.004384753007557
P2_rep9_a1,P2,1.0,14,1.49,1.69,63.31687975637031,28.450107992064556,31.02527108062145,19.630574514524543
P2_rep9_a1,P2,1.0,15,1.49,1.69,63.31687975637031,28.450107992064556,31.02527108062145,19.630574514524543
P2_rep9_a1,P2,1.0,16,1.25,1.29,52.57814689445093,44.80414131145945,13.144536723612733,12.993200980323243
P2_rep9_a1,P2,1.0,17,1.49,1.39,38.14095771908933,56.89962271702893,18.68906928235377,22.19085285964128
P2_rep9_a1,P2,1.0,18,1.49,1.39,38.14095771908933,56.89962271702893,18.68906928235377,22.19085285964128
P2_rep9_a1,P2,1.0,19,1.75,1.49,23.82599519923088,67.40891100152258,17.869496399423163,33.03036639074607
P2_rep9_a1,P2,1.0,20,1.75,1.59,30.633873158158668,58.09655470350108,22.975404868619,34.27696727506564
P2_rep9_a1,P2,1.0,21,1.85,1.59,22.84133064999979,64.62308130540917,19.415131052499824,38.127617970191416
P2_rep9_a1,P2,1.0,22,1.75,1.59,30.633873158158668,58.09655470350108,22.975404868619,34.27696727506564
P2_rep9_a1,P2,1.0,23,1.75,1.59,30.633873158158668,58.09655470350108,22.975404868619,34.27696727506564
P2_rep9_a1,P2,1.0,24,1.49,1.59,55.54479353845175,37.23278856173504,27.216948833841357,21.967345251423676
P2_rep9_a1,P2,1.0,25,1.49,1.59,55.54479353845175,37.23278856173504,27.216948833841357,21.967345251423676
P2_rep9_a1,P2,1.0,26,1.49,1.39,38.14095771908933,56.89962271702893,18.68906928235377,22.19085285964128
P2_rep9_a1,P2,1.0,27,1.49,1.59,55.54479353845175,37.23278856173504,27.216948833841357,21.967345251423676
P2_rep9_a1,P2,1.0,28,1.49,1.59,55.54479353845175,37.23278856173504,27.216948833841357,21.967345251423676
P2_rep9_a1,P2,1.0,29,1.49,1.59,55.54479353845175,37.23278856173504,27.216948833841357,21.967345251423676
P2_rep9_a1,P2,1.0,30,1.4,1.49,55.916081344076716,39.01132620042435,22.366432537630683,19.11554983820793
P2_rep9_a1,P2,1.0,31,1.4,1.49,55.916081344076716,39.01132620042435,22.366432537630683,19.11554983820793
P2_rep9_a1,P2,1.0,32,1.4,1.49,55.916081344076716,39.01132620042435,22.366432537630683,19.11554983820793
P2_rep9_a1,P2,1.0,33,1.4,1.89,81.19675084227585,11.437246107562506,32.47870033691033,10.17914903573063
P2_rep9_a1,P2,1.0,34,1.35,1.59,68.62633917095077,26.27653705907222,24.019218709832778,15.503156864852611
P2_rep9_a1,P2,1.0,35,1.35,1.69,75.13518575255769,19.284255151801208,26.2973150133952,13.306136054742833
P2_rep9_a1,P2,1.0,36,1.35,1.59,68.62633917095077,26.27653705907222,24.019218709832778,15.503156864852611
P2_rep9_a1,P2,1.0,37,1.35,1.49,60.77244295607846,34.71377024874709,21.270355034627464,17.009747421886072
P2_rep9_a1,P2,1.0,38,1.25,1.59,76.5434306146354,19.645696372242913,19.13585765365885,11.590960859623321
P2_rep9_a1,P2,1.0,39,1.35,1.49,60.77244295607846,34.71377024874709,21.270355034627464,17.009747421886072
P2_rep9_a1,P2,1.0,40,1.3,1.29,47.58232229531265,49.524193706056096,14.274696688593798,14.362016174756269
P2_rep9_a1,P2,1.0,41,1.3,1.39,56.86708787899149,39.67482094577327,17.06012636369745,15.473180168851572
P2_rep9_a1,P2,1.0,42,1.4,1.29,37.82970710378695,58.73845929421955,15.131882841514777,17.034153195323672
P2_rep9_a1,P2,1.0,43,1.35,1.19,33.661482774818246,63.83835845149583,11.781518971186388,12.129288105784203
P2_rep9_a1,P2,1.0,44,1.3,1.39,56.86708787899149,39.67482094577327,17.06012636369745,15.473180168851572
P2_rep9_a1,P2,1.0,45,1.35,1.19,33.661482774818246,63.83835845149583,11.781518971186388,12.129288105784203
P2_rep9_a1,P2,1.0,46,1.49,1.29,29.801199422804455,66.3237890336174,14.602587717174183,19.233898819749047
P2_rep9_a1,P2,1.0,47,1.35,1.09,25.618096836315594,72.47915544460994,8.96633389271046,6.523123990014901
P2_rep9_a1,P2,1.0,48,1.35,1.39,51.90983101774948,44.23464008806084,18.168440856212325,17.251509634343723
P2_rep9_a1,P2,1.0,49,1.4,1.39,46.91468555440983,48.82931019287775,18.765874221763926,19.043430975222318
P2_rep9_a1,P2,1.0,50,1.35,1.29,42.63441951910989,54.19896958811477,14.922046831688466,15.717701180553286
P2_rep9_a1,P2,1.0,51,1.49,1.19,22.471174705976374,74.60692741508164,11.010875605928423,14.175316208865508
P2_rep9_a1,P2,1.0,52,1.3,1.29,47.58232229531265,49.524193706056096,14.274696688593798,14.362016174756269
P2_rep9_a1,P2,1.0,53,1.35,1.19,33.661482774818246,63.83835845149583,11.781518971186388,12.129288105784203
P2_rep9_a1,P2,1.0,54,1.4,1.19,29.350603830686037,67.98676946198574,11.740241532274412,12.917486197777288
P2_rep9_a1,P2,1.0,55,1.49,1.19,22.471174705976374,74.60692741508164,11.010875605928423,14.175316208865508
P2_rep9_a1,P2,1.0,56,1.4,1.09,21.995756755200624,76.00883321091581,8.798302702080248,6.840794988982429
P2_rep9_a1,P2,1.0,57,1.45,1.29,33.25259561367168,63.06291176858801,14.963668026152254,18.288244412890524
P2_rep9_a1,P2,1.0,58,1.49,1.19,22.471174705976374,74.60692741508164,11.010875605928423,14.175316208865508
P2_rep9_a1,P2,1.0,59,1.45,1.09,18.75645113357048,79.16527484116114,8.440403010106715,7.124874735704508
P2_rep9_a1,P2,1.0,60,1.49,1.09,16.439091729677852,81.42335436469995,8.055154947542148,7.3281018928230015
P2_rep9_a1,P2,1.0,61,1.3,1.19,38.262612886382925,59.41063522779166,11.47878386591488,11.288020693280412
P2_rep9_a1,P2,1.0,62,1.3,1.19,38.262612886382925,59.41063522779166,11.47878386591488,11.288020693280412
P2_rep9_a1,P2,1.0,63,1.3,1.19,38.262612886382925,59.41063522779166,11.47878386591488,11.288020693280412
P2_rep9_a1,P2,1.0,64,1.3,1.19,38.262612886382925,59.41063522779166,11.47878386591488,11.288020693280412
P2_rep9_a1,P2,1.0,65,1.49,1.19,22.471174705976374,74.60692741508164,11.010875605928423,14.175316208865508
P2_rep9_a1,P2,1.0,66,1.35,1.19,33.661482774818246,63.83835845149583,11.781518971186388,12.129288105784203
P2_rep9_a1,P2,1.0,67,1.49,1.09,16.439091729677852,81.42335436469995,8.055154947542148,7.3281018928230015
P2_rep9_a1,P2,1.0,68,1.75,1.39,17.893648269985224,75.52364640393426,13.420236202488919,29.454222097534355
P2_rep9_a1,P2,1.0,69,1.35,1.39,51.90983101774948,44.23464008806084,18.168440856212325,17.251509634343723
P2_rep9_a1,P2,1.0,70,1.49,1.59,55.54479353845175,37.23278856173504,27.216948833841357,21.967345251423676
P2_rep9_a1,P2,1.0,71,1.49,1.29,29.801199422804455,66.3237890336174,14.602587717174183,19.233898819749047
P2_rep9_a1,P2,1.0,72,1.35,1.29,42.63441951910989,54.19896958811477,14.922046831688466,15.717701180553286
P2_rep9_a1,P2,1.0,73,1.35,1.29,42.63441951910989,54.19896958811477,14.922046831688466,15.717701180553286
P2_rep9_a1,P2,1.0,74,1.35,1.29,42.63441951910989,54.19896958811477,14.922046831688466,15.717701180553286
P2_rep9_a1,P2,1.0,75,1.35,1.29,42.63441951910989,54.19896958811477,14.922046831688466,15.717701180553286
P2_rep9_a1,P2,1.0,76,1.35,1.19,33.661482774818246,63.83835845149583,11.781518971186388,12.129288105784203
P2_rep9_a1,P2,1.0,77,1.35,1.09,25.618096836315594,72.47915544460994,8.96633389271046,6.523123990014901
P2_rep9_a1,P2,1.0,78,1.35,1.19,33.661482774818246,63.83835845149583,11.781518971186388,12.129288105784203
P2_rep9_a1,P2,1.0,79,1.3,1.39,56.86708787899149,39.67482094577327,17.06012636369745,15.473180168851572
P2_rep9_a1,P2,1.0,80,1.35,1.39,51.90983101774948,44.23464008806084,18.168440856212325,17.251509634343723
P2_rep9_a1,P2,1.0,81,1.3,1.39,56.86708787899149,39.67482094577327,17.06012636369745,15.473180168851572
P2_rep9_a1,P2,1.0,82,1.25,1.49,69.79925956028316,26.725639931962753,17.44981489007079,13.095563566661749
P2_rep9_a1,P2,1.0,83,1.2,1.49,73.84169781399895,23.14835183759795,14.768339562799786,11.342692400422996
P2_rep9_a1,P2,1.0,84,1.2,1.59,79.94255167206128,16.798813730131076,15.988510334412254,9.911300100777336
P2_rep9_a1,P2,1.0,85,1.19,1.59,80.57625474550905,16.268065266168595,15.309488401646714,9.598158507039471
P2_rep9_a1,P2,1.0,86,1.18,1.49,75.3572418519454,21.807196499369113,13.564303533350168,10.685526284690864
P2_rep9_a1,P2,1.0,87,1.18,1.29,59.4648869746447,38.297552987263664,10.703679655436042,11.106290366306464
P2_rep9_a1,P2,1.0,88,1.18,1.39,68.05782393078943,29.38127879260525,12.250408307542092,11.458698729116046
P2_rep9_a1,P2,1.0,89,1.19,1.49,74.60692741508164,22.471174705976374,14.175316208865508,11.010875605928423
P2_rep9_a1,P2,1.0,90,1.18,1.39,68.05782393078943,29.38127879260525,12.250408307542092,11.458698729116046
P2_rep9_a1,P2,1.0,91,1.16,1.39,69.77128901546571,27.805187193673895,11.163406242474508,10.844023005532817
P2_rep9_a1,P2,1.0,92,1.16,1.39,69.77128901546571,27.805187193673895,11.163406242474508,10.844023005532817
P2_rep9_a1,P2,1.0,93,1.16,1.39,69.77128901546571,27.805187193673895,11.163406242474508,10.844023005532817
P2_rep9_a1,P2,1.0,94,1.35,1.39,51.90983101774948,44.23464008806084,18.168440856212325,17.251509634343723
P2_rep9_a1,P2,1.0,95,1.49,1.39,38.14095771908933,56.89962271702893,18.68906928235377,22.19085285964128
P2_rep9_a1,P2,1.0,96,1.49,1.39,38.14095771908933,56.89962271702893,18.68906928235377,22.19085285964128
P2_rep9_a1,P2,1.0,97,1.3,1.39,56.86708787899149,39.67482094577327,17.06012636369745,15.473180168851572
P2_rep9_a1,P2,1.0,98,1.3,1.29,47.58232229531265,49.524193706056096,14.274696688593798,14.362016174756269
P2_rep9_a1,P2,1.0,99,1.25,1.19,43.08420488865607,54.77075885697735,10.771051222164017,10.406444182825695
P2_rep9_a1,P2,1.0,100,1.18,1.19,50.03958892186803,48.07750857565439,9.007126005936243,9.134726629374331
P2_rep9_a1,P2,1.0,101,1.18,1.29,59.4648869746447,38.297552987263664,10.703679655436042,11.106290366306464
P2_rep9_a1,P2,1.0,102,1.15,1.19,53.035850047907815,45.19417021086799,7.955377507186167,8.586892340064916
P2_rep9_a1,P2,1.0,103,1.15,1.09,43.39105578421625,55.16084279723354,6.508658367632433,4.964475851751023
P2_rep9_a1,P2,1.0,104,1.05,1.29,71.16102337288685,27.247049608187048,3.5580511686443455,7.901644386374245
P2_rep9_a1,P2,1.0,105,1.18,1.39,68.05782393078943,29.38127879260525,12.250408307542092,11.458698729116046
P2_rep9_a1,P2,1.0,106,1.05,1.29,71.16102337288685,27.247049608187048,3.5580511686443455,7.901644386374245
P2_rep9_a1,P2,1.0,107,1.19,1.39,67.1820488629396,30.186840422857223,12.76458928395852,11.772867764914315
P2_rep9_a1,P2,1.0,108,1.35,1.19,33.661482774818246,63.83835845149583,11.781518971186388,12.129288105784203
P2_rep9_a1,P2,1.0,109,1.05,1.09,53.347144956894084,45.45943823409743,2.6673572478447065,4.091349441068773
P2_rep9_a1,P2,1.0,110,1.05,1.09,53.347144956894084,45.45943823409743,2.6673572478447065,4.091349441068773
P2_rep9_a1,P2,1.0,111,1.05,1.09,53.347144956894084,45.45943823409743,2.6673572478447065,4.091349441068773
P2_rep9_a1,P2,1.0,112,1.19,1.29,58.49718595989125,39.211836385589635,11.114465332379334,11.371432551820995
P2_rep9_a1,P2,1.0,113,1.19,1.39,67.1820488629396,30.186840422857223,12.76458928395852,11.772867764914315
P2_rep9_a1,P2,1.0,114,1.19,1.39,67.1820488629396,30.186840422857223,12.76458928395852,11.772867764914315
P2_rep9_a1,P2,1.0,115,1.19,1.19,49.039707029113366,49.039707029113366,9.317544335531537,9.317544335531537
P2_rep9_a1,P2,1.0,116,1.19,1.09,39.510253142520796,58.94237144807111,7.506948097078949,5.304813430326404
P2_rep9_a1,P2,1.0,117,1.19,1.29,58.49718595989125,39.211836385589635,11.114465332379334,11.371432551820995
P2_rep9_a1,P2,1.0,118,1.19,1.19,49.039707029113366,49.039707029113366,9.317544335531537,9.317544335531537
P2_rep9_a1,P2,1.0,119,1.19,1.39,67.1820488629396,30.186840422857223,12.76458928395852,11.772867764914315
P2_rep9_a1,P2,1.0,120,1.25,1.39,61.690461816989064,35.238150942883394,15.422615454247266,13.74287886772452
P2_rep9_a1,P2,1.0,121,1.49,1.19,22.471174705976374,74.60692741508164,11.010875605928423,14.175316208865508
P2_rep9_a1,P2,1.0,122,1.4,1.19,29.350603830686037,67.98676946198574,11.740241532274412,12.917486197777288
P2_rep9_a1,P2,1.0,123,1.35,1.19,33.661482774818246,63.83835845149583,11.781518971186388,12.129288105784203
P2_rep9_a1,P2,1.0,124,1.2,1.29,57.52288520501127,40.132355214837915,11.504577041002252,11.638383012302997
P2_rep9_a1,P2,1.0,125,1.18,1.29,59.4648869746447,38.297552987263664,10.703679655436042,11.106290366306464
P2_rep9_a1,P2,1.0,126,1.15,1.19,53.035850047907815,45.19417021086799,7.955377507186167,8.586892340064916
P2_rep9_a1,P2,1.0,127,1.14,1.19,54.03082259924611,44.2366960761036,7.56431516389445,8.40497225445968
P2_rep9_a1,P2,1.0,128,1.14,1.19,54.03082259924611,44.2366960761036,7.56431516389445,8.40497225445968
P2_rep9_a1,P2,1.0,129,1.14,1.09,44.37605712431105,54.201038567906735,6.212647997403543,4.878093471111611
P2_rep9_a1,P2,1.0,130,1.14,1.09,44.37605712431105,54.201038567906735,6.212647997403543,4.878093471111611
P2_rep9_a1,P2,1.0,131,1.12,1.09,46.358616726744344,52.26919440297924,5.5630340072093265,4.704227496268135
P2_rep9_a1,P2,1.0,132,1.12,1.19,56.010385506775336,42.33173871868823,6.7212462608130465,8.04303035655076
P2_rep9_a1,P2,1.0,133,1.1,1.29,66.89007284516744,31.28224136993202,6.68900728451675,9.071849997280287
P2_rep9_a1,P2,1.0,134,1.05,1.29,71.16102337288685,27.247049608187048,3.5580511686443455,7.901644386374245
P2_rep9_a1,P2,1.0,135,1.05,1.29,71.16102337288685,27.247049608187048,3.5580511686443455,7.901644386374245
P2_rep9_a1,P2,1.0,136,1.05,1.19,62.75179803323828,35.844395809395955,3.137589901661917,6.81043520378523
P2_rep9_a1,P2,1.0,137,1.05,1.19,62.75179803323828,35.844395809395955,3.137589901661917,6.81043520378523
P2_rep9_a1,P2,1.0,138,1.05,1.29,71.16102337288685,27.247049608187048,3.5580511686443455,7.901644386374245
P2_rep9_a1,P2,1.0,139,1.1,1.19,57.97101286222818,40.44500327233587,5.797101286222823,7.684550621743813
P2_rep9_a1,P2,1.0,140,1.1,1.29,66.89007284516744,31.28224136993202,6.68900728451675,9.071849997280287
P2_rep9_a1,P2,1.0,141,1.1,1.29,66.89007284516744,31.28224136993202,6.68900728451675,9.071849997280287
P2_rep9_a1,P2,1.0,142,1.2,1.29,57.52288520501127,40.132355214837915,11.504577041002252,11.638383012302997
P2_rep9_a1,P2,1.0,143,1.15,1.29,62.32151376277999,35.598613534078574,9.348227064416994,10.323597924882788
P2_rep9_a1,P2,1.0,144,1.1,1.29,66.89007284516744,31.28224136993202,6.68900728451675,9.071849997280287
P2_rep9_a1,P2,1.0,145,1.1,1.19,57.97101286222818,40.44500327233587,5.797101286222823,7.684550621743813
P2_rep9_a1,P2,1.0,146,1.15,1.24,57.76841993970724,40.30365898646343,8.665262990956082,9.672878156751223
P2_rep9_a1,P2,1.0,147,1.15,1.29,62.32151376277999,35.598613534078574,9.348227064416994,10.323597924882788
P2_rep9_a1,P2,1.0,148,1.2,1.24,52.82882529440431,45.01775535300771,10.56576505888086,10.80426128472185
P2_rep9_a1,P2,1.0,149,1.2,1.24,52.82882529440431,45.01775535300771,10.56576505888086,10.80426128472185
P2_rep9_a1,P2,1.0,150,1.19,1.24,53.8243651749164,44.0676630336036,10.226629383234114,10.576239128064865
P2_rep9_a1,P2,1.0,151,1.19,1.15,45.19417021086799,53.035850047907815,8.586892340064916,7.955377507186167
P2_rep9_a1,P2,1.0,152,1.19,1.15,45.19417021086799,53.035850047907815,8.586892340064916,7.955377507186167
P2_rep9_a1,P2,1.0,153,1.19,1.15,45.19417021086799,53.035850047907815,8.586892340064916,7.955377507186167
P2_rep9_a1,P2,1.0,154,1.19,1.39,67.1820488629396,30.186840422857223,12.76458928395852,11.772867764914315
P2_rep9_a1,P2,1.0,155,1.15,1.24,57.76841993970724,40.30365898646343,8.665262990956082,9.672878156751223
P2_rep9_a1,P2,1.0,156,1.1,1.19,57.97101286222818,40.44500327233587,5.797101286222823,7.684550621743813
P2_rep9_a1,P2,1.0,157,1.15,1.24,57.76841993970724,40.30365898646343,8.665262990956082,9.672878156751223
P2_rep9_a1,P2,1.0,158,1.15,1.15,49.17936193877041,49.17936193877041,7.376904290815557,7.376904290815557
P2_rep9_a1,P2,1.0,159,1.12,1.24,60.66551917649606,37.53881572171273,7.279862301179534,9.009315773211055
P2_rep9_a1,P2,1.0,160,1.1,1.15,54.169582385452664,44.35030298036147,5.416958238545271,6.652545447054217
P2_rep9_a1,P2,1.0,161,1.1,1.15,54.169582385452664,44.35030298036147,5.416958238545271,6.652545447054217
P2_rep9_a1,P2,1.0,162,1.1,1.05,44.46961462960421,54.31530996291843,4.446961462960425,2.715765498145924
P2_rep9_a1,P2,1.0,163,1.19,1.05,35.844395809395955,62.75179803323828,6.81043520378523,3.137589901661917
P2_rep9_a1,P2,1.0,164,1.19,1.19,49.039707029113366,49.039707029113366,9.317544335531537,9.317544335531537
P2_rep9_a1,P2,1.0,165,1.19,1.05,35.844395809395955,62.75179803323828,6.81043520378523,3.137589901661917
P2_rep9_a1,P2,1.0,166,1.19,1.24,53.8243651749164,44.0676630336036,10.226629383234114,10.576239128064865
P2_rep9_a1,P2,1.0,167,1.19,1.19,49.039707029113366,49.039707029113366,9.317544335531537,9.317544335531537
P2_rep9_a1,P2,1.0,168,1.19,1.19,49.039707029113366,49.039707029113366,9.317544335531537,9.317544335531537
P2_rep9_a1,P2,1.0,169,1.1,1.24,62.55736564009158,35.73333426412474,6.255736564009164,8.576000223389938
P2_rep9_a1,P2,1.0,170,1.1,1.24,62.55736564009158,35.73333426412474,6.255736564009164,8.576000223389938
P2_rep9_a1,P2,1.0,171,1.1,1.29,66.89007284516744,31.28224136993202,6.68900728451675,9.071849997280287
P2_rep9_a1,P2,1.0,172,1.1,1.24,62.55736564009158,35.73333426412474,6.255736564009164,8.576000223389938
P2_rep9_a1,P2,1.0,173,1.19,1.24,53.8243651749164,44.0676630336036,10.226629383234114,10.576239128064865
P2_rep9_a1,P2,1.0,174,1.15,1.19,53.035850047907815,45.19417021086799,7.955377507186167,8.586892340064916
P2_rep9_a1,P2,1.0,175,1.19,1.24,53.8243651749164,44.0676630336036,10.226629383234114,10.576239128064865
P2_rep9_a1,P2,1.0,176,1.15,1.24,57.76841993970724,40.30365898646343,8.665262990956082,9.672878156751223
P2_rep9_a1,P2,1.0,177,1.1,1.24,62.55736564009158,35.73333426412474,6.255736564009164,8.576000223389938
P2_rep9_a1,P2,1.0,178,1.1,1.24,62.55736564009158,35.73333426412474,6.255736564009164,8.576000223389938
P2_rep9_a1,P2,1.0,179,1.1,1.09,48.35275469873004,50.32606805231985,4.835275469873008,4.52934612470879
P2_rep9_a1,P2,1.0,180,1.1,1.14,53.20655951365303,45.33963922182055,5.320655951365308,6.347549491054872
P2_rep9_a1,P2,1.0,181,1.1,1.14,53.20655951365303,45.33963922182055,5.320655951365308,6.347549491054872
P2_rep9_a1,P2,1.0,182,1.15,1.19,53.035850047907815,45.19417021086799,7.955377507186167,8.586892340064916
P2_rep9_a1,P2,1.0,183,1.15,1.24,57.76841993970724,40.30365898646343,8.665262990956082,9.672878156751223
P2_rep9_a1,P2,1.0,184,1.1,1.24,62.55736564009158,35.73333426412474,6.255736564009164,8.576000223389938
P2_rep9_a1,P2,1.0,185,1.05,1.24,67.11241845243894,31.386224945646028,3.3556209226219504,7.532693986955047
P2_rep9_a1,P2,1.0,186,1.05,1.24,67.11241845243894,31.386224945646028,3.3556209226219504,7.532693986955047
P2_rep9_a1,P2,1.0,187,1.18,1.14,45.22555760638276,53.07268349775652,8.140600369148894,7.430175689685908
P2_rep9_a1,P2,1.0,188,1.1,1.14,53.20655951365303,45.33963922182055,5.320655951365308,6.347549491054872
P2_rep9_a1,P2,1.0,189,1.05,1.14,58.13794292057961,40.561466422157324,2.906897146028983,5.6786052991020215
P2_rep9_a1,P2,1.0,190,1.2,1.24,52.82882529440431,45.01775535300771,10.56576505888086,10.80426128472185
P2_rep9_a1,P2,1.0,191,1.22,1.14,41.30038503406973,56.875906908182685,9.086084707495338,7.96262696714557
P2_rep9_a1,P2,1.0,192,1.19,1.19,49.039707029113366,49.039707029113366,9.317544335531537,9.317544335531537
P2_rep9_a1,P2,1.0,193,1.19,1.14,44.2366960761036,54.03082259924611,8.40497225445968,7.56431516389445
P2_rep9_a1,P2,1.0,194,1.19,1.14,44.2366960761036,54.03082259924611,8.40497225445968,7.56431516389445
P2_rep9_a1,P2,1.0,195,1.15,1.14,48.21172946629676,50.179287470970316,7.23175941994451,7.025100245935839
P2_rep9_a1,P2,1.0,196,1.15,1.19,53.035850047907815,45.19417021086799,7.955377507186167,8.586892340064916
P2_rep9_a1,P2,1.0,197,1.14,1.19,54.03082259924611,44.2366960761036,7.56431516389445,8.40497225445968
P2_rep9_a1,P2,1.0,198,1.08,1.19,59.90680672190164,38.58216539969302,4.792544537752136,7.3306114259416715
P2_rep9_a1,P2,1.0,199,1.18,1.14,45.22555760638276,53.07268349775652,8.140600369148894,7.430175689685908
P2_rep9_a1,P2,1.0,200,1.08,1.19,59.90680672190164,38.58216539969302,4.792544537752136,7.3306114259416715
P2_rep9_a1,P2,1.0,201,1.08,1.14,55.19218139733271,43.41570760018107,4.415374511786621,6.078199064025346
P2_rep9_a1,P2,1.0,202,1.18,1.14,45.22555760638276,53.07268349775652,8.140600369148894,7.430175689685908
P2_rep9_a1,P2,1.0,203,1.18,1.19,50.03958892186803,48.07750857565439,9.007126005936243,9.134726629374331
P2_rep9_a1,P2,1.0,204,1.2,1.14,43.25238274198984,54.98455481013079,8.650476548397966,7.697837673418305
P2_rep9_a1,P2,1.0,205,1.05,1.14,58.13794292057961,40.561466422157324,2.906897146028983,5.6786052991020215
P2_rep9_a1,P2,1.0,206,1.19,1.14,44.2366960761036,54.03082259924611,8.40497225445968,7.56431516389445
P2_rep9_a1,P2,1.0,207,1.2,1.14,43.25238274198984,54.98455481013079,8.650476548397966,7.697837673418305
P2_rep9_a1,P2,1.0,208,1.19,1.24,53.8243651749164,44.0676630336036,10.226629383234114,10.576239128064865
P2_rep9_a1,P2,1.0,209,1.19,1.24,53.8243651749164,44.0676630336036,10.226629383234114,10.576239128064865
P2_rep9_a1,P2,1.0,210,1.19,1.19,49.039707029113366,49.039707029113366,9.317544335531537,9.317544335531537
P2_rep9_a1,P2,1.0,211,1.19,1.19,49.039707029113366,49.039707029113366,9.317544335531537,9.317544335531537
P2_rep9_a1,P2,1.0,212,1.1,1.14,53.20655951365303,45.33963922182055,5.320655951365308,6.347549491054872
P2_rep9_a1,P2,1.0,213,1.15,1.14,48.21172946629676,50.179287470970316,7.23175941994451,7.025100245935839
P2_rep9_a1,P2,1.0,214,1.15,1.24,57.76841993970724,40.30365898646343,8.665262990956082,9.672878156751223
P2_rep9_a1,P2,1.0,215,1.1,1.24,62.55736564009158,35.73333426412474,6.255736564009164,8.576000223389938
P2_rep9_a1,P2,1.0,216,1.1,1.09,48.35275469873004,50.32606805231985,4.835275469873008,4.52934612470879
P2_rep9_a1,P2,1.0,217,1.15,1.19,53.035850047907815,45.19417021086799,7.955377507186167,8.586892340064916
P2_rep9_a1,P2,1.0,218,1.1,1.14,53.20655951365303,45.33963922182055,5.320655951365308,6.347549491054872
P2_rep9_a1,P2,1.0,219,1.1,1.14,53.20655951365303,45.33963922182055,5.320655951365308,6.347549491054872
P2_rep9_a1,P2,1.0,220,1.05,1.14,58.13794292057961,40.561466422157324,2.906897146028983,5.6786052991020215
P2_rep9_a1,P2,1.0,221,1.04,1.09,54.341200169232074,44.490811737716726,2.1736480067692847,4.004173056394509
P2_rep9_a1,P2,1.0,222,1.04,1.09,54.341200169232074,44.490811737716726,2.1736480067692847,4.004173056394509
P2_rep9_a1,P2,1.0,223,1.09,1.05,45.45943823409743,53.347144956894084,4.091349441068773,2.6673572478447065
P2_rep9_a1,P2,1.0,224,1.04,1.19,63.68188656307477,34.949360354235274,2.547275462522993,6.6403784673047
P2_rep9_a1,P2,1.0,225,1.03,1.24,68.85338837724625,29.72473233620669,2.0656016513173894,7.133935760689605
P2_rep9_a1,P2,1.0,226,1.03,1.24,68.85338837724625,29.72473233620669,2.0656016513173894,7.133935760689605
P2_rep9_a1,P2,1.0,227,1.03,1.14,60.071343866167794,38.688133313221435,1.8021403159850353,5.416338663850997
P2_rep9_a1,P2,1.0,228,1.12,1.14,51.210729664094515,47.27346166331267,6.145287559691347,6.6182846328637694
P2_rep9_a1,P2,1.0,229,1.1,1.14,53.20655951365303,45.33963922182055,5.320655951365308,6.347549491054872
P2_rep9_a1,P2,1.0,230,1.19,1.09,39.510253142520796,58.94237144807111,7.506948097078949,5.304813430326404
P2_rep9_a1,P2,1.0,231,1.2,1.24,52.82882529440431,45.01775535300771,10.56576505888086,10.80426128472185
P2_rep9_a1,P2,1.0,232,1.1,1.19,57.97101286222818,40.44500327233587,5.797101286222823,7.684550621743813
P2_rep9_a1,P2,1.0,233,1.12,1.14,51.210729664094515,47.27346166331267,6.145287559691347,6.6182846328637694
P2_rep9_a1,P2,1.0,234,1.1,1.09,48.35275469873004,50.32606805231985,4.835275469873008,4.52934612470879
P2_rep9_a1,P2,1.0,235,1.19,1.09,39.510253142520796,58.94237144807111,7.506948097078949,5.304813430326404
P2_rep9_a1,P2,1.0,236,1.19,1.09,39.510253142520796,58.94237144807111,7.506948097078949,5.304813430326404
P2_rep9_a1,P2,1.0,237,1.18,1.05,36.769357388475605,61.84707578907598,6.618484329925606,3.0923537894538016
P2_rep9_a1,P2,1.0,238,1.19,1.05,35.844395809395955,62.75179803323828,6.81043520378523,3.137589901661917
P2_rep9_a1,P2,1.0,239,1.15,1.09,43.39105578421625,55.16084279723354,6.508658367632433,4.964475851751023
P2_rep9_a1,P2,1.0,240,1.1,1.14,53.20655951365303,45.33963922182055,5.320655951365308,6.347549491054872
P2_rep9_a1,P2,1.0,241,1.17,1.14,46.21820286819038,52.11087821954154,7.857094487592361,7.29552295073581
P2_rep9_a1,P2,1.0,242,1.17,1.05,37.70416000562063,60.93272784126852,6.409707200955505,3.0466363920634287
P2_rep9_a1,P2,1.0,243,1.17,1.14,46.21820286819038,52.11087821954154,7.857094487592361,7.29552295073581
P2_rep9_a1,P2,1.0,244,1.15,1.09,43.39105578421625,55.16084279723354,6.508658367632433,4.964475851751023
P2_rep9_a1,P2,1.0,245,1.15,1.09,43.39105578421625,55.16084279723354,6.508658367632433,4.964475851751023
P2_rep9_a1,P2,1.0,246,1.15,1.09,43.39105578421625,55.16084279723354,6.508658367632433,4.964475851751023
P2_rep9_a1,P2,1.0,247,1.15,1.14,48.21172946629676,50.179287470970316,7.23175941994451,7.025100245935839
P2_rep9_a1,P2,1.0,248,1.05,1.14,58.13794292057961,40.561466422157324,2.906897146028983,5.6786052991020215
P2_rep9_a1,P2,1.0,249,1.12,1.14,51.210729664094515,47.27346166331267,6.145287559691347,6.6182846328637694
P2_rep9_a1,P2,1.0,250,1.08,1.1,51.32576184793466,47.37964975257602,4.106060947834776,4.737964975257606
P2_rep9_a1,P2,1.0,251,1.05,1.1,54.31530996291843,44.46961462960421,2.715765498145924,4.446961462960425
P2_rep9_a1,P2,1.0,252,1.08,1.1,51.32576184793466,47.37964975257602,4.106060947834776,4.737964975257606
P2_rep9_a1,P2,1.0,253,1.05,1.1,54.31530996291843,44.46961462960421,2.715765498145924,4.446961462960425
P2_rep9_a1,P2,1.0,254,1.05,1.1,54.31530996291843,44.46961462960421,2.715765498145924,4.446961462960425
P2_rep9_a1,P2,1.0,255,1.05,1.05,49.446917148737434,49.446917148737434,2.4723458574368737,2.4723458574368737
P2_rep9_a1,P2,1.0,256,1.05,1.05,49.446917148737434,49.446917148737434,2.4723458574368737,2.4723458574368737
P2_rep9_a1,P2,1.0,257,1.03,1.0,46.551734353187925,52.48693391877886,1.396552030595639,0.0
P2_rep9_a1,P2,1.0,258,1.18,1.05,36.769357388475605,61.84707578907598,6.618484329925606,3.0923537894538016
P2_rep9_a1,P2,1.0,259,1.17,1.1,42.38576511823924,56.08186944667453,7.205580070100668,5.608186944667458
P2_rep9_a1,P2,1.0,260,1.15,1.1,44.35030298036147,54.169582385452664,6.652545447054217,5.416958238545271
P2_rep9_a1,P2,1.0,261,1.19,1.14,44.2366960761036,54.03082259924611,8.40497225445968,7.56431516389445
P2_rep9_a1,P2,1.0,262,1.1,1.1,49.32611348289486,49.32611348289486,4.93261134828949,4.93261134828949
P2_rep9_a1,P2,1.0,263,1.12,1.1,47.32861886592195,51.27048074837032,5.67943426391064,5.127048074837036
P2_rep9_a1,P2,1.0,264,1.1,1.1,49.32611348289486,49.32611348289486,4.93261134828949,4.93261134828949
P2_rep9_a1,P2,1.0,265,1.1,1.1,49.32611348289486,49.32611348289486,4.93261134828949,4.93261134828949
P2_rep9_a1,P2,1.0,266,1.08,1.1,51.32576184793466,47.37964975257602,4.106060947834776,4.737964975257606
P2_rep9_a1,P2,1.0,267,1.1,1.14,53.20655951365303,45.33963922182055,5.320655951365308,6.347549491054872
P2_rep9_a1,P2,1.0,268,1.07,1.1,52.32439606200928,46.407576206278776,3.6627077243406525,4.640757620627881
P2_rep9_a1,P2,1.0,269,1.08,1.05,46.452863383783644,52.375457212062926,3.7162290707026946,2.6187728606031486
P2_rep9_a1,P2,1.0,270,1.03,1.05,51.44649084659352,47.49109666472091,1.5433947253978069,2.3745548332360475
P2_rep9_a1,P2,1.0,271,1.03,1.09,55.33180951056875,43.525542964240664,1.6599542853170641,3.917298866781663
P2_rep9_a1,P2,1.0,272,1.03,1.1,56.29253217543899,42.54498058357008,1.6887759652631713,4.254498058357012
P2_rep9_a1,P2,1.0,273,1.02,1.05,52.44494308805898,46.51449182726773,1.0488988617611805,2.3257245913633886
P2_rep9_a1,P2,1.0,274,1.02,1.05,52.44494308805898,46.51449182726773,1.0488988617611805,2.3257245913633886
P2_rep9_a1,P2,1.0,275,1.02,1.05,52.44494308805898,46.51449182726773,1.0488988617611805,2.3257245913633886
P2_rep9_a1,P2,1.0,276,1.02,1.05,52.44494308805898,46.51449182726773,1.0488988617611805,2.3257245913633886
P2_rep9_a1,P2,1.0,277,1.01,1.05,53.44144457029163,45.53979506395607,0.5344144457029167,2.2769897531978054
P2_rep9_a1,P2,1.0,278,1.01,1.05,53.44144457029163,45.53979506395607,0.5344144457029167,2.2769897531978054
P2_rep9_a1,P2,1.0,279,1.04,1.09,54.341200169232074,44.490811737716726,2.1736480067692847,4.004173056394509
P2_rep9_a1,P2,1.0,280,1.02,1.05,52.44494308805898,46.51449182726773,1.0488988617611805,2.3257245913633886
P2_rep9_a1,P2,1.0,281,1.02,1.05,52.44494308805898,46.51449182726773,1.0488988617611805,2.3257245913633886
P2_rep9_a1,P2,1.0,282,1.03,1.05,51.44649084659352,47.49109666472091,1.5433947253978069,2.3745548332360475
P2_rep9_a1,P2,1.0,283,1.04,1.14,59.10816487077065,39.62138779725716,2.3643265948308283,5.546994291615998
P2_rep9_a1,P2,1.0,284,1.02,1.1,57.274092320253956,41.58952698762207,1.1454818464050802,4.158952698762211
P2_rep9_a1,P2,1.0,285,1.02,1.05,52.44494308805898,46.51449182726773,1.0488988617611805,2.3257245913633886
P2_rep9_a1,P2,1.0,286,1.15,1.1,44.35030298036147,54.169582385452664,6.652545447054217,5.416958238545271
P2_rep9_a1,P2,1.0,287,1.16,1.1,43.365427623087896,55.12826301917483,6.93846841969406,5.512826301917488
P2_rep9_a1,P2,1.0,288,1.16,1.1,43.365427623087896,55.12826301917483,6.93846841969406,5.512826301917488
P2_rep9_a1,P2,1.0,289,1.16,1.1,43.365427623087896,55.12826301917483,6.93846841969406,5.512826301917488
P2_rep9_a1,P2,1.0,290,1.16,1.14,47.21385546468584,51.14615903996884,7.554216874349731,7.160462265595633
P2_rep9_a1,P2,1.0,291,1.18,1.09,40.47013882866575,58.00704039446715,7.284624989159833,5.220633635502048
P2_rep9_a1,P2,1.0,292,1.1,1.14,53.20655951365303,45.33963922182055,5.320655951365308,6.347549491054872
P2_rep9_a1,P2,1.0,293,1.05,1.1,54.31530996291843,44.46961462960421,2.715765498145924,4.446961462960425
P2_rep9_a1,P2,1.0,294,1.03,1.08,54.366098465884185,44.51119673888507,1.630982953976527,3.5608957391108085
P2_rep9_a1,P2,1.0,295,1.05,1.1,54.31530996291843,44.46961462960421,2.715765498145924,4.446961462960425
P2_rep9_a1,P2,1.0,296,1.05,1.1,54.31530996291843,44.46961462960421,2.715765498145924,4.446961462960425
P2_rep9_a1,P2,1.0,297,1.02,1.12,59.165956184420374,39.66012647328327,1.1833191236884084,4.7592151767939965
P2_rep9_a1,P2,1.0,298,1.01,1.12,60.12869216361522,38.72506770546465,0.6012869216361527,4.647008124655763
P2_rep9_a1,P2,1.0,299,1.0,1.12,61.08365964736691,37.79755410052958,0.0,4.535706492063554
P2_rep9_a1,P2,1.0,300,1.03,1.12,58.19613565850669,40.602066117758255,1.7458840697552023,4.8722479341309946
P2_rep10_a1,P2,1.0,1,2.0,2.0,33.333333333333336,33.333333333333336,33.333333333333336,33.333333333333336
P2_rep10_a1,P2,1.0,2,2.5,2.5,10.650697891920077,10.650697891920077,15.976046837880116,15.976046837880116
P2_rep10_a1,P2,1.0,3,1.75,2.0,57.61168847658291,21.194155761708547,43.208766357437185,21.194155761708547
P2_rep10_a1,P2,1.0,4,1.75,1.75,42.23187982515182,42.23187982515182,31.673909868863866,31.673909868863866
P2_rep10_a1,P2,1.0,5,1.75,1.5,24.472847105479765,66.52409557748219,18.354635329109826,33.26204778874109
P2_rep10_a1,P2,1.0,6,1.5,1.5,46.83105308334812,46.83105308334812,23.41552654167406,23.41552654167406
P2_rep10_a1,P2,1.0,7,1.5,1.75,66.52409557748219,24.472847105479765,33.26204778874109,18.354635329109826
P2_rep10_a1,P2,1.0,8,1.25,1.5,70.53845126982412,25.949646034241916,17.63461281745603,12.974823017120958
P2_rep10_a1,P2,1.0,9,1.25,1.5,70.53845126982412,25.949646034241916,17.63461281745603,12.974823017120958
P2_rep10_a1,P2,1.0,10,1.5,1.5,46.83105308334812,46.83105308334812,23.41552654167406,23.41552654167406
P2_rep10_a1,P2,1.0,11,1.5,1.5,46.83105308334812,46.83105308334812,23.41552654167406,23.41552654167406
P2_rep10_a1,P2,1.0,12,1.5,1.5,46.83105308334812,46.83105308334812,23.41552654167406,23.41552654167406
P2_rep10_a1,P2,1.0,13,1.5,1.5,46.83105308334812,46.83105308334812,23.41552654167406,23.41552654167406
P2_rep10_a1,P2,1.0,14,1.5,1.25,25.949646034241916,70.53845126982412,12.974823017120958,17.63461281745603
P2_rep10_a1,P2,1.0,15,1.75,1.25,11.419519938459448,84.37947344813395,8.564639953844587,21.094868362033488
P2_rep10_a1,P2,1.0,16,1.6,1.25,19.02190691922525,77.13763630816474,11.413144151535151,19.284409077041186
P2_rep10_a1,P2,1.0,17,1.6,1.25,19.02190691922525,77.13763630816474,11.413144151535151,19.284409077041186
P2_rep10_a1,P2,1.0,18,1.75,1.25,11.419519938459448,84.37947344813395,8.564639953844587,21.094868362033488
P2_rep10_a1,P2,1.0,19,1.6,1.0,8.179910322756053,90.16859426557096,4.907946193653633,0.0
P2_rep10_a1,P2,1.0,20,1.75,1.0,4.6612622577973895,93.62395518765058,3.495946693348042,0.0
P2_rep10_a1,P2,1.0,21,1.75,1.25,11.419519938459448,84.37947344813395,8.564639953844587,21.094868362033488
P2_rep10_a1,P2,1.0,22,1.6,1.6,45.41539494829371,45.41539494829371,27.24923696897623,27.24923696897623
P2_rep10_a1,P2,1.0,23,1.6,1.6,45.41539494829371,45.41539494829371,27.24923696897623,27.24923696897623
P2_rep10_a1,P2,1.0,24,1.5,1.6,55.38155503924651,37.123366523433,27.690777519623254,22.274019914059803
P2_rep10_a1,P2,1.0,25,1.6,1.6,45.41539494829371,45.41539494829371,27.24923696897623,27.24923696897623
P2_rep10_a1,P2,1.0,26,1.5,1.6,55.38155503924651,37.123366523433,27.690777519623254,22.274019914059803
P2_rep10_a1,P2,1.0,27,1.5,1.6,55.38155503924651,37.123366523433,27.690777519623254,22.274019914059803
P2_rep10_a1,P2,1.0,28,1.25,1.5,70.53845126982412,25.949646034241916,17.63461281745603,12.974823017120958
P2_rep10_a1,P2,1.0,29,1.5,1.5,46.83105308334812,46.83105308334812,23.41552654167406,23.41552654167406
P2_rep10_a1,P2,1.0,30,1.5,1.4,38.06391720636073,56.784691777421465,19.031958603180364,22.71387671096858
P2_rep10_a1,P2,1.0,31,1.25,1.4,62.554786089146326,34.33079449909626,15.638696522286581,13.7323177996385
P2_rep10_a1,P2,1.0,32,1.0,1.4,81.95296156974493,16.546017580281315,0.0,6.618407032112525
P2_rep10_a1,P2,1.0,33,1.25,1.4,62.554786089146326,34.33079449909626,15.638696522286581,13.7323177996385
P2_rep10_a1,P2,1.0,34,1.5,1.4,38.06391720636073,56.784691777421465,19.031958603180364,22.71387671096858
P2_rep10_a1,P2,1.0,35,1.6,1.5,37.123366523433,55.38155503924651,22.274019914059803,27.690777519623254
P2_rep10_a1,P2,1.0,36,1.5,1.5,46.83105308334812,46.83105308334812,23.41552654167406,23.41552654167406
P2_rep10_a1,P2,1.0,37,1.4,1.4,47.83045931311103,47.83045931311103,19.132183725244406,19.132183725244406
P2_rep10_a1,P2,1.0,38,1.5,1.6,55.38155503924651,37.123366523433,27.690777519623254,22.274019914059803
P2_rep10_a1,P2,1.0,39,1.4,1.4,47.83045931311103,47.83045931311103,19.132183725244406,19.132183725244406
P2_rep10_a1,P2,1.0,40,1.6,1.4,29.176316580917547,64.93308669348546,17.505789948550532,25.97323467739418
P2_rep10_a1,P2,1.0,41,1.6,1.4,29.176316580917547,64.93308669348546,17.505789948550532,25.97323467739418
P2_rep10_a1,P2,1.0,42,1.7,1.5,28.354836986291428,63.10485023372357,19.848385890404,31.552425116861784
P2_rep10_a1,P2,1.0,43,1.5,1.4,38.06391720636073,56.784691777421465,19.031958603180364,22.71387671096858
P2_rep10_a1,P2,1.0,44,1.6,1.4,29.176316580917547,64.93308669348546,17.505789948550532,25.97323467739418
P2_rep10_a1,P2,1.0,45,1.6,1.4,29.176316580917547,64.93308669348546,17.505789948550532,25.97323467739418
P2_rep10_a1,P2,1.0,46,1.6,1.4,29.176316580917547,64.93308669348546,17.505789948550532,25.97323467739418
P2_rep10_a1,P2,1.0,47,1.6,1.5,37.123366523433,55.38155503924651,22.274019914059803,27.690777519623254
P2_rep10_a1,P2,1.0,48,1.6,1.4,29.176316580917547,64.93308669348546,17.505789948550532,25.97323467739418
P2_rep10_a1,P2,1.0,49,1.5,1.5,46.83105308334812,46.83105308334812,23.41552654167406,23.41552654167406
P2_rep10_a1,P2,1.0,50,1.5,1.25,25.949646034241916,70.53845126982412,12.974823017120958,17.63461281745603
P2_rep10_a1,P2,1.0,51,1.5,1.4,38.06391720636073,56.784691777421465,19.031958603180364,22.71387671096858
P2_rep10_a1,P2,1.0,52,1.5,1.25,25.949646034241916,70.53845126982412,12.974823017120958,17.63461281745603
P2_rep10_a1,P2,1.0,53,1.5,1.4,38.06391720636073,56.784691777421465,19.031958603180364,22.71387671096858
P2_rep10_a1,P2,1.0,54,1.5,1.25,25.949646034241916,70.53845126982412,12.974823017120958,17.63461281745603
P2_rep10_a1,P2,1.0,55,1.6,1.5,37.123366523433,55.38155503924651,22.274019914059803,27.690777519623254
P2_rep10_a1,P2,1.0,56,1.5,1.25,25.949646034241916,70.53845126982412,12.974823017120958,17.63461281745603
P2_rep10_a1,P2,1.0,57,1.4,1.4,47.83045931311103,47.83045931311103,19.132183725244406,19.132183725244406
P2_rep10_a1,P2,1.0,58,1.4,1.25,34.33079449909626,62.554786089146326,13.7323177996385,15.638696522286581
P2_rep10_a1,P2,1.0,59,1.4,1.5,56.784691777421465,38.06391720636073,22.71387671096858,19.031958603180364
P2_rep10_a1,P2,1.0,60,1.4,1.5,56.784691777421465,38.06391720636073,22.71387671096858,19.031958603180364
P2_rep10_a1,P2,1.0,61,1.4,1.6,64.93308669348546,29.176316580917547,25.97323467739418,17.505789948550532
P2_rep10_a1,P2,1.0,62,1.5,1.5,46.83105308334812,46.83105308334812,23.41552654167406,23.41552654167406
P2_rep10_a1,P2,1.0,63,1.5,1.6,55.38155503924651,37.123366523433,27.690777519623254,22.274019914059803
P2_rep10_a1,P2,1.0,64,1.5,1.6,55.38155503924651,37.123366523433,27.690777519623254,22.274019914059803
P2_rep10_a1,P2,1.0,65,1.5,1.45,42.431529615710865,51.825987305584185,21.215764807855432,23.32169428751288
P2_rep10_a1,P2,1.0,66,1.4,1.45,52.37113710702588,42.87786052318553,20.948454842810346,19.295037235433487
P2_rep10_a1,P2,1.0,67,1.4,1.25,34.33079449909626,62.554786089146326,13.7323177996385,15.638696522286581
P2_rep10_a1,P2,1.0,68,1.4,1.2,30.154461266385933,67.10998772498269,12.061784506554371,13.421997544996534
P2_rep10_a1,P2,1.0,69,1.4,1.2,30.154461266385933,67.10998772498269,12.061784506554371,13.421997544996534
P2_rep10_a1,P2,1.0,70,1.45,1.25,29.972927670739992,66.70597727797625,13.487817451832996,16.67649431949406
P2_rep10_a1,P2,1.0,71,1.45,1.2,26.11589984139071,70.99037597270883,11.752154928625819,14.198075194541763
P2_rep10_a1,P2,1.0,72,1.4,1.2,30.154461266385933,67.10998772498269,12.061784506554371,13.421997544996534
P2_rep10_a1,P2,1.0,73,1.4,1.25,34.33079449909626,62.554786089146326,13.7323177996385,15.638696522286581
P2_rep10_a1,P2,1.0,74,1.4,1.15,26.25361137566059,71.36471473388386,10.501444550264234,10.704707210082573
P2_rep10_a1,P2,1.0,75,1.35,1.1,26.36744602967172,71.67414940533122,9.228606110385105,7.167414940533129
P2_rep10_a1,P2,1.0,76,1.3,1.15,34.68694676544798,63.20373782946754,10.406084029634394,9.480560674420126
P2_rep10_a1,P2,1.0,77,1.3,1.15,34.68694676544798,63.20373782946754,10.406084029634394,9.480560674420126
P2_rep10_a1,P2,1.0,78,1.2,1.1,39.48531832650961,58.90517307371448,7.897063665301921,5.890517307371453
P2_rep10_a1,P2,1.0,79,1.3,1.1,30.42888610202591,67.72073142849428,9.128665830607774,6.772073142849433
P2_rep10_a1,P2,1.0,80,1.3,1.05,26.46138354982125,71.9294980593642,7.938415064946376,3.5964749029682137
P2_rep10_a1,P2,1.0,81,1.2,1.1,39.48531832650961,58.90517307371448,7.897063665301921,5.890517307371453
P2_rep10_a1,P2,1.0,82,1.2,1.1,39.48531832650961,58.90517307371448,7.897063665301921,5.890517307371453
P2_rep10_a1,P2,1.0,83,1.3,1.2,39.17520890828904,58.44254418464191,11.752562672486713,11.68850883692838
P2_rep10_a1,P2,1.0,84,1.3,1.15,34.68694676544798,63.20373782946754,10.406084029634394,9.480560674420126
P2_rep10_a1,P2,1.0,85,1.4,1.1,22.671444932914216,75.2718479846582,9.068577973165684,7.527184798465826
P2_rep10_a1,P2,1.0,86,1.35,1.25,38.96966883182109,58.135914422211954,13.639384091137385,14.533978605552988
P2_rep10_a1,P2,1.0,87,1.4,1.25,34.33079449909626,62.554786089146326,13.7323177996385,15.638696522286581
P2_rep10_a1,P2,1.0,88,1.3,1.25,43.81712305234819,53.51835495078164,13.145136915704457,13.37958873769541
P2_rep10_a1,P2,1.0,89,1.3,1.55,69.99421479212646,25.749432622961383,20.99826443763794,14.162187942628762
P2_rep10_a1,P2,1.0,90,1.3,1.25,43.81712305234819,53.51835495078164,13.145136915704457,13.37958873769541
P2_rep10_a1,P2,1.0,91,1.2,1.15,44.205441103404354,53.99264768938503,8.841088220680868,8.09889715340775
P2_rep10_a1,P2,1.0,92,1.2,1.15,44.205441103404354,53.99264768938503,8.841088220680868,8.09889715340775
P2_rep10_a1,P2,1.0,93,1.4,1.25,34.33079449909626,62.554786089146326,13.7323177996385,15.638696522286581
P2_rep10_a1,P2,1.0,94,1.5,1.3,29.75414555615326,66.21906872754134,14.87707277807663,19.865720618262404
P2_rep10_a1,P2,1.0,95,1.5,1.3,29.75414555615326,66.21906872754134,14.87707277807663,19.865720618262404
P2_rep10_a1,P2,1.0,96,1.3,1.3,48.52460778098702,48.52460778098702,14.557382334296108,14.557382334296108
P2_rep10_a1,P2,1.0,97,1.25,1.3,53.51835495078164,43.81712305234819,13.37958873769541,13.145136915704457
P2_rep10_a1,P2,1.0,98,1.4,1.25,34.33079449909626,62.554786089146326,13.7323177996385,15.638696522286581
P2_rep10_a1,P2,1.0,99,1.4,1.3,38.72152894124036,57.76573320497357,15.48861157649614,17.329719961492074
P2_rep10_a1,P2,1.0,100,1.2,1.25,53.77810097130135,44.0297851073373,10.755620194260267,11.007446276834324
P2_rep10_a1,P2,1.0,101,1.3,1.2,39.17520890828904,58.44254418464191,11.752562672486713,11.68850883692838
P2_rep10_a1,P2,1.0,102,1.3,1.3,48.52460778098702,48.52460778098702,14.557382334296108,14.557382334296108
P2_rep10_a1,P2,1.0,103,1.25,1.3,53.51835495078164,43.81712305234819,13.37958873769541,13.145136915704457
P2_rep10_a1,P2,1.0,104,1.25,1.2,44.0297851073373,53.77810097130135,11.007446276834324,10.755620194260267
P2_rep10_a1,P2,1.0,105,1.2,1.1,39.48531832650961,58.90517307371448,7.897063665301921,5.890517307371453
P2_rep10_a1,P2,1.0,106,1.2,1.15,44.205441103404354,53.99264768938503,8.841088220680868,8.09889715340775
P2_rep10_a1,P2,1.0,107,1.2,1.15,44.205441103404354,53.99264768938503,8.841088220680868,8.09889715340775
P2_rep10_a1,P2,1.0,108,1.2,1.2,49.00129951694268,49.00129951694268,9.800259903388534,9.800259903388534
P2_rep10_a1,P2,1.0,109,1.2,1.2,49.00129951694268,49.00129951694268,9.800259903388534,9.800259903388534
P2_rep10_a1,P2,1.0,110,1.2,1.1,39.48531832650961,58.90517307371448,7.897063665301921,5.890517307371453
P2_rep10_a1,P2,1.0,111,1.2,1.15,44.205441103404354,53.99264768938503,8.841088220680868,8.09889715340775
P2_rep10_a1,P2,1.0,112,1.2,1.2,49.00129951694268,49.00129951694268,9.800259903388534,9.800259903388534
P2_rep10_a1,P2,1.0,113,1.25,1.15,39.34511215968324,58.69601005128134,9.83627803992081,8.804401507692196
P2_rep10_a1,P2,1.0,114,1.25,1.2,44.0297851073373,53.77810097130135,11.007446276834324,10.755620194260267
P2_rep10_a1,P2,1.0,115,1.25,1.2,44.0297851073373,53.77810097130135,11.007446276834324,10.755620194260267
P2_rep10_a1,P2,1.0,116,1.25,1.15,39.34511215968324,58.69601005128134,9.83627803992081,8.804401507692196
P2_rep10_a1,P2,1.0,117,1.25,1.15,39.34511215968324,58.69601005128134,9.83627803992081,8.804401507692196
P2_rep10_a1,P2,1.0,118,1.2,1.3,58.44254418464191,39.17520890828904,11.68850883692838,11.752562672486713
P2_rep10_a1,P2,1.0,119,1.15,1.3,63.20373782946754,34.68694676544798,9.480560674420126,10.406084029634394
P2_rep10_a1,P2,1.0,120,1.15,1.3,63.20373782946754,34.68694676544798,9.480560674420126,10.406084029634394
P2_rep10_a1,P2,1.0,121,1.1,1.2,58.90517307371448,39.48531832650961,5.890517307371453,7.897063665301921
P2_rep10_a1,P2,1.0,122,1.1,1.2,58.90517307371448,39.48531832650961,5.890517307371453,7.897063665301921
P2_rep10_a1,P2,1.0,123,1.15,1.15,49.17936193877041,49.17936193877041,7.376904290815557,7.376904290815557
P2_rep10_a1,P2,1.0,124,1.15,1.1,44.35030298036147,54.169582385452664,6.652545447054217,5.416958238545271
P2_rep10_a1,P2,1.0,125,1.1,1.05,44.46961462960421,54.31530996291843,4.446961462960425,2.715765498145924
P2_rep10_a1,P2,1.0,126,1.1,1.05,44.46961462960421,54.31530996291843,4.446961462960425,2.715765498145924
P2_rep10_a1,P2,1.0,127,1.1,1.05,44.46961462960421,54.31530996291843,4.446961462960425,2.715765498145924
P2_rep10_a1,P2,1.0,128,1.1,1.05,44.46961462960421,54.31530996291843,4.446961462960425,2.715765498145924
P2_rep10_a1,P2,1.0,129,1.05,1.0,44.56777774683524,54.43520666505401,2.228388887341764,0.0
P2_rep10_a1,P2,1.0,130,1.1,1.25,63.44632740968894,34.820082749868675,6.344632740968899,8.705020687467169
P2_rep10_a1,P2,1.0,131,1.05,1.25,67.94864302524296,30.5312933837033,3.397432151262151,7.632823345925825
P2_rep10_a1,P2,1.0,132,1.05,1.15,59.07753438666782,39.60085556974326,2.953876719333394,5.940128335461486
P2_rep10_a1,P2,1.0,133,1.05,1.15,59.07753438666782,39.60085556974326,2.953876719333394,5.940128335461486
P2_rep10_a1,P2,1.0,134,1.0,1.2,68.1363865578799,30.615651990742766,0.0,6.123130398148552
P2_rep10_a1,P2,1.0,135,1.4,1.15,26.25361137566059,71.36471473388386,10.501444550264234,10.704707210082573
P2_rep10_a1,P2,1.0,136,1.4,1.1,22.671444932914216,75.2718479846582,9.068577973165684,7.527184798465826
P2_rep10_a1,P2,1.0,137,1.5,1.1,16.424763549456895,81.35238642348295,8.212381774728447,8.135238642348302
P2_rep10_a1,P2,1.0,138,1.5,1.1,16.424763549456895,81.35238642348295,8.212381774728447,8.135238642348302
P2_rep10_a1,P2,1.0,139,1.5,1.05,13.917917900737239,84.19849673810258,6.958958950368619,4.209924836905133
P2_rep10_a1,P2,1.0,140,1.4,1.1,22.671444932914216,75.2718479846582,9.068577973165684,7.527184798465826
P2_rep10_a1,P2,1.0,141,1.4,1.05,19.432878944441917,78.80421005119739,7.7731515777767655,3.940210502559873
P2_rep10_a1,P2,1.0,142,1.4,1.05,19.432878944441917,78.80421005119739,7.7731515777767655,3.940210502559873
P2_rep10_a1,P2,1.0,143,1.25,1.05,30.5312933837033,67.94864302524296,7.632823345925825,3.397432151262151
P2_rep10_a1,P2,1.0,144,1.25,1.05,30.5312933837033,67.94864302524296,7.632823345925825,3.397432151262151
P2_rep10_a1,P2,1.0,145,1.25,1.05,30.5312933837033,67.94864302524296,7.632823345925825,3.397432151262151
P2_rep10_a1,P2,1.0,146,1.15,1.05,39.60085556974326,59.07753438666782,5.940128335461486,2.953876719333394
P2_rep10_a1,P2,1.0,147,1.15,1.05,39.60085556974326,59.07753438666782,5.940128335461486,2.953876719333394
P2_rep10_a1,P2,1.0,148,1.15,1.05,39.60085556974326,59.07753438666782,5.940128335461486,2.953876719333394
P2_rep10_a1,P2,1.0,149,1.1,1.05,44.46961462960421,54.31530996291843,4.446961462960425,2.715765498145924
P2_rep10_a1,P2,1.0,150,1.1,1.05,44.46961462960421,54.31530996291843,4.446961462960425,2.715765498145924
P2_rep10_a1,P2,1.0,151,1.15,1.0,35.020233828810355,63.81102645354702,5.25303507432155,0.0
P2_rep10_a1,P2,1.0,152,1.1,1.15,54.169582385452664,44.35030298036147,5.416958238545271,6.652545447054217
P2_rep10_a1,P2,1.0,153,1.15,1.2,53.99264768938503,44.205441103404354,8.09889715340775,8.841088220680868
P2_rep10_a1,P2,1.0,154,1.3,1.25,43.81712305234819,53.51835495078164,13.145136915704457,13.37958873769541
P2_rep10_a1,P2,1.0,155,1.15,1.05,39.60085556974326,59.07753438666782,5.940128335461486,2.953876719333394
P2_rep10_a1,P2,1.0,156,1.25,1.1,34.820082749868675,63.44632740968894,8.705020687467169,6.344632740968899
P2_rep10_a1,P2,1.0,157,1.25,1.25,48.78555511603684,48.78555511603684,12.19638877900921,12.19638877900921
P2_rep10_a1,P2,1.0,158,1.25,1.3,53.51835495078164,43.81712305234819,13.37958873769541,13.145136915704457
P2_rep10_a1,P2,1.0,159,1.25,1.3,53.51835495078164,43.81712305234819,13.37958873769541,13.145136915704457
P2_rep10_a1,P2,1.0,160,1.25,1.1,34.820082749868675,63.44632740968894,8.705020687467169,6.344632740968899
P2_rep10_a1,P2,1.0,161,1.25,1.25,48.78555511603684,48.78555511603684,12.19638877900921,12.19638877900921
P2_rep10_a1,P2,1.0,162,1.2,1.2,49.00129951694268,49.00129951694268,9.800259903388534,9.800259903388534
P2_rep10_a1,P2,1.0,163,1.25,1.15,39.34511215968324,58.69601005128134,9.83627803992081,8.804401507692196
P2_rep10_a1,P2,1.0,164,1.25,1.15,39.34511215968324,58.69601005128134,9.83627803992081,8.804401507692196
P2_rep10_a1,P2,1.0,165,1.25,1.2,44.0297851073373,53.77810097130135,11.007446276834324,10.755620194260267
P2_rep10_a1,P2,1.0,166,1.15,1.15,49.17936193877041,49.17936193877041,7.376904290815557,7.376904290815557
P2_rep10_a1,P2,1.0,167,1.15,1.15,49.17936193877041,49.17936193877041,7.376904290815557,7.376904290815557
P2_rep10_a1,P2,1.0,168,1.15,1.2,53.99264768938503,44.205441103404354,8.09889715340775,8.841088220680868
P2_rep10_a1,P2,1.0,169,1.1,1.2,58.90517307371448,39.48531832650961,5.890517307371453,7.897063665301921
P2_rep10_a1,P2,1.0,170,1.2,1.2,49.00129951694268,49.00129951694268,9.800259903388534,9.800259903388534
P2_rep10_a1,P2,1.0,171,1.2,1.25,53.77810097130135,44.0297851073373,10.755620194260267,11.007446276834324
P2_rep10_a1,P2,1.0,172,1.15,1.2,53.99264768938503,44.205441103404354,8.09889715340775,8.841088220680868
P2_rep10_a1,P2,1.0,173,1.15,1.3,63.20373782946754,34.68694676544798,9.480560674420126,10.406084029634394
P2_rep10_a1,P2,1.0,174,1.15,1.3,63.20373782946754,34.68694676544798,9.480560674420126,10.406084029634394
P2_rep10_a1,P2,1.0,175,1.15,1.2,53.99264768938503,44.205441103404354,8.09889715340775,8.841088220680868
P2_rep10_a1,P2,1.0,176,1.2,1.2,49.00129951694268,49.00129951694268,9.800259903388534,9.800259903388534
P2_rep10_a1,P2,1.0,177,1.25,1.15,39.34511215968324,58.69601005128134,9.83627803992081,8.804401507692196
P2_rep10_a1,P2,1.0,178,1.15,1.15,49.17936193877041,49.17936193877041,7.376904290815557,7.376904290815557
P2_rep10_a1,P2,1.0,179,1.1,1.2,58.90517307371448,39.48531832650961,5.890517307371453,7.897063665301921
P2_rep10_a1,P2,1.0,180,1.05,1.2,63.646333801854844,34.929848585182505,3.182316690092745,6.985969717036499
P2_rep10_a1,P2,1.0,181,1.05,1.15,59.07753438666782,39.60085556974326,2.953876719333394,5.940128335461486
P2_rep10_a1,P2,1.0,182,1.2,1.2,49.00129951694268,49.00129951694268,9.800259903388534,9.800259903388534
P2_rep10_a1,P2,1.0,183,1.15,1.1,44.35030298036147,54.169582385452664,6.652545447054217,5.416958238545271
P2_rep10_a1,P2,1.0,184,1.05,1.25,67.94864302524296,30.5312933837033,3.397432151262151,7.632823345925825
P2_rep10_a1,P2,1.0,185,1.2,1.2,49.00129951694268,49.00129951694268,9.800259903388534,9.800259903388534
P2_rep10_a1,P2,1.0,186,1.25,1.2,44.0297851073373,53.77810097130135,11.007446276834324,10.755620194260267
P2_rep10_a1,P2,1.0,187,1.15,1.2,53.99264768938503,44.205441103404354,8.09889715340775,8.841088220680868
P2_rep10_a1,P2,1.0,188,1.2,1.2,49.00129951694268,49.00129951694268,9.800259903388534,9.800259903388534
P2_rep10_a1,P2,1.0,189,1.1,1.1,49.32611348289486,49.32611348289486,4.93261134828949,4.93261134828949
P2_rep10_a1,P2,1.0,190,1.1,1.1,49.32611348289486,49.32611348289486,4.93261134828949,4.93261134828949
P2_rep10_a1,P2,1.0,191,1.0,1.1,59.21940469028911,39.69595407819774,0.0,3.969595407819777
P2_rep10_a1,P2,1.0,192,1.1,1.15,54.169582385452664,44.35030298036147,5.416958238545271,6.652545447054217
P2_rep10_a1,P2,1.0,193,1.2,1.2,49.00129951694268,49.00129951694268,9.800259903388534,9.800259903388534
P2_rep10_a1,P2,1.0,194,1.1,1.2,58.90517307371448,39.48531832650961,5.890517307371453,7.897063665301921
P2_rep10_a1,P2,1.0,195,1.2,1.1,39.48531832650961,58.90517307371448,7.897063665301921,5.890517307371453
P2_rep10_a1,P2,1.0,196,1.2,1.1,39.48531832650961,58.90517307371448,7.897063665301921,5.890517307371453
P2_rep10_a1,P2,1.0,197,1.15,1.1,44.35030298036147,54.169582385452664,6.652545447054217,5.416958238545271
P2_rep10_a1,P2,1.0,198,1.1,1.1,49.32611348289486,49.32611348289486,4.93261134828949,4.93261134828949
P2_rep10_a1,P2,1.0,199,1.05,1.2,63.646333801854844,34.929848585182505,3.182316690092745,6.985969717036499
P2_rep10_a1,P2,1.0,200,1.05,1.2,63.646333801854844,34.929848585182505,3.182316690092745,6.985969717036499
P2_rep10_a1,P2,1.0,201,1.2,1.25,53.77810097130135,44.0297851073373,10.755620194260267,11.007446276834324
P2_rep10_a1,P2,1.0,202,1.15,1.15,49.17936193877041,49.17936193877041,7.376904290815557,7.376904290815557
P2_rep10_a1,P2,1.0,203,1.15,1.25,58.69601005128134,39.34511215968324,8.804401507692196,9.83627803992081
P2_rep10_a1,P2,1.0,204,1.15,1.05,39.60085556974326,59.07753438666782,5.940128335461486,2.953876719333394
P2_rep10_a1,P2,1.0,205,1.15,1.15,49.17936193877041,49.17936193877041,7.376904290815557,7.376904290815557
P2_rep10_a1,P2,1.0,206,1.15,1.2,53.99264768938503,44.205441103404354,8.09889715340775,8.841088220680868
P2_rep10_a1,P2,1.0,207,1.1,1.15,54.169582385452664,44.35030298036147,5.416958238545271,6.652545447054217
P2_rep10_a1,P2,1.0,208,1.1,1.1,49.32611348289486,49.32611348289486,4.93261134828949,4.93261134828949
P2_rep10_a1,P2,1.0,209,1.1,1.15,54.169582385452664,44.35030298036147,5.416958238545271,6.652545447054217
P2_rep10_a1,P2,1.0,210,1.15,1.15,49.17936193877041,49.17936193877041,7.376904290815557,7.376904290815557
P2_rep10_a1,P2,1.0,211,1.15,1.1,44.35030298036147,54.169582385452664,6.652545447054217,5.416958238545271
P2_rep10_a1,P2,1.0,212,1.2,1.1,39.48531832650961,58.90517307371448,7.897063665301921,5.890517307371453
P2_rep10_a1,P2,1.0,213,1.2,1.2,49.00129951694268,49.00129951694268,9.800259903388534,9.800259903388534
P2_rep10_a1,P2,1.0,214,1.2,1.15,44.205441103404354,53.99264768938503,8.841088220680868,8.09889715340775
P2_rep10_a1,P2,1.0,215,1.15,1.15,49.17936193877041,49.17936193877041,7.376904290815557,7.376904290815557
P2_rep10_a1,P2,1.0,216,1.1,1.15,54.169582385452664,44.35030298036147,5.416958238545271,6.652545447054217
P2_rep10_a1,P2,1.0,217,1.1,1.1,49.32611348289486,49.32611348289486,4.93261134828949,4.93261134828949
P2_rep10_a1,P2,1.0,218,1.05,1.15,59.07753438666782,39.60085556974326,2.953876719333394,5.940128335461486
P2_rep10_a1,P2,1.0,219,1.0,1.1,59.21940469028911,39.69595407819774,0.0,3.969595407819777
P2_rep10_a1,P2,1.0,220,1.05,1.15,59.07753438666782,39.60085556974326,2.953876719333394,5.940128335461486
P2_rep10_a1,P2,1.0,221,1.25,1.15,39.34511215968324,58.69601005128134,9.83627803992081,8.804401507692196
P2_rep10_a1,P2,1.0,222,1.25,1.1,34.820082749868675,63.44632740968894,8.705020687467169,6.344632740968899
P2_rep10_a1,P2,1.0,223,1.25,1.2,44.0297851073373,53.77810097130135,11.007446276834324,10.755620194260267
P2_rep10_a1,P2,1.0,224,1.2,1.1,39.48531832650961,58.90517307371448,7.897063665301921,5.890517307371453
P2_rep10_a1,P2,1.0,225,1.25,1.1,34.820082749868675,63.44632740968894,8.705020687467169,6.344632740968899
P2_rep10_a1,P2,1.0,226,1.3,1.1,30.42888610202591,67.72073142849428,9.128665830607774,6.772073142849433
P2_rep10_a1,P2,1.0,227,1.3,1.15,34.68694676544798,63.20373782946754,10.406084029634394,9.480560674420126
P2_rep10_a1,P2,1.0,228,1.3,1.1,30.42888610202591,67.72073142849428,9.128665830607774,6.772073142849433
P2_rep10_a1,P2,1.0,229,1.25,1.1,34.820082749868675,63.44632740968894,8.705020687467169,6.344632740968899
P2_rep10_a1,P2,1.0,230,1.25,1.05,30.5312933837033,67.94864302524296,7.632823345925825,3.397432151262151
P2_rep10_a1,P2,1.0,231,1.15,1.1,44.35030298036147,54.169582385452664,6.652545447054217,5.416958238545271
P2_rep10_a1,P2,1.0,232,1.2,1.1,39.48531832650961,58.90517307371448,7.897063665301921,5.890517307371453
P2_rep10_a1,P2,1.0,233,1.15,1.15,49.17936193877041,49.17936193877041,7.376904290815557,7.376904290815557
P2_rep10_a1,P2,1.0,234,1.25,1.1,34.820082749868675,63.44632740968894,8.705020687467169,6.344632740968899
P2_rep10_a1,P2,1.0,235,1.25,1.2,44.0297851073373,53.77810097130135,11.007446276834324,10.755620194260267
P2_rep10_a1,P2,1.0,236,1.1,1.2,58.90517307371448,39.48531832650961,5.890517307371453,7.897063665301921
P2_rep10_a1,P2,1.0,237,1.2,1.1,39.48531832650961,58.90517307371448,7.897063665301921,5.890517307371453
P2_rep10_a1,P2,1.0,238,1.2,1.15,44.205441103404354,53.99264768938503,8.841088220680868,8.09889715340775
P2_rep10_a1,P2,1.0,239,1.2,1.15,44.205441103404354,53.99264768938503,8.841088220680868,8.09889715340775
P2_rep10_a1,P2,1.0,240,1.15,1.05,39.60085556974326,59.07753438666782,5.940128335461486,2.953876719333394
P2_rep10_a1,P2,1.0,241,1.2,1.25,53.77810097130135,44.0297851073373,10.755620194260267,11.007446276834324
P2_rep10_a1,P2,1.0,242,1.3,1.2,39.17520890828904,58.44254418464191,11.752562672486713,11.68850883692838
P2_rep10_a1,P2,1.0,243,1.2,1.2,49.00129951694268,49.00129951694268,9.800259903388534,9.800259903388534
P2_rep10_a1,P2,1.0,244,1.2,1.22,50.919645708953965,47.00475730615152,10.183929141790792,10.341046607353332
P2_rep10_a1,P2,1.0,245,1.1,1.22,60.74938813769324,37.59071244198958,6.074938813769329,8.269956737237706
P2_rep10_a1,P2,1.0,246,1.1,1.2,58.90517307371448,39.48531832650961,5.890517307371453,7.897063665301921
P2_rep10_a1,P2,1.0,247,1.2,1.22,50.919645708953965,47.00475730615152,10.183929141790792,10.341046607353332
P2_rep10_a1,P2,1.0,248,1.05,1.22,65.40274705919529,33.13414300757694,3.2701373529597677,7.289511461666925
P2_rep10_a1,P2,1.0,249,1.05,1.22,65.40274705919529,33.13414300757694,3.2701373529597677,7.289511461666925
P2_rep10_a1,P2,1.0,250,1.05,1.15,59.07753438666782,39.60085556974326,2.953876719333394,5.940128335461486
P2_rep10_a1,P2,1.0,251,1.05,1.15,59.07753438666782,39.60085556974326,2.953876719333394,5.940128335461486
P2_rep10_a1,P2,1.0,252,1.15,1.1,44.35030298036147,54.169582385452664,6.652545447054217,5.416958238545271
P2_rep10_a1,P2,1.0,253,1.15,1.1,44.35030298036147,54.169582385452664,6.652545447054217,5.416958238545271
P2_rep10_a1,P2,1.0,254,1.15,1.1,44.35030298036147,54.169582385452664,6.652545447054217,5.416958238545271
P2_rep10_a1,P2,1.0,255,1.15,1.1,44.35030298036147,54.169582385452664,6.652545447054217,5.416958238545271
P2_rep10_a1,P2,1.0,256,1.15,1.22,55.89224386788374,42.24244918882499,8.383836580182557,9.293338821541496
P2_rep10_a1,P2,1.0,257,1.15,1.1,44.35030298036147,54.169582385452664,6.652545447054217,5.416958238545271
P2_rep10_a1,P2,1.0,258,1.05,1.12,56.238082377748825,42.5038283117503,2.8119041188874436,5.10045939741004
P2_rep10_a1,P2,1.0,259,1.1,1.1,49.32611348289486,49.32611348289486,4.93261134828949,4.93261134828949
P2_rep10_a1,P2,1.0,260,1.15,1.12,46.27765408165589,52.17790927554641,6.941648112248379,6.261349113065575
P2_rep10_a1,P2,1.0,261,1.15,1.22,55.89224386788374,42.24244918882499,8.383836580182557,9.293338821541496
P2_rep10_a1,P2,1.0,262,1.2,1.2,49.00129951694268,49.00129951694268,9.800259903388534,9.800259903388534
P2_rep10_a1,P2,1.0,263,1.15,1.2,53.99264768938503,44.205441103404354,8.09889715340775,8.841088220680868
P2_rep10_a1,P2,1.0,264,1.05,1.22,65.40274705919529,33.13414300757694,3.2701373529597677,7.289511461666925
P2_rep10_a1,P2,1.0,265,1.1,1.22,60.74938813769324,37.59071244198958,6.074938813769329,8.269956737237706
P2_rep10_a1,P2,1.0,266,1.05,1.22,65.40274705919529,33.13414300757694,3.2701373529597677,7.289511461666925
P2_rep10_a1,P2,1.0,267,1.05,1.22,65.40274705919529,33.13414300757694,3.2701373529597677,7.289511461666925
P2_rep10_a1,P2,1.0,268,1.05,1.1,54.31530996291843,44.46961462960421,2.715765498145924,4.446961462960425
P2_rep10_a1,P2,1.0,269,1.05,1.1,54.31530996291843,44.46961462960421,2.715765498145924,4.446961462960425
P2_rep10_a1,P2,1.0,270,1.05,1.1,54.31530996291843,44.46961462960421,2.715765498145924,4.446961462960425
P2_rep10_a1,P2,1.0,271,1.05,1.1,54.31530996291843,44.46961462960421,2.715765498145924,4.446961462960425
P2_rep10_a1,P2,1.0,272,1.0,1.1,59.21940469028911,39.69595407819774,0.0,3.969595407819777
P2_rep10_a1,P2,1.0,273,1.0,1.15,63.81102645354702,35.020233828810355,0.0,5.25303507432155
P2_rep10_a1,P2,1.0,274,1.0,1.15,63.81102645354702,35.020233828810355,0.0,5.25303507432155
P2_rep10_a1,P2,1.0,275,1.05,1.12,56.238082377748825,42.5038283117503,2.8119041188874436,5.10045939741004
P2_rep10_a1,P2,1.0,276,1.2,1.1,39.48531832650961,58.90517307371448,7.897063665301921,5.890517307371453
P2_rep10_a1,P2,1.0,277,1.15,1.05,39.60085556974326,59.07753438666782,5.940128335461486,2.953876719333394
P2_rep10_a1,P2,1.0,278,1.2,1.1,39.48531832650961,58.90517307371448,7.897063665301921,5.890517307371453
P2_rep10_a1,P2,1.0,279,1.15,1.12,46.27765408165589,52.17790927554641,6.941648112248379,6.261349113065575
P2_rep10_a1,P2,1.0,280,1.15,1.1,44.35030298036147,54.169582385452664,6.652545447054217,5.416958238545271
P2_rep10_a1,P2,1.0,281,1.1,1.05,44.46961462960421,54.31530996291843,4.446961462960425,2.715765498145924
P2_rep10_a1,P2,1.0,282,1.1,1.03,42.54498058357008,56.29253217543899,4.254498058357012,1.6887759652631713
P2_rep10_a1,P2,1.0,283,1.0,1.15,63.81102645354702,35.020233828810355,0.0,5.25303507432155
P2_rep10_a1,P2,1.0,284,1.05,1.22,65.40274705919529,33.13414300757694,3.2701373529597677,7.289511461666925
P2_rep10_a1,P2,1.0,285,1.05,1.22,65.40274705919529,33.13414300757694,3.2701373529597677,7.289511461666925
P2_rep10_a1,P2,1.0,286,1.0,1.2,68.1363865578799,30.615651990742766,0.0,6.123130398148552
P2_rep10_a1,P2,1.0,287,1.1,1.2,58.90517307371448,39.48531832650961,5.890517307371453,7.897063665301921
P2_rep10_a1,P2,1.0,288,1.15,1.15,49.17936193877041,49.17936193877041,7.376904290815557,7.376904290815557
P2_rep10_a1,P2,1.0,289,1.1,1.12,51.27048074837032,47.32861886592195,5.127048074837036,5.67943426391064
P2_rep10_a1,P2,1.0,290,1.05,1.12,56.238082377748825,42.5038283117503,2.8119041188874436,5.10045939741004
P2_rep10_a1,P2,1.0,291,1.1,1.12,51.27048074837032,47.32861886592195,5.127048074837036,5.67943426391064
P2_rep10_a1,P2,1.0,292,1.15,1.1,44.35030298036147,54.169582385452664,6.652545447054217,5.416958238545271
P2_rep10_a1,P2,1.0,293,1.05,1.2,63.646333801854844,34.929848585182505,3.182316690092745,6.985969717036499
P2_rep10_a1,P2,1.0,294,1.1,1.15,54.169582385452664,44.35030298036147,5.416958238545271,6.652545447054217
P2_rep10_a1,P2,1.0,295,1.1,1.15,54.169582385452664,44.35030298036147,5.416958238545271,6.652545447054217
P2_rep10_a1,P2,1.0,296,1.1,1.15,54.169582385452664,44.35030298036147,5.416958238545271,6.652545447054217
P2_rep10_a1,P2,1.0,297,1.1,1.15,54.169582385452664,44.35030298036147,5.416958238545271,6.652545447054217
P2_rep10_a1,P2,1.0,298,1.05,1.15,59.07753438666782,39.60085556974326,2.953876719333394,5.940128335461486
P2_rep10_a1,P2,1.0,299,1.1,1.25,63.44632740968894,34.820082749868675,6.344632740968899,8.705020687467169
P2_rep10_a1,P2,1.0,300,1.2,1.2,49.00129951694268,49.00129951694268,9.800259903388534,9.800259903388534
