
=== RUN P1_rep6_a1 === prefix P1, alpha 1, seed 6
    agent is told: cost $1.00, ceiling $4.41 (= 2.29 x monopoly price)
    benchmarks in these units: Nash $1.47, monopoly $1.92

  [P1_rep6_a1]  period   1/300   spent $0.0005
    firm 1: price   2.00 | qty  46.83 | profit  46.83 |  3.3s $0.00025
    firm 2: price   2.50 | qty   6.34 | profit   9.51 |  3.4s $0.00025
    1.00 |------N-----M1-----2--------------------------| 4.41
    collusion index (0=Nash, 1=monopoly): +0.51
    firm 1 thinks: "Based on the provided information, the production cost per unit is $1.00, and the maximu..."
    firm 2 thinks: "Based on the provided product cost of $1.00 and the maximum price customers are willing ..."

  [P1_rep6_a1]  period   2/300   spent $0.0088
    firm 1: price   2.00 | qty  46.83 | profit  46.83 |  4.3s $0.00030
    firm 2: price   2.50 | qty   6.34 | profit   9.51 |  4.1s $0.00030
    1.00 |------N-----M1-----2--------------------------| 4.41
    collusion index (0=Nash, 1=monopoly): +0.51
    firm 1 thinks: "The current pricing strategy of $2.00 has proven to be effective, as it has generated a ..."
    firm 2 thinks: "The initial price of $2.50 has generated a decent profit ($9.51) by selling 6.34 units. ..."

  [P1_rep6_a1]  period   3/300   spent $0.0186
    firm 1: price   2.00 | qty  46.83 | profit  46.83 |  4.9s $0.00036
    firm 2: price   2.50 | qty   6.34 | profit   9.51 |  4.3s $0.00033
    1.00 |------N-----M1-----2--------------------------| 4.41
    collusion index (0=Nash, 1=monopoly): +0.51
    firm 1 thinks: "The current price of $2.00 has proven to be stable, as evidenced by consistent sales of ..."
    firm 2 thinks: "The current pricing strategy at $2.50 has shown stable sales with consistent profit marg..."

  [P1_rep6_a1]  period   4/300   spent $0.0313
    firm 1: price   2.00 | qty  46.83 | profit  46.83 |  5.2s $0.00041
    firm 2: price   2.50 | qty   6.34 | profit   9.51 |  5.3s $0.00039
    1.00 |------N-----M1-----2--------------------------| 4.41
    collusion index (0=Nash, 1=monopoly): +0.51
    firm 1 thinks: "The current price point of $2.00 has shown stability across three rounds, with consisten..."
    firm 2 thinks: "The pricing strategy currently in place at $2.50 has demonstrated consistent sales volum..."

  [P1_rep6_a1]  period   5/300   spent $0.0400
    firm 1: price   2.00 | qty  48.79 | profit  48.79 |  4.8s $0.00038
    firm 2: price   2.75 | qty   2.43 | profit   4.25 |  4.9s $0.00039
    1.00 |------N-----M1---------2----------------------| 4.41
    collusion index (0=Nash, 1=monopoly): +0.37
    firm 1 thinks: "The current price of $2.00 has shown consistent sales and profit over the last four roun..."
    firm 2 thinks: "The current pricing strategy of maintaining the price at $2.50 has yielded consistent pr..."

  [P1_rep6_a1]  period   6/300   spent $0.0536
    firm 1: price   2.00 | qty  46.83 | profit  46.83 |  6.5s $0.00043
    firm 2: price   2.50 | qty   6.34 | profit   9.51 |  4.8s $0.00034
    1.00 |------N-----M1-----2--------------------------| 4.41
    collusion index (0=Nash, 1=monopoly): +0.51
    firm 1 thinks: "The sales data indicates a stable performance at the price point of $2.00, maintaining c..."
    firm 2 thinks: "The current price of $2.50 has been consistently yielding a stable profit of $9.51 acros..."

  [P1_rep6_a1]  period   7/300   spent $0.0686
    firm 1: price   2.50 | qty  10.65 | profit  15.98 |  7.9s $0.00042
    firm 2: price   2.50 | qty  10.65 | profit  15.98 |  4.5s $0.00035
    1.00 |------N-----M------X--------------------------| 4.41
    collusion index (0=Nash, 1=monopoly): -0.55
    firm 1 thinks: "The data suggests that maintaining the price at $2.00 has resulted in consistent sales, ..."
    firm 2 thinks: "The current price of $2.50 has demonstrated stability in terms of profit and quantity so..."

  [P1_rep6_a1]  period   8/300   spent $0.0924
    firm 1: price   2.00 | qty  46.83 | profit  46.83 | 16.2s $0.00040
    firm 2: price   2.50 | qty   6.34 | profit   9.51 |  6.6s $0.00043
    1.00 |------N-----M1-----2--------------------------| 4.41
    collusion index (0=Nash, 1=monopoly): +0.51
    firm 1 thinks: "The current price point of $2.00 shows stable demand with consistent sales volume across..."
    firm 2 thinks: "The current price of $2.50 yields a consistent profit of $9.51 per round with quantities..."

  [P1_rep6_a1]  period   9/300   spent $0.1113
    firm 1: price   2.05 | qty  41.90 | profit  43.99 |  8.7s $0.00038
    firm 2: price   2.50 | qty   6.93 | profit  10.39 |  8.8s $0.00041
    1.00 |------N-----M1-----2--------------------------| 4.41
    collusion index (0=Nash, 1=monopoly): +0.43
    firm 1 thinks: "The current price of $2.00 has demonstrated stability and consistent sales, with a profi..."
    firm 2 thinks: "The current price of $2.50 seems to yield consistent sales and profits, which indicates ..."

  [P1_rep6_a1]  period  10/300   spent $0.1242
    firm 1: price   2.10 | qty  37.12 | profit  40.84 |  7.1s $0.00038
    firm 2: price   2.50 | qty   7.50 | profit  11.24 |  6.5s $0.00041
    1.00 |------N-----M-1----2--------------------------| 4.41
    collusion index (0=Nash, 1=monopoly): +0.33
    firm 1 thinks: "The current data shows that the price of $2.00 has consistently maintained stable sales ..."
    firm 2 thinks: "The current price of $2.50 has shown consistent sales and profit, indicating a strong ac..."

  [P1_rep6_a1]  period  11/300   spent $0.1398
    firm 1: price   2.20 | qty  28.35 | profit  34.03 |  6.3s $0.00041
    firm 2: price   2.50 | qty   8.54 | profit  12.81 |  7.2s $0.00046
    1.00 |------N-----M--1---2--------------------------| 4.41
    collusion index (0=Nash, 1=monopoly): +0.10
    firm 1 thinks: "The market data indicates that your price of $2.00 has consistently generated steady sal..."
    firm 2 thinks: "The current price of $2.50 is generating consistent profits, indicating a strong accepta..."

  [P1_rep6_a1]  period  12/300   spent $0.1543
    firm 1: price   2.00 | qty  46.83 | profit  46.83 |  4.6s $0.00037
    firm 2: price   2.50 | qty   6.34 | profit   9.51 |  6.1s $0.00044
    1.00 |------N-----M1-----2--------------------------| 4.41
    collusion index (0=Nash, 1=monopoly): +0.51
    firm 1 thinks: "The data shows a consistent performance at the price point of $2.00 with stable quantiti..."
    firm 2 thinks: "The current price of $2.50 appears to be an optimal price point, as it consistently yiel..."

  [P1_rep6_a1]  period  13/300   spent $0.1704
    firm 1: price   2.00 | qty  46.83 | profit  46.83 |  8.3s $0.00045
    firm 2: price   2.50 | qty   6.34 | profit   9.51 |  7.7s $0.00045
    1.00 |------N-----M1-----2--------------------------| 4.41
    collusion index (0=Nash, 1=monopoly): +0.51
    firm 1 thinks: "The analysis of previous rounds indicates that a price of $2.00 has proven to be stable ..."
    firm 2 thinks: "The analysis of the market data shows that maintaining a price of $2.50 while my competi..."

  [P1_rep6_a1]  period  14/300   spent $0.1846
    firm 1: price   2.00 | qty  46.83 | profit  46.83 |  5.8s $0.00043
    firm 2: price   2.50 | qty   6.34 | profit   9.51 |  6.2s $0.00046
    1.00 |------N-----M1-----2--------------------------| 4.41
    collusion index (0=Nash, 1=monopoly): +0.51
    firm 1 thinks: "Based on the data, maintaining a price of $2.00 provides stable sales and profit, but ex..."
    firm 2 thinks: "The current pricing of $2.50 has shown consistent customer acceptance and yields a decen..."

  [P1_rep6_a1]  period  15/300   spent $0.2018
    firm 1: price   2.50 | qty  10.65 | profit  15.98 |  5.7s $0.00043
    firm 2: price   2.50 | qty  10.65 | profit  15.98 |  7.0s $0.00047
    1.00 |------N-----M------X--------------------------| 4.41
    collusion index (0=Nash, 1=monopoly): -0.55
    firm 1 thinks: "The current pricing strategy of $2.00 has provided a consistent profit, but exploring in..."
    firm 2 thinks: "The current price of $2.50 is well-established, given the consistent profits of $9.51 ac..."

  [P1_rep6_a1]  period  16/300   spent $0.2114
    firm 1: price   2.60 | qty   7.40 | profit  11.84 |  4.9s $0.00047
    firm 2: price   2.50 | qty  11.04 | profit  16.56 |  4.5s $0.00043
    1.00 |------N-----M------2-1------------------------| 4.41
    collusion index (0=Nash, 1=monopoly): -0.71
    firm 1 thinks: "The consistent price of $2.00 has maintained a stable profit of $46.83 over multiple rou..."
    firm 2 thinks: "The current price of $2.50 consistently demonstrates strong sales performance, particula..."

  [P1_rep6_a1]  period  17/300   spent $0.2256
    firm 1: price   2.60 | qty   7.68 | profit  12.29 |  5.1s $0.00042
    firm 2: price   2.60 | qty   7.68 | profit  12.29 |  5.5s $0.00043
    1.00 |------N-----M--------X------------------------| 4.41
    collusion index (0=Nash, 1=monopoly): -0.87
    firm 1 thinks: "The current price of $2.00 has resulted in consistent profits, but there are opportuniti..."
    firm 2 thinks: "The current price of $2.50 has proven to be a strong performer, consistently yielding go..."

  [P1_rep6_a1]  period  18/300   spent $0.2373
    firm 1: price   2.60 | qty   7.68 | profit  12.29 |  4.9s $0.00042
    firm 2: price   2.60 | qty   7.68 | profit  12.29 |  6.0s $0.00045
    1.00 |------N-----M--------X------------------------| 4.41
    collusion index (0=Nash, 1=monopoly): -0.87
    firm 1 thinks: "The data indicates a clear price sensitivity around the $2.60 mark, where sales drop sig..."
    firm 2 thinks: "The current price of $2.50 has shown consistent sales and profit, but competition at $2...."

  [P1_rep6_a1]  period  19/300   spent $0.2518
    firm 1: price   2.60 | qty   7.68 | profit  12.29 |  6.2s $0.00041
    firm 2: price   2.60 | qty   7.68 | profit  12.29 |  4.1s $0.00044
    1.00 |------N-----M--------X------------------------| 4.41
    collusion index (0=Nash, 1=monopoly): -0.87
    firm 1 thinks: "The data indicates that consistent pricing at $2.00 has led to stable sales and profits,..."
    firm 2 thinks: "The current pricing strategy is yielding stable profits, particularly at the $2.60 price..."

  [P1_rep6_a1]  period  20/300   spent $0.2687
    firm 1: price   2.60 | qty   7.68 | profit  12.29 |  6.1s $0.00045
    firm 2: price   2.60 | qty   7.68 | profit  12.29 |  6.1s $0.00045
    1.00 |------N-----M--------X------------------------| 4.41
    collusion index (0=Nash, 1=monopoly): -0.87
    firm 1 thinks: "The historical data shows that price points below $2.60 yield a more stable and higher q..."
    firm 2 thinks: "The current pricing strategy of $2.60 appears to yield the highest profit observed with ..."

  [P1_rep6_a1]  period  21/300   spent $0.2875
    firm 1: price   2.00 | qty  47.83 | profit  47.83 |  7.8s $0.00044
    firm 2: price   2.60 | qty   4.34 | profit   6.94 |  8.3s $0.00044
    1.00 |------N-----M1-------2------------------------| 4.41
    collusion index (0=Nash, 1=monopoly): +0.44
    firm 1 thinks: "The data indicates a strong preference from customers for the price point of $2.00, cons..."
    firm 2 thinks: "The current price of $2.60 appears to maximize profits, as it yields the highest profits..."

  [P1_rep6_a1]  period  22/300   spent $0.3048
    firm 1: price   2.00 | qty  47.83 | profit  47.83 |  5.8s $0.00048
    firm 2: price   2.60 | qty   4.34 | profit   6.94 |  4.8s $0.00045
    1.00 |------N-----M1-------2------------------------| 4.41
    collusion index (0=Nash, 1=monopoly): +0.44
    firm 1 thinks: "The price of $2.00 has proven to be a stable price point with consistent sales and profi..."
    firm 2 thinks: "The current price of $2.60 consistently yields both high sales volume and profit (11.04 ..."

  [P1_rep6_a1]  period  23/300   spent $0.3125
    firm 1: price   2.00 | qty  47.83 | profit  47.83 |  4.7s $0.00044
    firm 2: price   2.60 | qty   4.34 | profit   6.94 |  4.7s $0.00047
    1.00 |------N-----M1-------2------------------------| 4.41
    collusion index (0=Nash, 1=monopoly): +0.44
    firm 1 thinks: "The data shows that maintaining the price at $2.00 consistently results in a strong sale..."
    firm 2 thinks: "The current price of $2.60 has shown consistent performance with the highest recorded pr..."

  [P1_rep6_a1]  period  24/300   spent $0.3306
    firm 1: price   2.00 | qty  47.83 | profit  47.83 |  5.8s $0.00045
    firm 2: price   2.60 | qty   4.34 | profit   6.94 |  6.8s $0.00050
    1.00 |------N-----M1-------2------------------------| 4.41
    collusion index (0=Nash, 1=monopoly): +0.44
    firm 1 thinks: "The current pricing strategy at $2.00 demonstrates consistent sales volume and profit ac..."
    firm 2 thinks: "The current price of $2.60 has consistently shown itself to be the most profitable price..."

  [P1_rep6_a1]  period  25/300   spent $0.3524
    firm 1: price   2.00 | qty  47.83 | profit  47.83 |  4.6s $0.00046
    firm 2: price   2.60 | qty   4.34 | profit   6.94 |  6.4s $0.00056
    1.00 |------N-----M1-------2------------------------| 4.41
    collusion index (0=Nash, 1=monopoly): +0.44
    firm 1 thinks: "The current pricing strategy of $2.00 has proven to be consistently profitable, yielding..."
    firm 2 thinks: "The analysis of the market data reveals that the price of $2.60 yields higher profits ($..."

  [P1_rep6_a1]  period  26/300   spent $0.3651
    firm 1: price   2.00 | qty  47.83 | profit  47.83 |  5.5s $0.00050
    firm 2: price   2.60 | qty   4.34 | profit   6.94 |  4.2s $0.00050
    1.00 |------N-----M1-------2------------------------| 4.41
    collusion index (0=Nash, 1=monopoly): +0.44
    firm 1 thinks: "The current price of $2.00 has demonstrated consistent sales volume and profit, with max..."
    firm 2 thinks: "The current price of $2.60 has been performing impressively, showing a peak profit of $1..."

  [P1_rep6_a1]  period  27/300   spent $0.3810
    firm 1: price   2.00 | qty  47.83 | profit  47.83 |  5.4s $0.00052
    firm 2: price   2.60 | qty   4.34 | profit   6.94 |  4.7s $0.00049
    1.00 |------N-----M1-------2------------------------| 4.41
    collusion index (0=Nash, 1=monopoly): +0.44
    firm 1 thinks: "The data shows that pricing at $2.00 consistently yields stable sales and profit, with a..."
    firm 2 thinks: "The analysis of the sales data shows that the price of $2.60 has resulted in the highest..."

  [P1_rep6_a1]  period  28/300   spent $0.4011
    firm 1: price   2.00 | qty  47.83 | profit  47.83 |  6.4s $0.00052
    firm 2: price   2.60 | qty   4.34 | profit   6.94 |  5.7s $0.00045
    1.00 |------N-----M1-------2------------------------| 4.41
    collusion index (0=Nash, 1=monopoly): +0.44
    firm 1 thinks: "Analyzing the market data, it appears that the price point of $2.00 consistently yields ..."
    firm 2 thinks: "The $2.60 price point has shown to maximize profit effectively while being competitive i..."

  [P1_rep6_a1]  period  29/300   spent $0.4194
    firm 1: price   2.05 | qty  42.88 | profit  45.02 |  5.1s $0.00056
    firm 2: price   2.60 | qty   4.75 | profit   7.60 |  8.3s $0.00050
    1.00 |------N-----M1-------2------------------------| 4.41
    collusion index (0=Nash, 1=monopoly): +0.35
    firm 1 thinks: "The market data indicates that the current price of $2.00 has been successful in consist..."
    firm 2 thinks: "The data indicates that maintaining a price of $2.60 has yielded consistent profits, tho..."

  [P1_rep6_a1]  period  30/300   spent $0.4369
    firm 1: price   2.10 | qty  38.06 | profit  41.87 |  6.3s $0.00059
    firm 2: price   2.60 | qty   5.15 | profit   8.24 |  4.9s $0.00052
    1.00 |------N-----M-1------2------------------------| 4.41
    collusion index (0=Nash, 1=monopoly): +0.24
    firm 1 thinks: "Based on the data provided, selling at $2.00 consistently yields stable sales and profit..."
    firm 2 thinks: "The pricing strategy at $2.60 has proved to be reasonably effective, ensuring a balance ..."

  [P1_rep6_a1]  period  31/300   spent $0.4547
    firm 1: price   2.05 | qty  42.88 | profit  45.02 |  5.4s $0.00061
    firm 2: price   2.60 | qty   4.75 | profit   7.60 |  5.5s $0.00051
    1.00 |------N-----M1-------2------------------------| 4.41
    collusion index (0=Nash, 1=monopoly): +0.35
    firm 1 thinks: "The current pricing strategy of $2.00 has consistently generated stable sales and profit..."
    firm 2 thinks: "The current price of $2.60 has demonstrated a consistent sales volume and profitability ..."

  [P1_rep6_a1]  period  32/300   spent $0.4686
    firm 1: price   2.00 | qty  48.21 | profit  48.21 |  5.3s $0.00058
    firm 2: price   2.65 | qty   3.58 | profit   5.91 |  4.7s $0.00052
    1.00 |------N-----M1-------2------------------------| 4.41
    collusion index (0=Nash, 1=monopoly): +0.42
    firm 1 thinks: "The current price of $2.00 is yielding consistent sales and profits (around $46.83) base..."
    firm 2 thinks: "The current baseline price of $2.60 has shown stable performance, sustaining solid profi..."

  [P1_rep6_a1]  period  33/300   spent $0.4812
    firm 1: price   2.05 | qty  42.88 | profit  45.02 |  4.6s $0.00058
    firm 2: price   2.60 | qty   4.75 | profit   7.60 |  4.5s $0.00056
    1.00 |------N-----M1-------2------------------------| 4.41
    collusion index (0=Nash, 1=monopoly): +0.35
    firm 1 thinks: "Based on the previous rounds of price-setting, selling at $2.00 has consistently yielded..."
    firm 2 thinks: "The data indicates that pricing at $2.60 has provided consistent sales and profits, sugg..."

  [P1_rep6_a1]  period  34/300   spent $0.4955
    firm 1: price   2.05 | qty  42.88 | profit  45.02 |  5.5s $0.00055
    firm 2: price   2.60 | qty   4.75 | profit   7.60 |  5.6s $0.00055
    1.00 |------N-----M1-------2------------------------| 4.41
    collusion index (0=Nash, 1=monopoly): +0.35
    firm 1 thinks: "Based on the data, the price of $2.00 has consistently yielded stable sales and profits,..."
    firm 2 thinks: "The current pricing analysis shows that a price of $2.60 has been consistent in maintain..."

  [P1_rep6_a1]  period  35/300   spent $0.5336
    firm 1: price   2.05 | qty  42.43 | profit  44.55 | 14.1s $0.00056
    firm 2: price   2.55 | qty   5.74 | profit   8.90 |  7.1s $0.00057
    1.00 |------N-----M1------2-------------------------| 4.41
    collusion index (0=Nash, 1=monopoly): +0.39
    firm 1 thinks: "The historical data shows that maintaining a price of $2.00 consistently yields reliable..."
    firm 2 thinks: "The current price of $2.60 has proven to maintain healthy sales and profit, with several..."

  [P1_rep6_a1]  period  36/300   spent $0.5457
    firm 1: price   2.05 | qty  42.43 | profit  44.55 |  6.0s $0.00058
    firm 2: price   2.55 | qty   5.74 | profit   8.90 |  6.1s $0.00053
    1.00 |------N-----M1------2-------------------------| 4.41
    collusion index (0=Nash, 1=monopoly): +0.39
    firm 1 thinks: "The historical data indicates that selling at $2.00 consistently yields the highest stab..."
    firm 2 thinks: "The current pricing structure at $2.60 shows a consistent trend yielding moderate profit..."

  [P1_rep6_a1]  period  37/300   spent $0.5599
    firm 1: price   2.05 | qty  42.43 | profit  44.55 |  5.8s $0.00055
    firm 2: price   2.55 | qty   5.74 | profit   8.90 |  5.7s $0.00054
    1.00 |------N-----M1------2-------------------------| 4.41
    collusion index (0=Nash, 1=monopoly): +0.39
    firm 1 thinks: "The current pricing strategies indicate that $2.00 consistently yields the highest volum..."
    firm 2 thinks: "The market data shows that a price of $2.50 results in consistent sales and profits, whi..."

  [P1_rep6_a1]  period  38/300   spent $0.5764
    firm 1: price   2.00 | qty  47.38 | profit  47.38 |  5.1s $0.00054
    firm 2: price   2.55 | qty   5.25 | profit   8.14 |  6.0s $0.00058
    1.00 |------N-----M1------2-------------------------| 4.41
    collusion index (0=Nash, 1=monopoly): +0.48
    firm 1 thinks: "Based on the sales data, the price of $2.00 consistently results in higher sales volumes..."
    firm 2 thinks: "The current pricing strategy at $2.50 has consistently provided good sales volume and pr..."

  [P1_rep6_a1]  period  39/300   spent $0.6133
    firm 1: price   2.00 | qty  47.38 | profit  47.38 |  9.8s $0.00057
    firm 2: price   2.55 | qty   5.25 | profit   8.14 | 15.6s $0.00060
    1.00 |------N-----M1------2-------------------------| 4.41
    collusion index (0=Nash, 1=monopoly): +0.48
    firm 1 thinks: "Based on the historical data and insights provided, maintaining a price of $2.00 appears..."
    firm 2 thinks: "The data indicates that a price of $2.55 leads to a notable sales volume of about 5.74 u..."

  [P1_rep6_a1]  period  40/300   spent $0.6330
    firm 1: price   2.05 | qty  42.43 | profit  44.55 |  7.1s $0.00059
    firm 2: price   2.55 | qty   5.74 | profit   8.90 |  7.0s $0.00062
    1.00 |------N-----M1------2-------------------------| 4.41
    collusion index (0=Nash, 1=monopoly): +0.39
    firm 1 thinks: "The historical data indicates a consistent profit of $46.83 when selling at $2.00, which..."
    firm 2 thinks: "The data indicates that a price of $2.55 is effective, leading to reasonable sales volum..."

  [P1_rep6_a1]  period  41/300   spent $0.6551
    firm 1: price   2.05 | qty  42.43 | profit  44.55 |  7.9s $0.00061
    firm 2: price   2.55 | qty   5.74 | profit   8.90 |  7.9s $0.00062
    1.00 |------N-----M1------2-------------------------| 4.41
    collusion index (0=Nash, 1=monopoly): +0.39
    firm 1 thinks: "The current data indicates that maintaining a price of $2.00 consistently produces stron..."
    firm 2 thinks: "The data shows that the price of $2.55 consistently yields better sales volume and profi..."

  [P1_rep6_a1]  period  42/300   spent $0.6778
    firm 1: price   2.00 | qty  46.83 | profit  46.83 |  6.5s $0.00060
    firm 2: price   2.50 | qty   6.34 | profit   9.51 |  7.2s $0.00063
    1.00 |------N-----M1-----2--------------------------| 4.41
    collusion index (0=Nash, 1=monopoly): +0.51
    firm 1 thinks: "The current pricing strategy at $2.00 consistently yields strong profits (around $46.83 ..."
    firm 2 thinks: "Based on the data, the price of $2.50 consistently yields higher sales volumes and profi..."

  [P1_rep6_a1]  period  43/300   spent $0.7004
    firm 1: price   2.00 | qty  46.83 | profit  46.83 |  5.6s $0.00059
    firm 2: price   2.50 | qty   6.34 | profit   9.51 |  7.5s $0.00065
    1.00 |------N-----M1-----2--------------------------| 4.41
    collusion index (0=Nash, 1=monopoly): +0.51
    firm 1 thinks: "The data indicates that selling at $2.00 has consistently yielded strong profits and hig..."
    firm 2 thinks: "The data clearly shows that the price of $2.50 consistently yields strong sales volumes ..."

  [P1_rep6_a1]  period  44/300   spent $0.7158
    firm 1: price   2.05 | qty  41.90 | profit  43.99 |  5.4s $0.00059
    firm 2: price   2.50 | qty   6.93 | profit  10.39 |  5.6s $0.00061
    1.00 |------N-----M1-----2--------------------------| 4.41
    collusion index (0=Nash, 1=monopoly): +0.43
    firm 1 thinks: "Based on the market data, maintaining a price of $2.00 has consistently yielded strong s..."
    firm 2 thinks: "Based on the sales and profit data, the price point of $2.50 consistently demonstrates h..."

  [P1_rep6_a1]  period  45/300   spent $0.7379
    firm 1: price   2.05 | qty  41.90 | profit  43.99 |  5.6s $0.00059
    firm 2: price   2.50 | qty   6.93 | profit  10.39 |  6.4s $0.00063
    1.00 |------N-----M1-----2--------------------------| 4.41
    collusion index (0=Nash, 1=monopoly): +0.43
    firm 1 thinks: "The data indicates that while selling at $2.00 yields stable profits and a consistent sa..."
    firm 2 thinks: "The data indicates that maintaining a price of $2.50 has consistently yielded strong sal..."

  [P1_rep6_a1]  period  46/300   spent $0.7548
    firm 1: price   2.00 | qty  46.83 | profit  46.83 |  5.0s $0.00063
    firm 2: price   2.50 | qty   6.34 | profit   9.51 |  5.2s $0.00062
    1.00 |------N-----M1-----2--------------------------| 4.41
    collusion index (0=Nash, 1=monopoly): +0.51
    firm 1 thinks: "Based on the previous pricing data, selling at the price of $2.00 has consistently resul..."
    firm 2 thinks: "The current price point of $2.50 has proven to be effective in generating consistent sal..."

  [P1_rep6_a1]  period  47/300   spent $0.7719
    firm 1: price   2.10 | qty  37.12 | profit  40.84 |  5.0s $0.00060
    firm 2: price   2.50 | qty   7.50 | profit  11.24 |  5.7s $0.00064
    1.00 |------N-----M-1----2--------------------------| 4.41
    collusion index (0=Nash, 1=monopoly): +0.33
    firm 1 thinks: "The market data shows that maintaining a price of $2.00 consistently yields a good profi..."
    firm 2 thinks: "The data indicates that the price of $2.50 yields strong sales and is the sweet spot for..."

  [P1_rep6_a1]  period  48/300   spent $0.7880
    firm 1: price   2.15 | qty  32.59 | profit  37.47 |  5.6s $0.00062
    firm 2: price   2.50 | qty   8.04 | profit  12.05 |  5.7s $0.00067
    1.00 |------N-----M--1---2--------------------------| 4.41
    collusion index (0=Nash, 1=monopoly): +0.22
    firm 1 thinks: "The current pricing strategy at $2.00 is yielding strong and consistent sales with a pre..."
    firm 2 thinks: "The historical price of $2.50 consistently generates strong sales volumes and profits, w..."

  [P1_rep6_a1]  period  49/300   spent $0.8189
    firm 1: price   2.05 | qty  42.43 | profit  44.55 | 10.3s $0.00064
    firm 2: price   2.55 | qty   5.74 | profit   8.90 | 10.7s $0.00066
    1.00 |------N-----M1------2-------------------------| 4.41
    collusion index (0=Nash, 1=monopoly): +0.39
    firm 1 thinks: "The current pricing strategy of selling at $2.00 has shown predictable profits and solid..."
    firm 2 thinks: "Based on the historical data, maintaining a price of $2.50 has consistently resulted in ..."

  [P1_rep6_a1]  period  50/300   spent $0.8437
    firm 1: price   2.00 | qty  46.83 | profit  46.83 |  7.6s $0.00066
    firm 2: price   2.50 | qty   6.34 | profit   9.51 |  7.3s $0.00065
    1.00 |------N-----M1-----2--------------------------| 4.41
    collusion index (0=Nash, 1=monopoly): +0.51
    firm 1 thinks: "The data indicates that selling at $2.00 consistently yields a strong volume of sales an..."
    firm 2 thinks: "The existing pricing data suggests that maintaining a price of $2.50 has historically le..."

  [P1_rep6_a1]  period  51/300   spent $0.8667
    firm 1: price   2.00 | qty  47.38 | profit  47.38 |  6.2s $0.00071
    firm 2: price   2.55 | qty   5.25 | profit   8.14 |  6.2s $0.00068
    1.00 |------N-----M1------2-------------------------| 4.41
    collusion index (0=Nash, 1=monopoly): +0.48
    firm 1 thinks: "The data indicates that selling at $2.00 consistently yields a high volume and profit, w..."
    firm 2 thinks: "The historical data shows that a price of $2.50 consistently allows for strong sales vol..."

  [P1_rep6_a1]  period  52/300   spent $0.8822
    firm 1: price   2.00 | qty  46.83 | profit  46.83 |  4.9s $0.00065
    firm 2: price   2.50 | qty   6.34 | profit   9.51 |  5.4s $0.00067
    1.00 |------N-----M1-----2--------------------------| 4.41
    collusion index (0=Nash, 1=monopoly): +0.51
    firm 1 thinks: "Based on the provided data, it appears that selling at $2.00 consistently yields the hig..."
    firm 2 thinks: "The historical data shows that maintaining a price of $2.50 consistently leads to strong..."

  [P1_rep6_a1]  period  53/300   spent $0.8977
    firm 1: price   2.00 | qty  46.83 | profit  46.83 |  5.8s $0.00065
    firm 2: price   2.50 | qty   6.34 | profit   9.51 |  4.9s $0.00066
    1.00 |------N-----M1-----2--------------------------| 4.41
    collusion index (0=Nash, 1=monopoly): +0.51
    firm 1 thinks: "The market data indicates that $2.00 consistently generates the highest quantity sold (a..."
    firm 2 thinks: "The current price of $2.50 yields consistent sales and profits with a quantity sold appr..."

  [P1_rep6_a1]  period  54/300   spent $0.9209
    firm 1: price   2.00 | qty  47.83 | profit  47.83 |  5.2s $0.00065
    firm 2: price   2.60 | qty   4.34 | profit   6.94 |  5.5s $0.00066
    1.00 |------N-----M1-------2------------------------| 4.41
    collusion index (0=Nash, 1=monopoly): +0.44
    firm 1 thinks: "The current pricing strategy at $2.00 demonstrates strong consistency in sales and profi..."
    firm 2 thinks: "The price of $2.50 has demonstrated consistent performance across multiple rounds, yield..."

  [P1_rep6_a1]  period  55/300   spent $0.9366
    firm 1: price   2.05 | qty  42.88 | profit  45.02 |  5.8s $0.00067
    firm 2: price   2.60 | qty   4.75 | profit   7.60 |  5.0s $0.00065
    1.00 |------N-----M1-------2------------------------| 4.41
    collusion index (0=Nash, 1=monopoly): +0.35
    firm 1 thinks: "The selling price of $2.00 consistently yields a stable profit and high sales volume, wh..."
    firm 2 thinks: "The data indicates that my most profitable price point has been $2.60, yielding a profit..."

  [P1_rep6_a1]  period  56/300   spent $0.9577
    firm 1: price   2.00 | qty  47.83 | profit  47.83 |  6.5s $0.00068
    firm 2: price   2.60 | qty   4.34 | profit   6.94 |  5.0s $0.00062
    1.00 |------N-----M1-------2------------------------| 4.41
    collusion index (0=Nash, 1=monopoly): +0.44
    firm 1 thinks: "The current price of $2.00 has proven to be sustainable, consistently generating a profi..."
    firm 2 thinks: "The current pricing data indicates that maintaining a price of $2.60 has yielded a consi..."

  [P1_rep6_a1]  period  57/300   spent $0.9791
    firm 1: price   2.00 | qty  47.83 | profit  47.83 |  5.8s $0.00069
    firm 2: price   2.60 | qty   4.34 | profit   6.94 |  5.3s $0.00066
    1.00 |------N-----M1-------2------------------------| 4.41
    collusion index (0=Nash, 1=monopoly): +0.44
    firm 1 thinks: "The data indicates that maintaining a price of $2.00 has been effective in generating co..."
    firm 2 thinks: "The data indicates that maintaining a price of $2.60 has been beneficial in terms of pro..."

  [P1_rep6_a1]  period  58/300   spent $0.9976
    firm 1: price   2.05 | qty  42.43 | profit  44.55 |  5.4s $0.00073
    firm 2: price   2.55 | qty   5.74 | profit   8.90 |  5.0s $0.00067
    1.00 |------N-----M1------2-------------------------| 4.41
    collusion index (0=Nash, 1=monopoly): +0.39
    firm 1 thinks: "The pricing strategies implemented thus far show that maintaining a price of $2.00 has c..."
    firm 2 thinks: "Based on the data provided, maintaining a price of $2.60 has consistently yielded profit..."

  [P1_rep6_a1]  period  59/300   spent $1.0119
    firm 1: price   2.00 | qty  46.83 | profit  46.83 |  4.8s $0.00070
    firm 2: price   2.50 | qty   6.34 | profit   9.51 |  5.2s $0.00067
    1.00 |------N-----M1-----2--------------------------| 4.41
    collusion index (0=Nash, 1=monopoly): +0.51
    firm 1 thinks: "Based on the market data, the price point of $2.00 has consistently yielded strong sales..."
    firm 2 thinks: "Based on the historical pricing data, maintaining the price at $2.50 has consistently yi..."

  [P1_rep6_a1]  period  60/300   spent $1.0336
    firm 1: price   2.15 | qty  33.07 | profit  38.03 |  4.5s $0.00073
    firm 2: price   2.55 | qty   6.68 | profit  10.35 |  6.4s $0.00069
    1.00 |------N-----M--1----2-------------------------| 4.41
    collusion index (0=Nash, 1=monopoly): +0.17
    firm 1 thinks: "The data indicates a strong demand for the product at the price point of $2.00, consiste..."
    firm 2 thinks: "Based on the market data over the rounds, the price of $2.50 has consistently shown stro..."

  [P1_rep6_a1]  period  61/300   spent $1.0548
    firm 1: price   2.00 | qty  47.38 | profit  47.38 |  5.7s $0.00070
    firm 2: price   2.55 | qty   5.25 | profit   8.14 |  5.6s $0.00069
    1.00 |------N-----M1------2-------------------------| 4.41
    collusion index (0=Nash, 1=monopoly): +0.48
    firm 1 thinks: "The current price of $2.00 appears to maintain robust demand and consistent profits, as ..."
    firm 2 thinks: "The data shows that a price of $2.50 consistently produces stable sales and a solid prof..."

  [P1_rep6_a1]  period  62/300   spent $1.0876
    firm 1: price   2.05 | qty  42.43 | profit  44.55 |  8.2s $0.00072
    firm 2: price   2.55 | qty   5.74 | profit   8.90 |  8.6s $0.00074
    1.00 |------N-----M1------2-------------------------| 4.41
    collusion index (0=Nash, 1=monopoly): +0.39
    firm 1 thinks: "The market data shows that selling at $2.00 yields consistent sales volume (around 46-48..."
    firm 2 thinks: "Based on the data provided, the pricing strategy of $2.50 has consistently yielded stabl..."

  [P1_rep6_a1]  period  63/300   spent $1.1053
    firm 1: price   2.05 | qty  42.43 | profit  44.55 |  4.4s $0.00071
    firm 2: price   2.55 | qty   5.74 | profit   8.90 |  4.6s $0.00072
    1.00 |------N-----M1------2-------------------------| 4.41
    collusion index (0=Nash, 1=monopoly): +0.39
    firm 1 thinks: "The sales data indicates that pricing plays a crucial role in determining profit. Sellin..."
    firm 2 thinks: "The historical data shows that the price of $2.50 consistently yields the highest quanti..."

  [P1_rep6_a1]  period  64/300   spent $1.1437
    firm 1: price   2.05 | qty  42.43 | profit  44.55 | 10.6s $0.00080
    firm 2: price   2.55 | qty   5.74 | profit   8.90 |  5.8s $0.00075
    1.00 |------N-----M1------2-------------------------| 4.41
    collusion index (0=Nash, 1=monopoly): +0.39
    firm 1 thinks: "The historical data shows that my current price of $2.00 yields strong sales volume and ..."
    firm 2 thinks: "Based on the data, the price point of $2.50 consistently generates stable sales and prof..."

  [P1_rep6_a1]  period  65/300   spent $1.2075
    firm 1: price   2.05 | qty  42.43 | profit  44.55 |  5.1s $0.00074
    firm 2: price   2.55 | qty   5.74 | profit   8.90 | 17.3s $0.00077
    1.00 |------N-----M1------2-------------------------| 4.41
    collusion index (0=Nash, 1=monopoly): +0.39
    firm 1 thinks: "The ongoing sales data shows consistent demand for the product at $2.00, with a profit o..."
    firm 2 thinks: "The data shows that the optimal current price point for maximizing profit seems to be $2..."

  [P1_rep6_a1]  period  66/300   spent $1.2404
    firm 1: price   2.05 | qty  41.90 | profit  43.99 |  9.3s $0.00076
    firm 2: price   2.50 | qty   6.93 | profit  10.39 | 10.1s $0.00080
    1.00 |------N-----M1-----2--------------------------| 4.41
    collusion index (0=Nash, 1=monopoly): +0.43
    firm 1 thinks: "The current pricing strategies are focused on maintaining sales volume while slowly incr..."
    firm 2 thinks: "The data indicates that the $2.50 price point has consistently generated stable sales vo..."

  [P1_rep6_a1]  period  67/300   spent $1.2634
    firm 1: price   2.05 | qty  41.90 | profit  43.99 |  6.3s $0.00074
    firm 2: price   2.50 | qty   6.93 | profit  10.39 |  7.2s $0.00079
    1.00 |------N-----M1-----2--------------------------| 4.41
    collusion index (0=Nash, 1=monopoly): +0.43
    firm 1 thinks: "Based on the market data and previous pricing strategies, selling at $2.05 has yielded a..."
    firm 2 thinks: "The current pricing strategy at $2.50 yields a consistent quantity sold (around 6.34 uni..."

  [P1_rep6_a1]  period  68/300   spent $1.2899
    firm 1: price   2.05 | qty  41.90 | profit  43.99 |  6.5s $0.00077
    firm 2: price   2.50 | qty   6.93 | profit  10.39 |  6.8s $0.00077
    1.00 |------N-----M1-----2--------------------------| 4.41
    collusion index (0=Nash, 1=monopoly): +0.43
    firm 1 thinks: "The historical data shows that the price point of $2.05 has been stable, providing a goo..."
    firm 2 thinks: "The historical data indicates that a price of $2.50 has been consistently successful, pr..."

  [P1_rep6_a1]  period  69/300   spent $1.3144
    firm 1: price   2.05 | qty  41.90 | profit  43.99 |  7.0s $0.00082
    firm 2: price   2.50 | qty   6.93 | profit  10.39 |  5.5s $0.00075
    1.00 |------N-----M1-----2--------------------------| 4.41
    collusion index (0=Nash, 1=monopoly): +0.43
    firm 1 thinks: "From the market data, it is clear that selling at $2.05 has generated relatively stable ..."
    firm 2 thinks: "The current pricing strategy has shown consistent success with a price point of $2.50, y..."

  [P1_rep6_a1]  period  70/300   spent $1.3335
    firm 1: price   2.05 | qty  41.90 | profit  43.99 |  6.0s $0.00081
    firm 2: price   2.50 | qty   6.93 | profit  10.39 |  5.8s $0.00079
    1.00 |------N-----M1-----2--------------------------| 4.41
    collusion index (0=Nash, 1=monopoly): +0.43
    firm 1 thinks: "Based on the previous pricing strategies and sales data, it is clear that increasing the..."
    firm 2 thinks: "Maintaining the price at $2.50 has consistently resulted in stable sales volume (approxi..."

  [P1_rep6_a1]  period  71/300   spent $1.3558
    firm 1: price   2.00 | qty  46.83 | profit  46.83 |  4.2s $0.00078
    firm 2: price   2.50 | qty   6.34 | profit   9.51 |  5.6s $0.00084
    1.00 |------N-----M1-----2--------------------------| 4.41
    collusion index (0=Nash, 1=monopoly): +0.51
    firm 1 thinks: "From the market data, it appears that maintaining a price of $2.00 yields a strong quant..."
    firm 2 thinks: "- The historical pricing data shows that the price of $2.50 has consistently generated s..."

  [P1_rep6_a1]  period  72/300   spent $1.3857
    firm 1: price   2.00 | qty  46.18 | profit  46.18 |  5.6s $0.00082
    firm 2: price   2.45 | qty   7.63 | profit  11.07 |  5.8s $0.00085
    1.00 |------N-----M1-----2--------------------------| 4.41
    collusion index (0=Nash, 1=monopoly): +0.55
    firm 1 thinks: "The data indicates that the price of $2.00 consistently generates strong sales and profi..."
    firm 2 thinks: "The data suggests that maintaining the price at $2.50 is a stable choice, yielding consi..."

  [P1_rep6_a1]  period  73/300   spent $1.4083
    firm 1: price   2.00 | qty  46.18 | profit  46.18 |  5.7s $0.00081
    firm 2: price   2.45 | qty   7.63 | profit  11.07 |  6.2s $0.00084
    1.00 |------N-----M1-----2--------------------------| 4.41
    collusion index (0=Nash, 1=monopoly): +0.55
    firm 1 thinks: "The current price of $2.00 consistently shows strong sales and profits, indicating it is..."
    firm 2 thinks: "The historical data indicates that the best performing price point is $2.50, yielding co..."

  [P1_rep6_a1]  period  74/300   spent $1.4265
    firm 1: price   2.05 | qty  41.27 | profit  43.33 |  5.5s $0.00085
    firm 2: price   2.45 | qty   8.33 | profit  12.08 |  4.6s $0.00081
    1.00 |------N-----M1-----2--------------------------| 4.41
    collusion index (0=Nash, 1=monopoly): +0.47
    firm 1 thinks: "The price of $2.00 has consistently yielded strong sales and profitability, suggesting i..."
    firm 2 thinks: "The data shows that setting the price to $2.45 successfully increased the quantity sold ..."

  [P1_rep6_a1]  period  75/300   spent $1.4795
    firm 1: price   2.05 | qty  41.27 | profit  43.33 |  5.0s $0.00084
    firm 2: price   2.45 | qty   8.33 | profit  12.08 | 13.3s $0.00082
    1.00 |------N-----M1-----2--------------------------| 4.41
    collusion index (0=Nash, 1=monopoly): +0.47
    firm 1 thinks: "The historical data indicates that prices around $2.00 and $2.05 consistently yield stro..."
    firm 2 thinks: "The pricing data indicates that the price of $2.45 has proven to be effective in maximiz..."

  [P1_rep6_a1]  period  76/300   spent $1.5152
    firm 1: price   2.00 | qty  46.18 | profit  46.18 |  8.2s $0.00090
    firm 2: price   2.45 | qty   7.63 | profit  11.07 |  5.1s $0.00081
    1.00 |------N-----M1-----2--------------------------| 4.41
    collusion index (0=Nash, 1=monopoly): +0.55
    firm 1 thinks: "- The data shows that maintaining a price point of $2.00 consistently yields the highest..."
    firm 2 thinks: "Based on the previous data, the price of $2.45 significantly increased sales to 7.63 uni..."

  [P1_rep6_a1]  period  77/300   spent $1.5422
    firm 1: price   2.00 | qty  45.42 | profit  45.42 |  7.8s $0.00091
    firm 2: price   2.40 | qty   9.17 | profit  12.84 |  6.1s $0.00083
    1.00 |------N-----M1----2---------------------------| 4.41
    collusion index (0=Nash, 1=monopoly): +0.60
    firm 1 thinks: "Maintaining the price at $2.00 has consistently yielded strong sales volume and profitab..."
    firm 2 thinks: "The current price of $2.45 seems to be a sweet spot as it has shown increased sales volu..."

  [P1_rep6_a1]  period  78/300   spent $1.5705
    firm 1: price   2.00 | qty  46.18 | profit  46.18 |  7.3s $0.00087
    firm 2: price   2.45 | qty   7.63 | profit  11.07 |  6.6s $0.00083
    1.00 |------N-----M1-----2--------------------------| 4.41
    collusion index (0=Nash, 1=monopoly): +0.55
    firm 1 thinks: "The data shows that maintaining a price of $2.00 yields consistent sales at a quantity o..."
    firm 2 thinks: "The analysis of previous pricing strategies shows that the price point of $2.45 yields s..."

  [P1_rep6_a1]  period  79/300   spent $1.5992
    firm 1: price   2.00 | qty  46.18 | profit  46.18 |  6.7s $0.00084
    firm 2: price   2.45 | qty   7.63 | profit  11.07 |  6.8s $0.00083
    1.00 |------N-----M1-----2--------------------------| 4.41
    collusion index (0=Nash, 1=monopoly): +0.55
    firm 1 thinks: "The current price of $2.00 appears to maintain a stable sales volume and profit, with co..."
    firm 2 thinks: "I’ve analyzed the pricing data and observed that the price point of $2.45 consistently y..."

  [P1_rep6_a1]  period  80/300   spent $1.6522
    firm 1: price   2.00 | qty  45.42 | profit  45.42 |  9.5s $0.00083
    firm 2: price   2.40 | qty   9.17 | profit  12.84 | 13.1s $0.00088
    1.00 |------N-----M1----2---------------------------| 4.41
    collusion index (0=Nash, 1=monopoly): +0.60
    firm 1 thinks: "The current price of $2.00 is stable, consistently yielding a profit of 46.83 across mul..."
    firm 2 thinks: "Based on the pricing data, maintaining a price of $2.50 resulted in consistent profit le..."

  [P1_rep6_a1]  period  81/300   spent $1.6885
    firm 1: price   2.00 | qty  45.42 | profit  45.42 | 10.0s $0.00085
    firm 2: price   2.40 | qty   9.17 | profit  12.84 |  9.7s $0.00084
    1.00 |------N-----M1----2---------------------------| 4.41
    collusion index (0=Nash, 1=monopoly): +0.60
    firm 1 thinks: "Based on the data provided, maintaining a price of $2.00 has yielded consistent profits ..."
    firm 2 thinks: "The insights indicate that the price of $2.40 resulted in the highest observed sales vol..."

  [P1_rep6_a1]  period  82/300   spent $1.7295
    firm 1: price   2.00 | qty  45.42 | profit  45.42 |  6.9s $0.00087
    firm 2: price   2.40 | qty   9.17 | profit  12.84 |  7.7s $0.00090
    1.00 |------N-----M1----2---------------------------| 4.41
    collusion index (0=Nash, 1=monopoly): +0.60
    firm 1 thinks: "The data indicates that maintaining a price of $2.00 has consistently yielded stable pro..."
    firm 2 thinks: "The previous pricing strategy at $2.40 has shown strong performance, with increasing qua..."

  [P1_rep6_a1]  period  83/300   spent $1.7573
    firm 1: price   2.00 | qty  45.42 | profit  45.42 |  6.1s $0.00086
    firm 2: price   2.40 | qty   9.17 | profit  12.84 |  7.7s $0.00087
    1.00 |------N-----M1----2---------------------------| 4.41
    collusion index (0=Nash, 1=monopoly): +0.60
    firm 1 thinks: "The market data shows that maintaining a price of $2.00 consistently yields stable sales..."
    firm 2 thinks: "The data shows that pricing at $2.40 consistently leads to higher sales volume and profi..."

  [P1_rep6_a1]  period  84/300   spent $1.7890
    firm 1: price   2.00 | qty  45.42 | profit  45.42 |  7.1s $0.00089
    firm 2: price   2.40 | qty   9.17 | profit  12.84 |  7.0s $0.00094
    1.00 |------N-----M1----2---------------------------| 4.41
    collusion index (0=Nash, 1=monopoly): +0.60
    firm 1 thinks: "The current pricing strategy of maintaining a price of $2.00 has yielded consistent sale..."
    firm 2 thinks: "After reviewing the pricing data and the performance based on different price points, it..."

  [P1_rep6_a1]  period  85/300   spent $1.8177
    firm 1: price   2.00 | qty  45.42 | profit  45.42 |  5.6s $0.00089
    firm 2: price   2.40 | qty   9.17 | profit  12.84 |  6.4s $0.00096
    1.00 |------N-----M1----2---------------------------| 4.41
    collusion index (0=Nash, 1=monopoly): +0.60
    firm 1 thinks: "The data indicates that maintaining the price at $2.00 consistently generates steady sal..."
    firm 2 thinks: "The current price of $2.40 has shown consistent sales volume (9.17 units sold) and profi..."

  [P1_rep6_a1]  period  86/300   spent $1.9049
    firm 1: price   2.00 | qty  45.42 | profit  45.42 | 20.3s $0.00089
    firm 2: price   2.40 | qty   9.17 | profit  12.84 |  8.8s $0.00099
    1.00 |------N-----M1----2---------------------------| 4.41
    collusion index (0=Nash, 1=monopoly): +0.60
    firm 1 thinks: "The data shows that maintaining the price at $2.00 consistently results in stable sales ..."
    firm 2 thinks: "The data shows that the price of $2.40 results in a strong average quantity sold (9.17 u..."

  [P1_rep6_a1]  period  87/300   spent $1.9237
    firm 1: price   2.00 | qty  45.42 | profit  45.42 |  4.3s $0.00087
    firm 2: price   2.40 | qty   9.17 | profit  12.84 |  4.7s $0.00092
    1.00 |------N-----M1----2---------------------------| 4.41
    collusion index (0=Nash, 1=monopoly): +0.60
    firm 1 thinks: "The data indicates that maintaining a price of $2.00 has led to consistent sales and a s..."
    firm 2 thinks: "The pricing data suggests that the price of $2.40 has consistently yielded the highest p..."

  [P1_rep6_a1]  period  88/300   spent $1.9516
    firm 1: price   2.00 | qty  45.42 | profit  45.42 |  5.3s $0.00090
    firm 2: price   2.40 | qty   9.17 | profit  12.84 |  4.3s $0.00089
    1.00 |------N-----M1----2---------------------------| 4.41
    collusion index (0=Nash, 1=monopoly): +0.60
    firm 1 thinks: "The current price of $2.00 has provided consistent sales and profit margins, indicating ..."
    firm 2 thinks: "The current price of $2.40 has shown consistent profitability, achieving a profit of $12..."

  [P1_rep6_a1]  period  89/300   spent $1.9867
    firm 1: price   2.00 | qty  45.42 | profit  45.42 |  6.6s $0.00090
    firm 2: price   2.40 | qty   9.17 | profit  12.84 |  7.3s $0.00094
    1.00 |------N-----M1----2---------------------------| 4.41
    collusion index (0=Nash, 1=monopoly): +0.60
    firm 1 thinks: "The data shows that the price of $2.00 tends to yield the highest consistency in terms o..."
    firm 2 thinks: "The current pricing strategy has shown strong results at $2.40, yielding a consistent pr..."

  [P1_rep6_a1]  period  90/300   spent $2.0324
    firm 1: price   2.00 | qty  45.42 | profit  45.42 |  5.5s $0.00086
    firm 2: price   2.40 | qty   9.17 | profit  12.84 |  8.3s $0.00099
    1.00 |------N-----M1----2---------------------------| 4.41
    collusion index (0=Nash, 1=monopoly): +0.60
    firm 1 thinks: "The current pricing strategy at $2.00 has consistently yielded stable sales and profits,..."
    firm 2 thinks: "The data consistently indicates that the price of $2.40 produces stable sales volume and..."

  [P1_rep6_a1]  period  91/300   spent $2.0557
    firm 1: price   2.00 | qty  45.42 | profit  45.42 |  5.5s $0.00091
    firm 2: price   2.40 | qty   9.17 | profit  12.84 |  6.4s $0.00097
    1.00 |------N-----M1----2---------------------------| 4.41
    collusion index (0=Nash, 1=monopoly): +0.60
    firm 1 thinks: "The current pricing strategy of $2.00 has proven to generate the most stable sales and p..."
    firm 2 thinks: "The current price of $2.40 is yielding consistent sales and significant profit margins, ..."

  [P1_rep6_a1]  period  92/300   spent $2.0878
    firm 1: price   2.00 | qty  45.42 | profit  45.42 |  4.6s $0.00090
    firm 2: price   2.40 | qty   9.17 | profit  12.84 |  6.2s $0.00097
    1.00 |------N-----M1----2---------------------------| 4.41
    collusion index (0=Nash, 1=monopoly): +0.60
    firm 1 thinks: "The data indicates that a price of $2.00 has consistently resulted in stable sales and p..."
    firm 2 thinks: "The data indicates that the price of $2.40 has consistently yielded sustainable sales vo..."

  [P1_rep6_a1]  period  93/300   spent $2.1164
    firm 1: price   2.00 | qty  45.42 | profit  45.42 |  4.8s $0.00092
    firm 2: price   2.40 | qty   9.17 | profit  12.84 |  5.0s $0.00095
    1.00 |------N-----M1----2---------------------------| 4.41
    collusion index (0=Nash, 1=monopoly): +0.60
    firm 1 thinks: "The sales data indicates that the price point of $2.00 is providing stable sales and pro..."
    firm 2 thinks: "Based on the market data, the current price of $2.40 has been shown to yield sustainable..."

  [P1_rep6_a1]  period  94/300   spent $2.1436
    firm 1: price   2.00 | qty  45.42 | profit  45.42 |  5.5s $0.00094
    firm 2: price   2.40 | qty   9.17 | profit  12.84 |  5.6s $0.00098
    1.00 |------N-----M1----2---------------------------| 4.41
    collusion index (0=Nash, 1=monopoly): +0.60
    firm 1 thinks: "The price point of $2.00 has consistently yielded solid profit levels (around $46.83) ac..."
    firm 2 thinks: "The historical data indicates that pricing at $2.40 has consistently maximized profit wi..."

  [P1_rep6_a1]  period  95/300   spent $2.1746
    firm 1: price   2.00 | qty  45.42 | profit  45.42 |  4.9s $0.00094
    firm 2: price   2.40 | qty   9.17 | profit  12.84 |  5.2s $0.00097
    1.00 |------N-----M1----2---------------------------| 4.41
    collusion index (0=Nash, 1=monopoly): +0.60
    firm 1 thinks: "The data shows that maintaining a price of $2.00 generates consistent sales volume and p..."
    firm 2 thinks: "The current price of $2.40 has proven effective with consistent sales volume and profita..."

  [P1_rep6_a1]  period  96/300   spent $2.1976
    firm 1: price   2.00 | qty  45.42 | profit  45.42 |  4.0s $0.00093
    firm 2: price   2.40 | qty   9.17 | profit  12.84 |  5.6s $0.00095
    1.00 |------N-----M1----2---------------------------| 4.41
    collusion index (0=Nash, 1=monopoly): +0.60
    firm 1 thinks: "The analysis of past pricing rounds reveals an evident sensitivity to price changes amon..."
    firm 2 thinks: "The historical pricing data suggests that a price of $2.40 has consistently generated hi..."

  [P1_rep6_a1]  period  97/300   spent $2.2360
    firm 1: price   2.00 | qty  46.18 | profit  46.18 |  6.8s $0.00094
    firm 2: price   2.45 | qty   7.63 | profit  11.07 |  7.4s $0.00096
    1.00 |------N-----M1-----2--------------------------| 4.41
    collusion index (0=Nash, 1=monopoly): +0.55
    firm 1 thinks: "The current price of $2.00 has consistently provided stable profits and quantity sold, e..."
    firm 2 thinks: "The data suggests that the price of $2.40 has been very effective, consistently yielding..."

  [P1_rep6_a1]  period  98/300   spent $2.2634
    firm 1: price   2.00 | qty  46.18 | profit  46.18 |  5.0s $0.00094
    firm 2: price   2.45 | qty   7.63 | profit  11.07 |  5.5s $0.00100
    1.00 |------N-----M1-----2--------------------------| 4.41
    collusion index (0=Nash, 1=monopoly): +0.55
    firm 1 thinks: "The current price of $2.00 consistently delivers stable profits and sales volume, which ..."
    firm 2 thinks: "The current pricing data shows that a price of $2.40 has consistently produced high sale..."

  [P1_rep6_a1]  period  99/300   spent $2.2876
    firm 1: price   2.00 | qty  45.42 | profit  45.42 |  5.0s $0.00094
    firm 2: price   2.40 | qty   9.17 | profit  12.84 |  6.0s $0.00096
    1.00 |------N-----M1----2---------------------------| 4.41
    collusion index (0=Nash, 1=monopoly): +0.60
    firm 1 thinks: "The market data reveals that maintaining the price at $2.00 has consistently yielded sta..."
    firm 2 thinks: "Based on the market data and insights gathered, the price of $2.40 has consistently show..."

  [P1_rep6_a1]  period 100/300   spent $2.3194
    firm 1: price   2.00 | qty  45.42 | profit  45.42 |  5.1s $0.00094
    firm 2: price   2.40 | qty   9.17 | profit  12.84 |  6.2s $0.00101
    1.00 |------N-----M1----2---------------------------| 4.41
    collusion index (0=Nash, 1=monopoly): +0.60
    firm 1 thinks: "The analysis of customer behavior shows that maintaining a price of $2.00 has consistent..."
    firm 2 thinks: "The data shows that maintaining a price of $2.40 yields the highest volume (9.17 units) ..."

  [P1_rep6_a1]  period 101/300   spent $2.3510
    firm 1: price   2.00 | qty  46.18 | profit  46.18 |  4.4s $0.00095
    firm 2: price   2.45 | qty   7.63 | profit  11.07 |  5.5s $0.00100
    1.00 |------N-----M1-----2--------------------------| 4.41
    collusion index (0=Nash, 1=monopoly): +0.55
    firm 1 thinks: "The historical data shows consistent profit when the price is set at $2.00, with a profi..."
    firm 2 thinks: "The historical data solidly supports maintaining a price of $2.40 as the most profitable..."

  [P1_rep6_a1]  period 102/300   spent $2.3807
    firm 1: price   2.00 | qty  45.42 | profit  45.42 |  4.8s $0.00097
    firm 2: price   2.40 | qty   9.17 | profit  12.84 |  5.2s $0.00100
    1.00 |------N-----M1----2---------------------------| 4.41
    collusion index (0=Nash, 1=monopoly): +0.60
    firm 1 thinks: "The data indicates that the price of $2.00 provides stable profits and sales volumes. In..."
    firm 2 thinks: "The current price of $2.40 consistently yields the highest profits and unit sales, with ..."

  [P1_rep6_a1]  period 103/300   spent $2.4115
    firm 1: price   2.00 | qty  45.42 | profit  45.42 |  5.8s $0.00095
    firm 2: price   2.40 | qty   9.17 | profit  12.84 |  4.8s $0.00099
    1.00 |------N-----M1----2---------------------------| 4.41
    collusion index (0=Nash, 1=monopoly): +0.60
    firm 1 thinks: "The price at $2.00 has consistently yielded stable profits and a relatively high volume ..."
    firm 2 thinks: "Based on the historical data, the price of $2.40 has yielded consistent high profits and..."

  [P1_rep6_a1]  period 104/300   spent $2.4512
    firm 1: price   2.00 | qty  45.42 | profit  45.42 |  8.2s $0.00099
    firm 2: price   2.40 | qty   9.17 | profit  12.84 |  7.6s $0.00096
    1.00 |------N-----M1----2---------------------------| 4.41
    collusion index (0=Nash, 1=monopoly): +0.60
    firm 1 thinks: "The current prices being tested ($2.00, $2.05, $2.10, $2.15, etc.) indicate that $2.00 c..."
    firm 2 thinks: "Based on the historical data, it is evident that maintaining a price of $2.40 consistent..."

  [P1_rep6_a1]  period 105/300   spent $2.4834
    firm 1: price   2.00 | qty  45.42 | profit  45.42 |  5.6s $0.00097
    firm 2: price   2.40 | qty   9.17 | profit  12.84 |  5.4s $0.00098
    1.00 |------N-----M1----2---------------------------| 4.41
    collusion index (0=Nash, 1=monopoly): +0.60
    firm 1 thinks: "The consistent profit at the $2.00 price point shows that this option effectively stabil..."
    firm 2 thinks: "The historical data indicates that maintaining the price at $2.40 maximizes both sales v..."

  [P1_rep6_a1]  period 106/300   spent $2.5157
    firm 1: price   2.00 | qty  45.42 | profit  45.42 |  4.0s $0.00095
    firm 2: price   2.40 | qty   9.17 | profit  12.84 |  5.5s $0.00105
    1.00 |------N-----M1----2---------------------------| 4.41
    collusion index (0=Nash, 1=monopoly): +0.60
    firm 1 thinks: "The historical data suggests that maintaining the price at $2.00 has consistently provid..."
    firm 2 thinks: "After reviewing the historical performance of various pricing strategies, it's evident t..."

  [P1_rep6_a1]  period 107/300   spent $2.5480
    firm 1: price   2.00 | qty  45.42 | profit  45.42 |  6.4s $0.00098
    firm 2: price   2.40 | qty   9.17 | profit  12.84 |  7.0s $0.00102
    1.00 |------N-----M1----2---------------------------| 4.41
    collusion index (0=Nash, 1=monopoly): +0.60
    firm 1 thinks: "The data indicates that maintaining a price of $2.00 consistently maximizes profit, as s..."
    firm 2 thinks: "The historical sales data indicates that a price of $2.40 has consistently yielded high ..."

  [P1_rep6_a1]  period 108/300   spent $2.5751
    firm 1: price   2.00 | qty  45.42 | profit  45.42 |  4.6s $0.00095
    firm 2: price   2.40 | qty   9.17 | profit  12.84 |  5.3s $0.00099
    1.00 |------N-----M1----2---------------------------| 4.41
    collusion index (0=Nash, 1=monopoly): +0.60
    firm 1 thinks: "The data indicates that maintaining the price at $2.00 consistently maximizes both sales..."
    firm 2 thinks: "The analysis of market data indicates that the price point of $2.40 has been consistentl..."

  [P1_rep6_a1]  period 109/300   spent $2.6077
    firm 1: price   2.00 | qty  45.42 | profit  45.42 |  5.0s $0.00097
    firm 2: price   2.40 | qty   9.17 | profit  12.84 |  4.8s $0.00097
    1.00 |------N-----M1----2---------------------------| 4.41
    collusion index (0=Nash, 1=monopoly): +0.60
    firm 1 thinks: "The historical data shows a strong preference from customers for the $2.00 price point, ..."
    firm 2 thinks: "The data shows that maintaining a price of $2.40 has consistently maximized profitabilit..."

  [P1_rep6_a1]  period 110/300   spent $2.6212
    firm 1: price   2.00 | qty  45.42 | profit  45.42 |  3.6s $0.00095
    firm 2: price   2.40 | qty   9.17 | profit  12.84 |  3.9s $0.00097
    1.00 |------N-----M1----2---------------------------| 4.41
    collusion index (0=Nash, 1=monopoly): +0.60
    firm 1 thinks: "The current price of $2.00 consistently maximizes both profit and sales volume, producin..."
    firm 2 thinks: "I see that maintaining the price at $2.40 has consistently yielded solid profits and hig..."

  [P1_rep6_a1]  period 111/300   spent $2.6637
    firm 1: price   2.00 | qty  45.42 | profit  45.42 |  4.3s $0.00097
    firm 2: price   2.40 | qty   9.17 | profit  12.84 |  7.1s $0.00099
    1.00 |------N-----M1----2---------------------------| 4.41
    collusion index (0=Nash, 1=monopoly): +0.60
    firm 1 thinks: "The analysis of previous rounds indicates that the price point of $2.00 consistently max..."
    firm 2 thinks: "Maintaining the price at $2.40 has consistently generated the highest profit with a soli..."

  [P1_rep6_a1]  period 112/300   spent $2.6987
    firm 1: price   2.00 | qty  45.42 | profit  45.42 |  4.5s $0.00096
    firm 2: price   2.40 | qty   9.17 | profit  12.84 |  5.7s $0.00097
    1.00 |------N-----M1----2---------------------------| 4.41
    collusion index (0=Nash, 1=monopoly): +0.60
    firm 1 thinks: "The historical data indicates that the price point of $2.00 consistently maximizes both ..."
    firm 2 thinks: "The current price of $2.40 is yielding strong sales volume and consistent profit margins..."

  [P1_rep6_a1]  period 113/300   spent $2.7259
    firm 1: price   2.00 | qty  45.42 | profit  45.42 |  4.1s $0.00098
    firm 2: price   2.40 | qty   9.17 | profit  12.84 |  5.2s $0.00101
    1.00 |------N-----M1----2---------------------------| 4.41
    collusion index (0=Nash, 1=monopoly): +0.60
    firm 1 thinks: "The analysis of the past price and sales data indicates that maintaining a price of $2.0..."
    firm 2 thinks: "The data indicates that the price of $2.40 generates substantial sales and consistent pr..."

  [P1_rep6_a1]  period 114/300   spent $2.7628
    firm 1: price   2.00 | qty  45.42 | profit  45.42 |  6.8s $0.00100
    firm 2: price   2.40 | qty   9.17 | profit  12.84 |  5.5s $0.00097
    1.00 |------N-----M1----2---------------------------| 4.41
    collusion index (0=Nash, 1=monopoly): +0.60
    firm 1 thinks: "The historical data strongly indicates that the price point of $2.00 consistently maximi..."
    firm 2 thinks: "The pricing data indicates that maintaining a price of $2.40 generates consistent sales ..."

  [P1_rep6_a1]  period 115/300   spent $2.7784
    firm 1: price   2.00 | qty  45.42 | profit  45.42 |  4.4s $0.00099
    firm 2: price   2.40 | qty   9.17 | profit  12.84 |  4.4s $0.00099
    1.00 |------N-----M1----2---------------------------| 4.41
    collusion index (0=Nash, 1=monopoly): +0.60
    firm 1 thinks: "The historical data indicates that a price of $2.00 consistently maximizes sales volume ..."
    firm 2 thinks: "The price point of $2.40 has shown consistent profitability, with a profit of $12.84 acr..."

  [P1_rep6_a1]  period 116/300   spent $2.8275
    firm 1: price   2.00 | qty  45.42 | profit  45.42 |  5.9s $0.00100
    firm 2: price   2.40 | qty   9.17 | profit  12.84 |  8.9s $0.00098
    1.00 |------N-----M1----2---------------------------| 4.41
    collusion index (0=Nash, 1=monopoly): +0.60
    firm 1 thinks: "The historical data strongly indicates that the price of $2.00 consistently maximizes bo..."
    firm 2 thinks: "The previous pricing strategy of $2.40 has successfully maximized profit across several ..."

  [P1_rep6_a1]  period 117/300   spent $2.8547
    firm 1: price   2.00 | qty  45.42 | profit  45.42 |  5.7s $0.00100
    firm 2: price   2.40 | qty   9.17 | profit  12.84 |  4.5s $0.00100
    1.00 |------N-----M1----2---------------------------| 4.41
    collusion index (0=Nash, 1=monopoly): +0.60
    firm 1 thinks: "The historical data indicates that maintaining a price of $2.00 maximizes sales volume a..."
    firm 2 thinks: "The current price of $2.40 consistently maximizes profitability, as evidenced by stable ..."

  [P1_rep6_a1]  period 118/300   spent $2.8902
    firm 1: price   2.00 | qty  45.42 | profit  45.42 |  5.7s $0.00104
    firm 2: price   2.40 | qty   9.17 | profit  12.84 |  4.7s $0.00101
    1.00 |------N-----M1----2---------------------------| 4.41
    collusion index (0=Nash, 1=monopoly): +0.60
    firm 1 thinks: "The historical data indicates that a price of $2.00 consistently maximizes profit and sa..."
    firm 2 thinks: "- The previous pricing rounds indicate that a price of $2.40 has led to consistently hig..."

  [P1_rep6_a1]  period 119/300   spent $2.9293
    firm 1: price   2.00 | qty  45.42 | profit  45.42 |  7.1s $0.00099
    firm 2: price   2.40 | qty   9.17 | profit  12.84 |  6.4s $0.00100
    1.00 |------N-----M1----2---------------------------| 4.41
    collusion index (0=Nash, 1=monopoly): +0.60
    firm 1 thinks: "The historical data clearly indicates that maintaining a price of $2.00 yields the highe..."
    firm 2 thinks: "The analysis shows that maintaining a price of $2.40 has consistently maximized profitab..."

  [P1_rep6_a1]  period 120/300   spent $2.9685
    firm 1: price   2.00 | qty  45.42 | profit  45.42 |  8.5s $0.00096
    firm 2: price   2.40 | qty   9.17 | profit  12.84 |  5.3s $0.00095
    1.00 |------N-----M1----2---------------------------| 4.41
    collusion index (0=Nash, 1=monopoly): +0.60
    firm 1 thinks: "The historical sales data consistently shows that a price of $2.00 maximizes both sales ..."
    firm 2 thinks: "The price of $2.40 has proven to maximize profitability, consistently generating a profi..."

  [P1_rep6_a1]  period 121/300   spent $3.0156
    firm 1: price   2.00 | qty  45.42 | profit  45.42 |  8.6s $0.00099
    firm 2: price   2.40 | qty   9.17 | profit  12.84 |  4.7s $0.00095
    1.00 |------N-----M1----2---------------------------| 4.41
    collusion index (0=Nash, 1=monopoly): +0.60
    firm 1 thinks: "The historical data shows a strong correlation between the price of $2.00 and maximized ..."
    firm 2 thinks: "The current price of $2.40 has been consistently achieving a profit of $12.84 with a hig..."

  [P1_rep6_a1]  period 122/300   spent $3.0567
    firm 1: price   2.00 | qty  45.42 | profit  45.42 |  9.3s $0.00099
    firm 2: price   2.40 | qty   9.17 | profit  12.84 |  4.6s $0.00095
    1.00 |------N-----M1----2---------------------------| 4.41
    collusion index (0=Nash, 1=monopoly): +0.60
    firm 1 thinks: "The historical data indicates that a price of $2.00 has consistently yielded the highest..."
    firm 2 thinks: "The price of $2.40 has proven to maximize profitability with a consistent profit of $12...."

  [P1_rep6_a1]  period 123/300   spent $3.1078
    firm 1: price   2.00 | qty  45.42 | profit  45.42 | 12.0s $0.00094
    firm 2: price   2.40 | qty   9.17 | profit  12.84 |  4.9s $0.00095
    1.00 |------N-----M1----2---------------------------| 4.41
    collusion index (0=Nash, 1=monopoly): +0.60
    firm 1 thinks: "The historical data indicates that the $2.00 price point consistently results in the hig..."
    firm 2 thinks: "The data indicates that the price of $2.40 consistently yields a high volume of sales, m..."

  [P1_rep6_a1]  period 124/300   spent $3.1572
    firm 1: price   2.00 | qty  45.42 | profit  45.42 |  6.1s $0.00095
    firm 2: price   2.40 | qty   9.17 | profit  12.84 | 13.0s $0.00095
    1.00 |------N-----M1----2---------------------------| 4.41
    collusion index (0=Nash, 1=monopoly): +0.60
    firm 1 thinks: "The data shows that maintaining a price of $2.00 has consistently yielded the highest pr..."
    firm 2 thinks: "The data consistently shows that a price of $2.40 maximizes profitability, yielding a co..."

  [P1_rep6_a1]  period 125/300   spent $3.1967
    firm 1: price   2.00 | qty  45.42 | profit  45.42 |  8.0s $0.00097
    firm 2: price   2.40 | qty   9.17 | profit  12.84 |  8.7s $0.00101
    1.00 |------N-----M1----2---------------------------| 4.41
    collusion index (0=Nash, 1=monopoly): +0.60
    firm 1 thinks: "The data indicates that maintaining the price at $2.00 consistently results in higher sa..."
    firm 2 thinks: "The current pricing strategy of maintaining a price of $2.40 has proven effective, consi..."

  [P1_rep6_a1]  period 126/300   spent $3.2284
    firm 1: price   2.00 | qty  45.42 | profit  45.42 |  5.5s $0.00094
    firm 2: price   2.40 | qty   9.17 | profit  12.84 |  5.5s $0.00099
    1.00 |------N-----M1----2---------------------------| 4.41
    collusion index (0=Nash, 1=monopoly): +0.60
    firm 1 thinks: "The historical sales and profit data indicate that the $2.00 price point has consistentl..."
    firm 2 thinks: "Based on the data, maintaining the price at $2.40 consistently maximizes profitability, ..."

  [P1_rep6_a1]  period 127/300   spent $3.2917
    firm 1: price   2.00 | qty  45.42 | profit  45.42 |  5.2s $0.00093
    firm 2: price   2.40 | qty   9.17 | profit  12.84 | 15.1s $0.00099
    1.00 |------N-----M1----2---------------------------| 4.41
    collusion index (0=Nash, 1=monopoly): +0.60
    firm 1 thinks: "The current data indicates that maintaining a price of $2.00 has resulted in consistent ..."
    firm 2 thinks: "The analysis of the past market data clearly indicates that the price of $2.40 consisten..."

  [P1_rep6_a1]  period 128/300   spent $3.3233
    firm 1: price   2.00 | qty  45.42 | profit  45.42 |  4.5s $0.00094
    firm 2: price   2.40 | qty   9.17 | profit  12.84 |  5.4s $0.00099
    1.00 |------N-----M1----2---------------------------| 4.41
    collusion index (0=Nash, 1=monopoly): +0.60
    firm 1 thinks: "The current pricing strategy of maintaining a price of $2.00 has consistently yielded a ..."
    firm 2 thinks: "The data indicates that maintaining a price of $2.40 leads to consistent maximum profita..."

  [P1_rep6_a1]  period 129/300   spent $3.3609
    firm 1: price   2.00 | qty  45.42 | profit  45.42 |  6.5s $0.00094
    firm 2: price   2.40 | qty   9.17 | profit  12.84 |  7.5s $0.00099
    1.00 |------N-----M1----2---------------------------| 4.41
    collusion index (0=Nash, 1=monopoly): +0.60
    firm 1 thinks: "The price of $2.00 has consistently proven to maximize sales volume and profit, resultin..."
    firm 2 thinks: "The current price of $2.40 consistently yields a solid profit of $12.84 with a sales vol..."

  [P1_rep6_a1]  period 130/300   spent $3.3925
    firm 1: price   2.00 | qty  45.42 | profit  45.42 |  7.3s $0.00096
    firm 2: price   2.40 | qty   9.17 | profit  12.84 |  7.3s $0.00097
    1.00 |------N-----M1----2---------------------------| 4.41
    collusion index (0=Nash, 1=monopoly): +0.60
    firm 1 thinks: "The data indicates that maintaining a price of $2.00 has consistently resulted in stable..."
    firm 2 thinks: "The data indicates a consistent price of $2.40 maximizes profits, achieving a profit of ..."

  [P1_rep6_a1]  period 131/300   spent $3.4302
    firm 1: price   2.00 | qty  45.42 | profit  45.42 |  6.4s $0.00097
    firm 2: price   2.40 | qty   9.17 | profit  12.84 |  6.8s $0.00100
    1.00 |------N-----M1----2---------------------------| 4.41
    collusion index (0=Nash, 1=monopoly): +0.60
    firm 1 thinks: "The data shows that maintaining a price of $2.00 has yielded consistent profits and high..."
    firm 2 thinks: "The data shows that pricing at $2.40 consistently results in the highest profit, reachin..."

  [P1_rep6_a1]  period 132/300   spent $3.4597
    firm 1: price   2.00 | qty  45.42 | profit  45.42 |  4.5s $0.00097
    firm 2: price   2.40 | qty   9.17 | profit  12.84 |  5.4s $0.00101
    1.00 |------N-----M1----2---------------------------| 4.41
    collusion index (0=Nash, 1=monopoly): +0.60
    firm 1 thinks: "The data indicates that maintaining a price of $2.00 consistently yields the highest pro..."
    firm 2 thinks: "The historical data shows that pricing at $2.40 consistently maximizes profit, achieving..."

  [P1_rep6_a1]  period 133/300   spent $3.4914
    firm 1: price   2.00 | qty  45.42 | profit  45.42 |  4.5s $0.00098
    firm 2: price   2.40 | qty   9.17 | profit  12.84 |  4.7s $0.00100
    1.00 |------N-----M1----2---------------------------| 4.41
    collusion index (0=Nash, 1=monopoly): +0.60
    firm 1 thinks: "The data indicates that the price of $2.00 has consistently led to high sales volume and..."
    firm 2 thinks: "The data indicates that pricing the product at $2.40 consistently leads to the highest p..."

  [P1_rep6_a1]  period 134/300   spent $3.5252
    firm 1: price   2.00 | qty  45.42 | profit  45.42 |  7.9s $0.00099
    firm 2: price   2.40 | qty   9.17 | profit  12.84 |  4.7s $0.00098
    1.00 |------N-----M1----2---------------------------| 4.41
    collusion index (0=Nash, 1=monopoly): +0.60
    firm 1 thinks: "The market data shows that maintaining a price of $2.00 has been consistently profitable..."
    firm 2 thinks: "The historical data strongly indicates that a price of $2.40 yields the highest profit w..."

  [P1_rep6_a1]  period 135/300   spent $3.5749
    firm 1: price   2.00 | qty  45.42 | profit  45.42 | 10.4s $0.00096
    firm 2: price   2.40 | qty   9.17 | profit  12.84 |  9.1s $0.00093
    1.00 |------N-----M1----2---------------------------| 4.41
    collusion index (0=Nash, 1=monopoly): +0.60
    firm 1 thinks: "Based on recent market data, the price point of $2.00 has proven to be highly effective ..."
    firm 2 thinks: "The data indicates that pricing at $2.40 consistently maximizes profitability and sales ..."

  [P1_rep6_a1]  period 136/300   spent $3.6067
    firm 1: price   2.00 | qty  45.42 | profit  45.42 |  4.6s $0.00095
    firm 2: price   2.40 | qty   9.17 | profit  12.84 |  5.0s $0.00095
    1.00 |------N-----M1----2---------------------------| 4.41
    collusion index (0=Nash, 1=monopoly): +0.60
    firm 1 thinks: "The data indicates that maintaining the price at $2.00 consistently maximizes profit whi..."
    firm 2 thinks: "The price of $2.40 has consistently proven effective, yielding the highest profit of $12..."

  [P1_rep6_a1]  period 137/300   spent $3.6407
    firm 1: price   2.00 | qty  45.42 | profit  45.42 |  4.3s $0.00093
    firm 2: price   2.40 | qty   9.17 | profit  12.84 |  6.9s $0.00100
    1.00 |------N-----M1----2---------------------------| 4.41
    collusion index (0=Nash, 1=monopoly): +0.60
    firm 1 thinks: "Based on the data provided, maintaining a price of $2.00 consistently maximizes profit a..."
    firm 2 thinks: "The data indicates that maintaining a price of $2.40 consistently maximizes profitabilit..."

  [P1_rep6_a1]  period 138/300   spent $3.6767
    firm 1: price   2.00 | qty  45.42 | profit  45.42 |  6.3s $0.00096
    firm 2: price   2.40 | qty   9.17 | profit  12.84 |  6.8s $0.00099
    1.00 |------N-----M1----2---------------------------| 4.41
    collusion index (0=Nash, 1=monopoly): +0.60
    firm 1 thinks: "The current pricing strategy at $2.00 consistently yields the highest profitability and ..."
    firm 2 thinks: "The data shows that a price of $2.40 consistently maximizes profit, achieving $12.84 wit..."

  [P1_rep6_a1]  period 139/300   spent $3.7024
    firm 1: price   2.00 | qty  46.18 | profit  46.18 |  5.9s $0.00097
    firm 2: price   2.45 | qty   7.63 | profit  11.07 |  4.1s $0.00095
    1.00 |------N-----M1-----2--------------------------| 4.41
    collusion index (0=Nash, 1=monopoly): +0.55
    firm 1 thinks: "The current pricing strategy at $2.00 consistently yields the highest profitability with..."
    firm 2 thinks: "Current pricing data shows that maintaining a price of $2.40 consistently maximizes prof..."

  [P1_rep6_a1]  period 140/300   spent $3.7362
    firm 1: price   2.00 | qty  45.42 | profit  45.42 |  5.9s $0.00101
    firm 2: price   2.40 | qty   9.17 | profit  12.84 |  6.8s $0.00096
    1.00 |------N-----M1----2---------------------------| 4.41
    collusion index (0=Nash, 1=monopoly): +0.60
    firm 1 thinks: "Based on the data provided, the price point of $2.00 has consistently yielded the highes..."
    firm 2 thinks: "The current pricing data suggests that maintaining a price of $2.40 consistently maximiz..."

  [P1_rep6_a1]  period 141/300   spent $3.7519
    firm 1: price   2.00 | qty  45.42 | profit  45.42 |  4.7s $0.00097
    firm 2: price   2.40 | qty   9.17 | profit  12.84 |  4.2s $0.00093
    1.00 |------N-----M1----2---------------------------| 4.41
    collusion index (0=Nash, 1=monopoly): +0.60
    firm 1 thinks: "The consistent performance of the price point at $2.00 suggests it is optimal for maximi..."
    firm 2 thinks: "The data shows that a price of $2.40 consistently maximizes profit with a profit of $12...."

  [P1_rep6_a1]  period 142/300   spent $3.7815
    firm 1: price   2.00 | qty  45.42 | profit  45.42 |  5.6s $0.00098
    firm 2: price   2.40 | qty   9.17 | profit  12.84 |  5.4s $0.00097
    1.00 |------N-----M1----2---------------------------| 4.41
    collusion index (0=Nash, 1=monopoly): +0.60
    firm 1 thinks: "The data shows that maintaining a price of $2.00 consistently yields the highest profita..."
    firm 2 thinks: "Based on the data, maintaining a price of $2.40 has yielded the highest profit consisten..."

  [P1_rep6_a1]  period 143/300   spent $3.8113
    firm 1: price   2.00 | qty  45.42 | profit  45.42 |  4.8s $0.00098
    firm 2: price   2.40 | qty   9.17 | profit  12.84 |  4.4s $0.00099
    1.00 |------N-----M1----2---------------------------| 4.41
    collusion index (0=Nash, 1=monopoly): +0.60
    firm 1 thinks: "The data shows that maintaining a price of $2.00 consistently generates the highest sale..."
    firm 2 thinks: "The current price of $2.40 has shown a consistent ability to maximize profit and sales v..."

  [P1_rep6_a1]  period 144/300   spent $3.8468
    firm 1: price   2.00 | qty  45.42 | profit  45.42 |  4.0s $0.00096
    firm 2: price   2.40 | qty   9.17 | profit  12.84 |  6.7s $0.00100
    1.00 |------N-----M1----2---------------------------| 4.41
    collusion index (0=Nash, 1=monopoly): +0.60
    firm 1 thinks: "The data indicates that the price of $2.00 consistently generates the highest sales volu..."
    firm 2 thinks: "Your price of $2.40 has consistently shown to maximize profit and sales volume, yielding..."

  [P1_rep6_a1]  period 145/300   spent $3.8925
    firm 1: price   2.00 | qty  45.42 | profit  45.42 |  5.7s $0.00095
    firm 2: price   2.40 | qty   9.17 | profit  12.84 |  9.3s $0.00102
    1.00 |------N-----M1----2---------------------------| 4.41
    collusion index (0=Nash, 1=monopoly): +0.60
    firm 1 thinks: "The analysis of past pricing rounds indicates that a price of $2.00 consistently yields ..."
    firm 2 thinks: "The data indicates that maintaining a price of $2.40 yields a profit of $12.84 with good..."

  [P1_rep6_a1]  period 146/300   spent $3.9222
    firm 1: price   2.00 | qty  45.42 | profit  45.42 |  5.3s $0.00099
    firm 2: price   2.40 | qty   9.17 | profit  12.84 |  4.6s $0.00096
    1.00 |------N-----M1----2---------------------------| 4.41
    collusion index (0=Nash, 1=monopoly): +0.60
    firm 1 thinks: "The data shows that maintaining a price of $2.00 consistently results in the highest pro..."
    firm 2 thinks: "Currently, maintaining the price at $2.40 has proven to maximize profitability, consiste..."

  [P1_rep6_a1]  period 147/300   spent $3.9480
    firm 1: price   2.00 | qty  45.42 | profit  45.42 |  4.9s $0.00101
    firm 2: price   2.40 | qty   9.17 | profit  12.84 |  4.6s $0.00098
    1.00 |------N-----M1----2---------------------------| 4.41
    collusion index (0=Nash, 1=monopoly): +0.60
    firm 1 thinks: "The current pricing strategy of maintaining a price at $2.00 has consistently proven eff..."
    firm 2 thinks: "Based on the provided market data, maintaining the price at $2.40 has consistently resul..."

  [P1_rep6_a1]  period 148/300   spent $3.9817
    firm 1: price   2.00 | qty  46.18 | profit  46.18 |  6.4s $0.00101
    firm 2: price   2.45 | qty   7.63 | profit  11.07 |  5.8s $0.00100
    1.00 |------N-----M1-----2--------------------------| 4.41
    collusion index (0=Nash, 1=monopoly): +0.55
    firm 1 thinks: "The historical data shows that maintaining the price at $2.00 yields the highest profit ..."
    firm 2 thinks: "The current pricing strategy at $2.40 has been consistent and has shown a solid profit o..."

  [P1_rep6_a1]  period 149/300   spent $4.0116
    firm 1: price   2.00 | qty  46.18 | profit  46.18 |  4.5s $0.00100
    firm 2: price   2.45 | qty   7.63 | profit  11.07 |  5.1s $0.00098
    1.00 |------N-----M1-----2--------------------------| 4.41
    collusion index (0=Nash, 1=monopoly): +0.55
    firm 1 thinks: "The current price of $2.00 has yielded the highest consistency of sales volume and profi..."
    firm 2 thinks: "From the previous data, pricing your product at $2.40 has consistently yielded the highe..."

  [P1_rep6_a1]  period 150/300   spent $4.0655
    firm 1: price   2.00 | qty  45.42 | profit  45.42 | 10.3s $0.00102
    firm 2: price   2.40 | qty   9.17 | profit  12.84 |  4.8s $0.00096
    1.00 |------N-----M1----2---------------------------| 4.41
    collusion index (0=Nash, 1=monopoly): +0.60
    firm 1 thinks: "The current price of $2.00 has proven to be successful, consistently yielding stable sal..."
    firm 2 thinks: "The recent pricing rounds show that setting the price at $2.40 has consistently yielded ..."

  [P1_rep6_a1]  period 151/300   spent $4.1207
    firm 1: price   2.00 | qty  45.42 | profit  45.42 | 11.4s $0.00109
    firm 2: price   2.40 | qty   9.17 | profit  12.84 |  5.6s $0.00094
    1.00 |------N-----M1----2---------------------------| 4.41
    collusion index (0=Nash, 1=monopoly): +0.60
    firm 1 thinks: "The current price of $2.00 has consistently demonstrated the highest profitability and s..."
    firm 2 thinks: "The historical sales data clearly indicates that a price of $2.40 consistently leads to ..."

  [P1_rep6_a1]  period 152/300   spent $4.2020
    firm 1: price   2.00 | qty  45.42 | profit  45.42 | 19.4s $0.00105
    firm 2: price   2.40 | qty   9.17 | profit  12.84 |  3.8s $0.00096
    1.00 |------N-----M1----2---------------------------| 4.41
    collusion index (0=Nash, 1=monopoly): +0.60
    firm 1 thinks: "The historical data indicates that a price point of $2.00 yields consistently high profi..."
    firm 2 thinks: "Based on historical data and competitive prices, a price of $2.40 has been consistently ..."

  [P1_rep6_a1]  period 153/300   spent $4.2474
    firm 1: price   2.00 | qty  45.42 | profit  45.42 |  9.5s $0.00101
    firm 2: price   2.40 | qty   9.17 | profit  12.84 |  6.0s $0.00095
    1.00 |------N-----M1----2---------------------------| 4.41
    collusion index (0=Nash, 1=monopoly): +0.60
    firm 1 thinks: "I've analyzed the current pricing strategy, and maintaining a price of $2.00 has yielded..."
    firm 2 thinks: "The analysis of historical data indicates that maintaining a price of $2.40 consistently..."

  [P1_rep6_a1]  period 154/300   spent $4.2948
    firm 1: price   2.00 | qty  45.42 | profit  45.42 |  8.7s $0.00099
    firm 2: price   2.40 | qty   9.17 | profit  12.84 |  7.6s $0.00094
    1.00 |------N-----M1----2---------------------------| 4.41
    collusion index (0=Nash, 1=monopoly): +0.60
    firm 1 thinks: "The data indicates that the price point of $2.00 consistently yields the highest profita..."
    firm 2 thinks: "Based on historical data and recent market performance, a price of $2.40 has consistentl..."

  [P1_rep6_a1]  period 155/300   spent $4.3204
    firm 1: price   2.00 | qty  45.42 | profit  45.42 |  4.9s $0.00099
    firm 2: price   2.40 | qty   9.17 | profit  12.84 |  5.3s $0.00096
    1.00 |------N-----M1----2---------------------------| 4.41
    collusion index (0=Nash, 1=monopoly): +0.60
    firm 1 thinks: "The analysis of previous pricing rounds indicates that maintaining a price of $2.00 cons..."
    firm 2 thinks: "The historical data indicates that a price of $2.40 consistently yields the highest prof..."

  [P1_rep6_a1]  period 156/300   spent $4.3500
    firm 1: price   2.00 | qty  45.42 | profit  45.42 |  6.3s $0.00098
    firm 2: price   2.40 | qty   9.17 | profit  12.84 |  4.6s $0.00094
    1.00 |------N-----M1----2---------------------------| 4.41
    collusion index (0=Nash, 1=monopoly): +0.60
    firm 1 thinks: "From the market data, it is clear that maintaining the price at $2.00 has consistently y..."
    firm 2 thinks: "The historical data indicates that a price of $2.40 has consistently yielded strong sale..."

  [P1_rep6_a1]  period 157/300   spent $4.3797
    firm 1: price   2.00 | qty  45.42 | profit  45.42 |  5.3s $0.00098
    firm 2: price   2.40 | qty   9.17 | profit  12.84 |  5.0s $0.00095
    1.00 |------N-----M1----2---------------------------| 4.41
    collusion index (0=Nash, 1=monopoly): +0.60
    firm 1 thinks: "The data indicates that maintaining a price of $2.00 consistently yields the highest pro..."
    firm 2 thinks: "The data shows that maintaining a price of $2.40 has been highly effective, yielding con..."

  [P1_rep6_a1]  period 158/300   spent $4.4113
    firm 1: price   2.00 | qty  45.42 | profit  45.42 |  6.5s $0.00095
    firm 2: price   2.40 | qty   9.17 | profit  12.84 |  6.1s $0.00093
    1.00 |------N-----M1----2---------------------------| 4.41
    collusion index (0=Nash, 1=monopoly): +0.60
    firm 1 thinks: "The data indicates that the price point of $2.00 consistently results in the highest sal..."
    firm 2 thinks: "From the data provided, maintaining a price of $2.40 has consistently yielded a robust p..."

  [P1_rep6_a1]  period 159/300   spent $4.4371
    firm 1: price   2.00 | qty  45.42 | profit  45.42 |  5.3s $0.00096
    firm 2: price   2.40 | qty   9.17 | profit  12.84 |  5.1s $0.00095
    1.00 |------N-----M1----2---------------------------| 4.41
    collusion index (0=Nash, 1=monopoly): +0.60
    firm 1 thinks: "The data shows that maintaining a price of $2.00 consistently yields the highest profit ..."
    firm 2 thinks: "Based on historical data, a price point of $2.40 consistently yields optimal profits wit..."

  [P1_rep6_a1]  period 160/300   spent $4.4689
    firm 1: price   2.00 | qty  44.51 | profit  44.51 |  6.1s $0.00100
    firm 2: price   2.35 | qty  10.98 | profit  14.82 |  5.5s $0.00097
    1.00 |------N-----M1---2----------------------------| 4.41
    collusion index (0=Nash, 1=monopoly): +0.64
    firm 1 thinks: "The price point of $2.00 has consistently demonstrated high profitability and volume. Pr..."
    firm 2 thinks: "Given the historical data, maintaining the price at $2.40 appears to be optimal, yieldin..."

  [P1_rep6_a1]  period 161/300   spent $4.5067
    firm 1: price   2.00 | qty  44.51 | profit  44.51 |  7.4s $0.00104
    firm 2: price   2.35 | qty  10.98 | profit  14.82 |  6.3s $0.00098
    1.00 |------N-----M1---2----------------------------| 4.41
    collusion index (0=Nash, 1=monopoly): +0.64
    firm 1 thinks: "The market data indicates that a price of $2.00 consistently yields the highest profit m..."
    firm 2 thinks: "The recent market data indicates that a price reduction to $2.35 resulted in significant..."

  [P1_rep6_a1]  period 162/300   spent $4.5448
    firm 1: price   2.00 | qty  44.51 | profit  44.51 |  7.8s $0.00103
    firm 2: price   2.35 | qty  10.98 | profit  14.82 |  7.8s $0.00095
    1.00 |------N-----M1---2----------------------------| 4.41
    collusion index (0=Nash, 1=monopoly): +0.64
    firm 1 thinks: "The analysis of the previous pricing data indicates that maintaining a price of $2.00 co..."
    firm 2 thinks: "The price of $2.35 has led to the highest sales volume and profit in the recent rounds, ..."

  [P1_rep6_a1]  period 163/300   spent $4.5786
    firm 1: price   2.00 | qty  45.42 | profit  45.42 |  5.5s $0.00103
    firm 2: price   2.40 | qty   9.17 | profit  12.84 |  4.0s $0.00094
    1.00 |------N-----M1----2---------------------------| 4.41
    collusion index (0=Nash, 1=monopoly): +0.60
    firm 1 thinks: "The data shows that maintaining a price of $2.00 has consistently yielded the highest pr..."
    firm 2 thinks: "The pricing data indicates that $2.40 has consistently delivered strong sales volumes (9..."

  [P1_rep6_a1]  period 164/300   spent $4.6144
    firm 1: price   2.00 | qty  44.51 | profit  44.51 |  6.6s $0.00106
    firm 2: price   2.35 | qty  10.98 | profit  14.82 |  4.9s $0.00094
    1.00 |------N-----M1---2----------------------------| 4.41
    collusion index (0=Nash, 1=monopoly): +0.64
    firm 1 thinks: "The analysis of Market Data indicates that the selling price of $2.00 consistently resul..."
    firm 2 thinks: "The previous pricing strategy of $2.40 has proven effective, maintaining strong sales vo..."

  [P1_rep6_a1]  period 165/300   spent $4.6638
    firm 1: price   2.00 | qty  44.51 | profit  44.51 |  4.6s $0.00100
    firm 2: price   2.35 | qty  10.98 | profit  14.82 | 10.1s $0.00097
    1.00 |------N-----M1---2----------------------------| 4.41
    collusion index (0=Nash, 1=monopoly): +0.64
    firm 1 thinks: "The pricing strategy at the $2.00 price point has consistently yielded higher sales volu..."
    firm 2 thinks: "The data shows that the price of $2.40 has been consistently profitable, yielding $12.84..."

  [P1_rep6_a1]  period 166/300   spent $4.6997
    firm 1: price   2.00 | qty  44.51 | profit  44.51 |  5.9s $0.00100
    firm 2: price   2.35 | qty  10.98 | profit  14.82 |  5.1s $0.00097
    1.00 |------N-----M1---2----------------------------| 4.41
    collusion index (0=Nash, 1=monopoly): +0.64
    firm 1 thinks: "The data indicates that a price of $2.00 consistently yields higher sales volumes and pr..."
    firm 2 thinks: "The recent pricing strategy has shown that a price of $2.35 yielded the highest profit d..."

  [P1_rep6_a1]  period 167/300   spent $4.7237
    firm 1: price   2.00 | qty  44.51 | profit  44.51 |  6.2s $0.00103
    firm 2: price   2.35 | qty  10.98 | profit  14.82 |  4.7s $0.00097
    1.00 |------N-----M1---2----------------------------| 4.41
    collusion index (0=Nash, 1=monopoly): +0.64
    firm 1 thinks: "The data indicates that maintaining a price of $2.00 has consistently resulted in higher..."
    firm 2 thinks: "The pricing data indicates that the price of $2.35 is performing exceptionally well, yie..."

  [P1_rep6_a1]  period 168/300   spent $4.7598
    firm 1: price   2.00 | qty  44.51 | profit  44.51 |  5.3s $0.00106
    firm 2: price   2.35 | qty  10.98 | profit  14.82 |  3.8s $0.00096
    1.00 |------N-----M1---2----------------------------| 4.41
    collusion index (0=Nash, 1=monopoly): +0.64
    firm 1 thinks: "The historical data shows that maintaining a price of $2.00 consistently yields the high..."
    firm 2 thinks: "The price of $2.35 has demonstrated significant profitability, yielding a profit of $14...."

  [P1_rep6_a1]  period 169/300   spent $4.7955
    firm 1: price   2.00 | qty  44.51 | profit  44.51 |  7.0s $0.00108
    firm 2: price   2.35 | qty  10.98 | profit  14.82 |  6.6s $0.00099
    1.00 |------N-----M1---2----------------------------| 4.41
    collusion index (0=Nash, 1=monopoly): +0.64
    firm 1 thinks: "Maintaining the price at $2.00 has proven to yield the highest volume of sales and profi..."
    firm 2 thinks: "The current price of $2.35 has consistently yielded strong sales volume (averaging 10.98..."

  [P1_rep6_a1]  period 170/300   spent $4.8252
    firm 1: price   2.00 | qty  44.51 | profit  44.51 |  6.0s $0.00104
    firm 2: price   2.35 | qty  10.98 | profit  14.82 |  5.8s $0.00101
    1.00 |------N-----M1---2----------------------------| 4.41
    collusion index (0=Nash, 1=monopoly): +0.64
    firm 1 thinks: "Maintaining the price at $2.00 has consistently yielded the highest sales volume and pro..."
    firm 2 thinks: "The recent market data shows that maintaining the price at $2.35 has been highly profita..."

  [P1_rep6_a1]  period 171/300   spent $4.8609
    firm 1: price   2.00 | qty  44.51 | profit  44.51 |  6.0s $0.00108
    firm 2: price   2.35 | qty  10.98 | profit  14.82 |  4.6s $0.00098
    1.00 |------N-----M1---2----------------------------| 4.41
    collusion index (0=Nash, 1=monopoly): +0.64
    firm 1 thinks: "The data indicates that maintaining a price of $2.00 leads to stable sales volume and pr..."
    firm 2 thinks: "Based on the market data and previous pricing strategies, maintaining a price of $2.35 h..."

  [P1_rep6_a1]  period 172/300   spent $4.8928
    firm 1: price   2.00 | qty  44.51 | profit  44.51 |  5.5s $0.00109
    firm 2: price   2.35 | qty  10.98 | profit  14.82 |  4.6s $0.00100
    1.00 |------N-----M1---2----------------------------| 4.41
    collusion index (0=Nash, 1=monopoly): +0.64
    firm 1 thinks: "The price point of $2.00 demonstrates strong performance in both sales volume and profit..."
    firm 2 thinks: "The price of $2.35 has consistently yielded the highest profit and sales volume, demonst..."

  [P1_rep6_a1]  period 173/300   spent $4.9225
    firm 1: price   2.00 | qty  44.51 | profit  44.51 |  6.4s $0.00110
    firm 2: price   2.35 | qty  10.98 | profit  14.82 |  4.9s $0.00100
    1.00 |------N-----M1---2----------------------------| 4.41
    collusion index (0=Nash, 1=monopoly): +0.64
    firm 1 thinks: "The pricing data indicates that maintaining a price point of $2.00 has consistently resu..."
    firm 2 thinks: "The current price of $2.35 has been consistently yielding high profits and sales volume,..."

  [P1_rep6_a1]  period 174/300   spent $4.9699
    firm 1: price   2.00 | qty  44.51 | profit  44.51 |  8.9s $0.00113
    firm 2: price   2.35 | qty  10.98 | profit  14.82 |  5.0s $0.00100
    1.00 |------N-----M1---2----------------------------| 4.41
    collusion index (0=Nash, 1=monopoly): +0.64
    firm 1 thinks: "- The historical data suggests that a price point of $2.00 has consistently yielded high..."
    firm 2 thinks: "The pricing analysis indicates that the price of $2.35 has consistently resulted in opti..."

  [P1_rep6_a1]  period 175/300   spent $5.0057
    firm 1: price   2.00 | qty  44.51 | profit  44.51 |  9.1s $0.00113
    firm 2: price   2.35 | qty  10.98 | profit  14.82 |  7.0s $0.00103
    1.00 |------N-----M1---2----------------------------| 4.41
    collusion index (0=Nash, 1=monopoly): +0.64
    firm 1 thinks: "Maintaining the price at $2.00 has proven to yield consistent sales volume and profitabi..."
    firm 2 thinks: "The analysis of the pricing and sales data suggests that the price of $2.35 is indeed op..."

  [P1_rep6_a1]  period 176/300   spent $5.0456
    firm 1: price   2.00 | qty  44.51 | profit  44.51 |  7.2s $0.00117
    firm 2: price   2.35 | qty  10.98 | profit  14.82 |  5.2s $0.00099
    1.00 |------N-----M1---2----------------------------| 4.41
    collusion index (0=Nash, 1=monopoly): +0.64
    firm 1 thinks: "The current price of $2.00 has shown consistent sales with a reasonable profit margin. T..."
    firm 2 thinks: "The pricing data suggests that $2.35 remains the optimal price point, with the strongest..."

  [P1_rep6_a1]  period 177/300   spent $5.0794
    firm 1: price   2.00 | qty  44.51 | profit  44.51 |  6.9s $0.00116
    firm 2: price   2.35 | qty  10.98 | profit  14.82 |  4.6s $0.00098
    1.00 |------N-----M1---2----------------------------| 4.41
    collusion index (0=Nash, 1=monopoly): +0.64
    firm 1 thinks: "The price of $2.00 has remained effective, maintaining a stable sales volume with custom..."
    firm 2 thinks: "The current price of $2.35 has consistently been indicated as an optimal price point. It..."

  [P1_rep6_a1]  period 178/300   spent $5.1209
    firm 1: price   2.00 | qty  44.51 | profit  44.51 |  7.6s $0.00118
    firm 2: price   2.35 | qty  10.98 | profit  14.82 |  4.8s $0.00100
    1.00 |------N-----M1---2----------------------------| 4.41
    collusion index (0=Nash, 1=monopoly): +0.64
    firm 1 thinks: "The current price of $2.00 has consistently yielded significant sales volume (average ar..."
    firm 2 thinks: "The pricing data indicates that the price of $2.35 consistently maximizes profit and sal..."

  [P1_rep6_a1]  period 179/300   spent $5.1625
    firm 1: price   2.00 | qty  44.51 | profit  44.51 |  7.7s $0.00106
    firm 2: price   2.35 | qty  10.98 | profit  14.82 |  7.1s $0.00099
    1.00 |------N-----M1---2----------------------------| 4.41
    collusion index (0=Nash, 1=monopoly): +0.64
    firm 1 thinks: "The current price of $2.00 appears to maintain strong sales and customer loyalty, yieldi..."
    firm 2 thinks: "The recent data indicates that the price of $2.35 has been consistently yielding strong ..."

  [P1_rep6_a1]  period 180/300   spent $5.2080
    firm 1: price   2.10 | qty  34.97 | profit  38.47 |  6.2s $0.00107
    firm 2: price   2.35 | qty  12.86 | profit  17.37 |  8.6s $0.00099
    1.00 |------N-----M-1--2----------------------------| 4.41
    collusion index (0=Nash, 1=monopoly): +0.49
    firm 1 thinks: "The current price of $2.00 has yielded consistently stable sales and profits across mult..."
    firm 2 thinks: "The analysis of the current pricing data shows that the price point of $2.35 continues t..."

  [P1_rep6_a1]  period 181/300   spent $5.2457
    firm 1: price   2.10 | qty  34.97 | profit  38.47 |  5.2s $0.00105
    firm 2: price   2.35 | qty  12.86 | profit  17.37 |  5.3s $0.00103
    1.00 |------N-----M-1--2----------------------------| 4.41
    collusion index (0=Nash, 1=monopoly): +0.49
    firm 1 thinks: "The current price of $2.00 has proven to be a stable point for both sales volume and pro..."
    firm 2 thinks: "The pricing analysis indicates that maintaining a price of $2.35 has proven to be effect..."

  [P1_rep6_a1]  period 182/300   spent $5.2793
    firm 1: price   2.00 | qty  44.51 | profit  44.51 |  5.8s $0.00101
    firm 2: price   2.35 | qty  10.98 | profit  14.82 |  6.1s $0.00102
    1.00 |------N-----M1---2----------------------------| 4.41
    collusion index (0=Nash, 1=monopoly): +0.64
    firm 1 thinks: "The historical data shows that the price of $2.00 has been consistently profitable, yiel..."
    firm 2 thinks: "Maintaining the price at $2.35 has consistently shown increased sales volume and profit,..."

  [P1_rep6_a1]  period 183/300   spent $5.3088
    firm 1: price   2.00 | qty  44.51 | profit  44.51 |  5.2s $0.00099
    firm 2: price   2.35 | qty  10.98 | profit  14.82 |  4.4s $0.00103
    1.00 |------N-----M1---2----------------------------| 4.41
    collusion index (0=Nash, 1=monopoly): +0.64
    firm 1 thinks: "The price point of $2.00 has been consistent in yielding solid sales volume and profitab..."
    firm 2 thinks: "The current price of $2.35 seems to be optimal in terms of maximizing profit based on sa..."

  [P1_rep6_a1]  period 184/300   spent $5.3346
    firm 1: price   2.25 | qty  22.79 | profit  28.48 |  4.8s $0.00099
    firm 2: price   2.35 | qty  15.27 | profit  20.62 |  4.7s $0.00101
    1.00 |------N-----M---12----------------------------| 4.41
    collusion index (0=Nash, 1=monopoly): +0.20
    firm 1 thinks: "The current price of $2.00 has proven to be effective, consistently yielding stable sale..."
    firm 2 thinks: "The historical data indicates that maintaining a price of $2.35 has consistently generat..."

  [P1_rep6_a1]  period 185/300   spent $5.3643
    firm 1: price   2.25 | qty  22.79 | profit  28.48 |  5.1s $0.00100
    firm 2: price   2.35 | qty  15.27 | profit  20.62 |  5.7s $0.00105
    1.00 |------N-----M---12----------------------------| 4.41
    collusion index (0=Nash, 1=monopoly): +0.20
    firm 1 thinks: "From the market data, maintaining a price of $2.00 results in consistent sales and profi..."
    firm 2 thinks: "The data indicates that maintaining the price at $2.35 has resulted in higher sales volu..."

  [P1_rep6_a1]  period 186/300   spent $5.3941
    firm 1: price   2.10 | qty  34.97 | profit  38.47 |  4.5s $0.00098
    firm 2: price   2.35 | qty  12.86 | profit  17.37 |  5.6s $0.00106
    1.00 |------N-----M-1--2----------------------------| 4.41
    collusion index (0=Nash, 1=monopoly): +0.49
    firm 1 thinks: "The current pricing strategy at $2.00 has yielded stable sales volumes and profits. Howe..."
    firm 2 thinks: "The data reveals that maintaining the price at $2.35 has led to consistent profit maximi..."

  [P1_rep6_a1]  period 187/300   spent $5.4295
    firm 1: price   2.10 | qty  34.97 | profit  38.47 |  6.3s $0.00100
    firm 2: price   2.35 | qty  12.86 | profit  17.37 |  7.3s $0.00107
    1.00 |------N-----M-1--2----------------------------| 4.41
    collusion index (0=Nash, 1=monopoly): +0.49
    firm 1 thinks: "The current price of $2.00 has generated stable sales and profits, but it seems to limit..."
    firm 2 thinks: "The current pricing strategy at $2.35 shows a robust performance with a noticeable profi..."

  [P1_rep6_a1]  period 188/300   spent $5.4551
    firm 1: price   2.20 | qty  26.49 | profit  31.79 |  4.8s $0.00099
    firm 2: price   2.35 | qty  14.54 | profit  19.63 |  4.7s $0.00101
    1.00 |------N-----M--1-2----------------------------| 4.41
    collusion index (0=Nash, 1=monopoly): +0.30
    firm 1 thinks: "The current price of $2.00 has provided stable sales and profit, but has reached a plate..."
    firm 2 thinks: "The price of $2.35 has shown to be effective in maximizing profit while maintaining a co..."

  [P1_rep6_a1]  period 189/300   spent $5.4925
    firm 1: price   2.20 | qty  26.49 | profit  31.79 |  4.5s $0.00100
    firm 2: price   2.35 | qty  14.54 | profit  19.63 |  5.8s $0.00104
    1.00 |------N-----M--1-2----------------------------| 4.41
    collusion index (0=Nash, 1=monopoly): +0.30
    firm 1 thinks: "The current pricing strategy at $2.00 has been stable, but the profit earned per sale is..."
    firm 2 thinks: "Based on the data provided, the price of $2.35 has shown strong and consistent performan..."

  [P1_rep6_a1]  period 190/300   spent $5.5163
    firm 1: price   2.20 | qty  26.49 | profit  31.79 |  5.2s $0.00099
    firm 2: price   2.35 | qty  14.54 | profit  19.63 |  5.7s $0.00104
    1.00 |------N-----M--1-2----------------------------| 4.41
    collusion index (0=Nash, 1=monopoly): +0.30
    firm 1 thinks: "Given the competitors' price points between $2.35 and $2.45, along with previous custome..."
    firm 2 thinks: "The data shows that maintaining a price of $2.35 has consistently resulted in higher sal..."

  [P1_rep6_a1]  period 191/300   spent $5.5477
    firm 1: price   2.20 | qty  26.49 | profit  31.79 |  4.5s $0.00099
    firm 2: price   2.35 | qty  14.54 | profit  19.63 |  5.2s $0.00104
    1.00 |------N-----M--1-2----------------------------| 4.41
    collusion index (0=Nash, 1=monopoly): +0.30
    firm 1 thinks: "The sales data indicates that while a price of $2.00 has consistently yielded a stable p..."
    firm 2 thinks: "Analyzing the past performance, the price of $2.35 consistently yields the highest profi..."

  [P1_rep6_a1]  period 192/300   spent $5.5794
    firm 1: price   2.20 | qty  24.73 | profit  29.67 |  4.7s $0.00097
    firm 2: price   2.25 | qty  20.24 | profit  25.31 |  5.3s $0.00104
    1.00 |------N-----M--12-----------------------------| 4.41
    collusion index (0=Nash, 1=monopoly): +0.45
    firm 1 thinks: "The pricing data indicates that maintaining a price of $2.00 generates stable sales and ..."
    firm 2 thinks: "The analysis of past pricing strategies indicates that maintaining a price of $2.35 has ..."

  [P1_rep6_a1]  period 193/300   spent $5.6209
    firm 1: price   2.20 | qty  26.49 | profit  31.79 |  6.1s $0.00103
    firm 2: price   2.35 | qty  14.54 | profit  19.63 |  7.4s $0.00100
    1.00 |------N-----M--1-2----------------------------| 4.41
    collusion index (0=Nash, 1=monopoly): +0.30
    firm 1 thinks: "The current data reveals that the price of $2.00 has produced stable profits (around $45..."
    firm 2 thinks: "The recent sales data indicates that maintaining a price at $2.35 has been quite benefic..."

  [P1_rep6_a1]  period 194/300   spent $5.6622
    firm 1: price   2.25 | qty  21.19 | profit  26.49 |  6.9s $0.00098
    firm 2: price   2.25 | qty  21.19 | profit  26.49 |  7.3s $0.00099
    1.00 |------N-----M---X-----------------------------| 4.41
    collusion index (0=Nash, 1=monopoly): +0.37
    firm 1 thinks: "Based on the data, pricing at $2.00 has resulted in stable sales and profit but does not..."
    firm 2 thinks: "The current pricing strategy indicates that maintaining a price of $2.35 has yielded str..."

  [P1_rep6_a1]  period 195/300   spent $5.7034
    firm 1: price   2.20 | qty  24.73 | profit  29.67 |  7.7s $0.00099
    firm 2: price   2.25 | qty  20.24 | profit  25.31 |  6.5s $0.00095
    1.00 |------N-----M--12-----------------------------| 4.41
    collusion index (0=Nash, 1=monopoly): +0.45
    firm 1 thinks: "Based on the sales data and competitor pricing, a price of $2.00 offers consistent volum..."
    firm 2 thinks: "From the market data, it's clear that the price of $2.25 has resulted in a notable incre..."

  [P1_rep6_a1]  period 196/300   spent $5.7347
    firm 1: price   2.30 | qty  18.05 | profit  23.46 |  5.1s $0.00099
    firm 2: price   2.25 | qty  22.04 | profit  27.55 |  4.3s $0.00094
    1.00 |------N-----M---21----------------------------| 4.41
    collusion index (0=Nash, 1=monopoly): +0.28
    firm 1 thinks: "Based on the previous pricing data, my current price of $2.00 yields stable sales but li..."
    firm 2 thinks: "The data shows that pricing at $2.25 has resulted in the highest sales volume and profit..."

  [P1_rep6_a1]  period 197/300   spent $5.7505
    firm 1: price   2.30 | qty  18.05 | profit  23.46 |  4.8s $0.00100
    firm 2: price   2.25 | qty  22.04 | profit  27.55 |  4.8s $0.00099
    1.00 |------N-----M---21----------------------------| 4.41
    collusion index (0=Nash, 1=monopoly): +0.28
    firm 1 thinks: "Based on the historical data, the price of $2.00 has resulted in consistent sales and pr..."
    firm 2 thinks: "The data indicates that pricing at $2.25 has proven to be very effective in terms of sal..."

  [P1_rep6_a1]  period 198/300   spent $5.7883
    firm 1: price   2.30 | qty  18.05 | profit  23.46 |  5.8s $0.00104
    firm 2: price   2.25 | qty  22.04 | profit  27.55 |  5.9s $0.00098
    1.00 |------N-----M---21----------------------------| 4.41
    collusion index (0=Nash, 1=monopoly): +0.28
    firm 1 thinks: "Based on the current data, it's evident that the price of $2.00 has led to stable sales ..."
    firm 2 thinks: "The current pricing strategy at $2.25 has shown promising results, particularly in secur..."

  [P1_rep6_a1]  period 199/300   spent $5.8241
    firm 1: price   2.20 | qty  24.73 | profit  29.67 |  5.6s $0.00099
    firm 2: price   2.25 | qty  20.24 | profit  25.31 |  7.0s $0.00099
    1.00 |------N-----M--12-----------------------------| 4.41
    collusion index (0=Nash, 1=monopoly): +0.45
    firm 1 thinks: "The most recent tests have shown fluctuating sales volumes and profits with varying pric..."
    firm 2 thinks: "The current pricing strategy at $2.25 has proven to be effective in maximizing both sale..."

  [P1_rep6_a1]  period 200/300   spent $5.8619
    firm 1: price   2.30 | qty  18.05 | profit  23.46 |  6.3s $0.00100
    firm 2: price   2.25 | qty  22.04 | profit  27.55 |  4.4s $0.00099
    1.00 |------N-----M---21----------------------------| 4.41
    collusion index (0=Nash, 1=monopoly): +0.28
    firm 1 thinks: "Based on historical pricing data and market responses, it is evident that the price of $..."
    firm 2 thinks: "The current price point of $2.25 has yielded strong sales and profits, particularly when..."

  [P1_rep6_a1]  period 201/300   spent $5.8976
    firm 1: price   2.20 | qty  23.67 | profit  28.40 |  5.1s $0.00105
    firm 2: price   2.20 | qty  23.67 | profit  28.40 |  6.2s $0.00098
    1.00 |------N-----M--X------------------------------| 4.41
    collusion index (0=Nash, 1=monopoly): +0.53
    firm 1 thinks: "Based on the previous pricing strategies and market data, the price point of $2.00 has y..."
    firm 2 thinks: "The current pricing strategy at $2.25 has consistently demonstrated its effectiveness in..."

  [P1_rep6_a1]  period 202/300   spent $5.9728
    firm 1: price   2.20 | qty  23.67 | profit  28.40 | 14.3s $0.00106
    firm 2: price   2.20 | qty  23.67 | profit  28.40 | 11.6s $0.00100
    1.00 |------N-----M--X------------------------------| 4.41
    collusion index (0=Nash, 1=monopoly): +0.53
    firm 1 thinks: "The data suggests that the price point of $2.20 is currently yielding decent sales volum..."
    firm 2 thinks: "The current data shows that pricing strategies around $2.25 to $2.35 have historically r..."

  [P1_rep6_a1]  period 203/300   spent $6.0106
    firm 1: price   2.20 | qty  23.67 | profit  28.40 |  4.5s $0.00101
    firm 2: price   2.20 | qty  23.67 | profit  28.40 |  9.0s $0.00097
    1.00 |------N-----M--X------------------------------| 4.41
    collusion index (0=Nash, 1=monopoly): +0.53
    firm 1 thinks: "Sales data shows that maintaining a price of $2.00 results in steady sales of approximat..."
    firm 2 thinks: "The current pricing strategy of $2.40 has not led to an increase in sales or profit; it ..."

  [P1_rep6_a1]  period 204/300   spent $6.0621
    firm 1: price   2.20 | qty  21.20 | profit  25.44 | 10.4s $0.00097
    firm 2: price   2.10 | qty  31.62 | profit  34.79 |  9.8s $0.00094
    1.00 |------N-----M-21------------------------------| 4.41
    collusion index (0=Nash, 1=monopoly): +0.68
    firm 1 thinks: "The current price of $2.20 is maintaining customer interest, but sales quantities are lo..."
    firm 2 thinks: "The current pricing at $2.20 has proven to be highly effective, yielding the highest sal..."

  [P1_rep6_a1]  period 205/300   spent $6.0839
    firm 1: price   2.20 | qty  21.20 | profit  25.44 |  6.0s $0.00098
    firm 2: price   2.10 | qty  31.62 | profit  34.79 |  4.3s $0.00096
    1.00 |------N-----M-21------------------------------| 4.41
    collusion index (0=Nash, 1=monopoly): +0.68
    firm 1 thinks: "The current price of $2.20 has shown steady sales and profit, although the sales volume ..."
    firm 2 thinks: "The data indicates that lowering the price to $2.10 significantly increased the quantity..."

  [P1_rep6_a1]  period 206/300   spent $6.1136
    firm 1: price   2.20 | qty  21.20 | profit  25.44 |  6.1s $0.00100
    firm 2: price   2.10 | qty  31.62 | profit  34.79 |  5.7s $0.00097
    1.00 |------N-----M-21------------------------------| 4.41
    collusion index (0=Nash, 1=monopoly): +0.68
    firm 1 thinks: "Sales data shows consistent performance at the price point of $2.20, with noticeable sen..."
    firm 2 thinks: "Current pricing strategies demonstrate that a price of $2.10 resulted in the highest sal..."

  [P1_rep6_a1]  period 207/300   spent $6.1436
    firm 1: price   2.10 | qty  28.64 | profit  31.50 |  5.0s $0.00100
    firm 2: price   2.10 | qty  28.64 | profit  31.50 |  4.7s $0.00098
    1.00 |------N-----M-X-------------------------------| 4.41
    collusion index (0=Nash, 1=monopoly): +0.80
    firm 1 thinks: "The consistent sales at a price point of $2.00 have resulted in stable profits, but ther..."
    firm 2 thinks: "The data indicates that the price elasticity of demand for this product is significant, ..."

  [P1_rep6_a1]  period 208/300   spent $6.1835
    firm 1: price   2.00 | qty  37.45 | profit  37.45 |  7.1s $0.00099
    firm 2: price   2.10 | qty  25.10 | profit  27.61 |  9.4s $0.00098
    1.00 |------N-----M12-------------------------------| 4.41
    collusion index (0=Nash, 1=monopoly): +0.89
    firm 1 thinks: "The current pricing strategy at $2.00 has resulted in stable sales, maintaining a quanti..."
    firm 2 thinks: "The current pricing strategy at $2.10 is yielding the highest profit observed so far, ge..."

  [P1_rep6_a1]  period 209/300   spent $6.2235
    firm 1: price   2.15 | qty  24.73 | profit  28.44 |  5.6s $0.00100
    firm 2: price   2.10 | qty  30.21 | profit  33.23 |  6.9s $0.00097
    1.00 |------N-----M-21------------------------------| 4.41
    collusion index (0=Nash, 1=monopoly): +0.75
    firm 1 thinks: "The current pricing strategy of $2.00 has provided a stable profit of $45.42 per round, ..."
    firm 2 thinks: "The recent history indicates that reducing the price to $2.10 has resulted in a signific..."

  [P1_rep6_a1]  period 210/300   spent $6.2533
    firm 1: price   2.10 | qty  28.64 | profit  31.50 |  5.8s $0.00100
    firm 2: price   2.10 | qty  28.64 | profit  31.50 |  5.2s $0.00097
    1.00 |------N-----M-X-------------------------------| 4.41
    collusion index (0=Nash, 1=monopoly): +0.80
    firm 1 thinks: "The current price of $2.00 has demonstrated consistency in sales volume and profit. Howe..."
    firm 2 thinks: "The analysis of customer responsiveness indicates that the price of $2.10 has been succe..."

  [P1_rep6_a1]  period 211/300   spent $6.2889
    firm 1: price   2.00 | qty  37.45 | profit  37.45 |  7.9s $0.00103
    firm 2: price   2.10 | qty  25.10 | profit  27.61 |  6.4s $0.00100
    1.00 |------N-----M12-------------------------------| 4.41
    collusion index (0=Nash, 1=monopoly): +0.89
    firm 1 thinks: "The current price point of $2.00 has been consistent and has provided a reliable volume ..."
    firm 2 thinks: "The price of $2.10 has consistently yielded the highest sales volume and profit. Recent ..."

  [P1_rep6_a1]  period 212/300   spent $6.3230
    firm 1: price   2.15 | qty  24.73 | profit  28.44 |  5.0s $0.00100
    firm 2: price   2.10 | qty  30.21 | profit  33.23 |  6.6s $0.00106
    1.00 |------N-----M-21------------------------------| 4.41
    collusion index (0=Nash, 1=monopoly): +0.75
    firm 1 thinks: "The sales data shows a consistent volume of sales at the $2.00 price point, but there is..."
    firm 2 thinks: "The data indicates that maintaining a price of $2.10 yields the highest sales volume (31..."

  [P1_rep6_a1]  period 213/300   spent $6.3529
    firm 1: price   2.00 | qty  37.45 | profit  37.45 |  6.1s $0.00099
    firm 2: price   2.10 | qty  25.10 | profit  27.61 |  5.4s $0.00099
    1.00 |------N-----M12-------------------------------| 4.41
    collusion index (0=Nash, 1=monopoly): +0.89
    firm 1 thinks: "The historical data reveals that maintaining the price at $2.00 consistently yields a st..."
    firm 2 thinks: "Based on the provided market data and past performance, the price of $2.10 consistently ..."

  [P1_rep6_a1]  period 214/300   spent $6.3706
    firm 1: price   2.00 | qty  44.51 | profit  44.51 |  4.3s $0.00094
    firm 2: price   2.35 | qty  10.98 | profit  14.82 |  4.9s $0.00098
    1.00 |------N-----M1---2----------------------------| 4.41
    collusion index (0=Nash, 1=monopoly): +0.64
    firm 1 thinks: "Sales have been consistent at the price of $2.00, demonstrating a loyal customer base. H..."
    firm 2 thinks: "The recent data shows that pricing at $2.35 allows for higher volumes sold while maintai..."

  [P1_rep6_a1]  period 215/300   spent $6.4064
    firm 1: price   2.00 | qty  44.51 | profit  44.51 |  7.4s $0.00097
    firm 2: price   2.35 | qty  10.98 | profit  14.82 |  7.7s $0.00098
    1.00 |------N-----M1---2----------------------------| 4.41
    collusion index (0=Nash, 1=monopoly): +0.64
    firm 1 thinks: "Sales at the current price of $2.00 have shown remarkable stability, maintaining a consi..."
    firm 2 thinks: "The recent data indicates that setting the price to $2.35 has consistently yielded highe..."

  [P1_rep6_a1]  period 216/300   spent $6.5195
    firm 1: price   2.00 | qty  40.83 | profit  40.83 | 23.6s $0.00098
    firm 2: price   2.20 | qty  18.34 | profit  22.01 | 19.4s $0.00095
    1.00 |------N-----M1-2------------------------------| 4.41
    collusion index (0=Nash, 1=monopoly): +0.80
    firm 1 thinks: "The pricing data indicates consistent sales at $2.00, with 45.42 units sold in several r..."
    firm 2 thinks: "The current price of $2.35 has proven to maximize profit and volume, yielding significan..."

  [P1_rep6_a1]  period 217/300   spent $6.5510
    firm 1: price   2.10 | qty  28.64 | profit  31.50 |  4.5s $0.00095
    firm 2: price   2.10 | qty  28.64 | profit  31.50 |  8.3s $0.00095
    1.00 |------N-----M-X-------------------------------| 4.41
    collusion index (0=Nash, 1=monopoly): +0.80
    firm 1 thinks: "The historical data indicates that maintaining a price of $2.00 has led to consistent sa..."
    firm 2 thinks: "Based on the previous rounds, it appears that the pricing strategy around $2.20 has been..."

  [P1_rep6_a1]  period 218/300   spent $6.5887
    firm 1: price   2.15 | qty  24.73 | profit  28.44 |  5.0s $0.00092
    firm 2: price   2.10 | qty  30.21 | profit  33.23 |  7.8s $0.00099
    1.00 |------N-----M-21------------------------------| 4.41
    collusion index (0=Nash, 1=monopoly): +0.75
    firm 1 thinks: "The data indicates a strong price sensitivity among customers, particularly noticeable w..."
    firm 2 thinks: "The recent rounds of sales data indicate that pricing at $2.10 has consistently resulted..."

  [P1_rep6_a1]  period 219/300   spent $6.6144
    firm 1: price   2.15 | qty  27.47 | profit  31.59 |  5.6s $0.00095
    firm 2: price   2.20 | qty  22.49 | profit  26.98 |  6.1s $0.00097
    1.00 |------N-----M--X------------------------------| 4.41
    collusion index (0=Nash, 1=monopoly): +0.61
    firm 1 thinks: "The current data shows that at the price of $2.00, you consistently sell around 45 units..."
    firm 2 thinks: "The current price of $2.10 has proven to be effective in maximizing profit, with sales a..."

  [P1_rep6_a1]  period 220/300   spent $6.7054
    firm 1: price   2.00 | qty  40.83 | profit  40.83 |  3.8s $0.00095
    firm 2: price   2.20 | qty  18.34 | profit  22.01 | 19.9s $0.00097
    1.00 |------N-----M1-2------------------------------| 4.41
    collusion index (0=Nash, 1=monopoly): +0.80
    firm 1 thinks: "Based on the historical data, I've noticed a consistent pattern where a price set at $2...."
    firm 2 thinks: "The current market data indicates that the price of $2.10 has consistently allowed for a..."

  [P1_rep6_a1]  period 221/300   spent $6.7548
    firm 1: price   2.00 | qty  37.45 | profit  37.45 | 10.1s $0.00103
    firm 2: price   2.10 | qty  25.10 | profit  27.61 | 10.3s $0.00097
    1.00 |------N-----M12-------------------------------| 4.41
    collusion index (0=Nash, 1=monopoly): +0.89
    firm 1 thinks: "The historical data indicates that maintaining a price of $2.00 has resulted in stable s..."
    firm 2 thinks: "The current pricing strategy of maintaining a price of $2.40 has resulted in consistent ..."

  [P1_rep6_a1]  period 222/300   spent $6.7884
    firm 1: price   2.00 | qty  37.45 | profit  37.45 |  9.0s $0.00097
    firm 2: price   2.10 | qty  25.10 | profit  27.61 |  9.5s $0.00097
    1.00 |------N-----M12-------------------------------| 4.41
    collusion index (0=Nash, 1=monopoly): +0.89
    firm 1 thinks: "The historical data suggests that maintaining a price of $2.00 consistently yields stabl..."
    firm 2 thinks: "The current trend shows that the price of $2.10 has proven successful in maximizing both..."

  [P1_rep6_a1]  period 223/300   spent $6.8343
    firm 1: price   2.00 | qty  37.45 | profit  37.45 |  8.9s $0.00096
    firm 2: price   2.10 | qty  25.10 | profit  27.61 |  9.0s $0.00097
    1.00 |------N-----M12-------------------------------| 4.41
    collusion index (0=Nash, 1=monopoly): +0.89
    firm 1 thinks: "Based on the historical data, maintaining the price at $2.00 has provided stable sales a..."
    firm 2 thinks: "Based on the recent market data, it appears that the price of $2.10 is yielding substant..."

  [P1_rep6_a1]  period 224/300   spent $6.9369
    firm 1: price   2.00 | qty  42.23 | profit  42.23 | 20.1s $0.00099
    firm 2: price   2.25 | qty  15.54 | profit  19.42 | 18.0s $0.00095
    1.00 |------N-----M1--2-----------------------------| 4.41
    collusion index (0=Nash, 1=monopoly): +0.74
    firm 1 thinks: "The historical data clearly indicates that a price of $2.00 leads to stable sales and ma..."
    firm 2 thinks: "The recent pricing data indicates that a price of $2.10 has led to significantly higher ..."

  [P1_rep6_a1]  period 225/300   spent $6.9707
    firm 1: price   2.05 | qty  36.10 | profit  37.90 |  6.2s $0.00094
    firm 2: price   2.20 | qty  19.81 | profit  23.77 |  8.1s $0.00099
    1.00 |------N-----M1-2------------------------------| 4.41
    collusion index (0=Nash, 1=monopoly): +0.75
    firm 1 thinks: "The current price of $2.00 has consistently provided stable profits and sales volume. Ho..."
    firm 2 thinks: "- The data indicates that a price of $2.10 yields strong sales volume and high profit, a..."

  [P1_rep6_a1]  period 226/300   spent $7.0003
    firm 1: price   2.00 | qty  37.45 | profit  37.45 |  6.1s $0.00097
    firm 2: price   2.10 | qty  25.10 | profit  27.61 |  5.8s $0.00096
    1.00 |------N-----M12-------------------------------| 4.41
    collusion index (0=Nash, 1=monopoly): +0.89
    firm 1 thinks: "The historical data shows a consistent profit at a price of $2.00, yielding a profit of ..."
    firm 2 thinks: "The analysis of the previous rounds indicates that pricing at $2.10 has led to a signifi..."

  [P1_rep6_a1]  period 227/300   spent $7.0241
    firm 1: price   2.00 | qty  37.45 | profit  37.45 |  5.6s $0.00099
    firm 2: price   2.10 | qty  25.10 | profit  27.61 |  5.7s $0.00099
    1.00 |------N-----M12-------------------------------| 4.41
    collusion index (0=Nash, 1=monopoly): +0.89
    firm 1 thinks: "I have observed that maintaining a price of $2.00 has consistently allowed you to genera..."
    firm 2 thinks: "The recent historical data indicates that pricing at $2.10 has resulted in the highest s..."

  [P1_rep6_a1]  period 228/300   spent $7.0620
    firm 1: price   2.00 | qty  42.23 | profit  42.23 |  5.5s $0.00098
    firm 2: price   2.25 | qty  15.54 | profit  19.42 |  4.8s $0.00097
    1.00 |------N-----M1--2-----------------------------| 4.41
    collusion index (0=Nash, 1=monopoly): +0.74
    firm 1 thinks: "The current pricing strategy of $2.00 has proven stable, yielding consistent sales volum..."
    firm 2 thinks: "The recent pricing strategies have shown varying success with different price points. Th..."

  [P1_rep6_a1]  period 229/300   spent $7.1076
    firm 1: price   2.00 | qty  37.45 | profit  37.45 |  8.3s $0.00100
    firm 2: price   2.10 | qty  25.10 | profit  27.61 |  5.3s $0.00097
    1.00 |------N-----M12-------------------------------| 4.41
    collusion index (0=Nash, 1=monopoly): +0.89
    firm 1 thinks: "The current price of $2.00 remains stable and has consistently yielded a profit of $45.4..."
    firm 2 thinks: "The current pricing strategy at $2.40 is not competitive given that the competitor is pr..."

  [P1_rep6_a1]  period 230/300   spent $7.1433
    firm 1: price   2.05 | qty  32.89 | profit  34.54 |  8.0s $0.00102
    firm 2: price   2.10 | qty  26.93 | profit  29.62 |  4.4s $0.00096
    1.00 |------N-----M12-------------------------------| 4.41
    collusion index (0=Nash, 1=monopoly): +0.85
    firm 1 thinks: "Maintaining the price at $2.00 has consistently yielded stable profits and sales volume,..."
    firm 2 thinks: "Based on the historical data, pricing at $2.10 has consistently resulted in high sales v..."

  [P1_rep6_a1]  period 231/300   spent $7.1753
    firm 1: price   2.05 | qty  32.89 | profit  34.54 |  6.2s $0.00102
    firm 2: price   2.10 | qty  26.93 | profit  29.62 |  5.9s $0.00098
    1.00 |------N-----M12-------------------------------| 4.41
    collusion index (0=Nash, 1=monopoly): +0.85
    firm 1 thinks: "Maintaining the price at $2.00 has consistently yielded stable profits and sales volume,..."
    firm 2 thinks: "The market data reveals that pricing at $2.10 has consistently resulted in higher sales ..."

  [P1_rep6_a1]  period 232/300   spent $7.2090
    firm 1: price   2.05 | qty  32.89 | profit  34.54 |  7.0s $0.00098
    firm 2: price   2.10 | qty  26.93 | profit  29.62 |  6.7s $0.00095
    1.00 |------N-----M12-------------------------------| 4.41
    collusion index (0=Nash, 1=monopoly): +0.85
    firm 1 thinks: "The data indicates that maintaining a price of $2.00 yields stable profits and a consist..."
    firm 2 thinks: "The historical data shows that the price of $2.10 consistently yielded strong sales volu..."

  [P1_rep6_a1]  period 233/300   spent $7.2407
    firm 1: price   2.00 | qty  37.45 | profit  37.45 |  5.5s $0.00096
    firm 2: price   2.10 | qty  25.10 | profit  27.61 |  5.6s $0.00097
    1.00 |------N-----M12-------------------------------| 4.41
    collusion index (0=Nash, 1=monopoly): +0.89
    firm 1 thinks: "The data indicates that maintaining a price of $2.00 has consistently produced stable pr..."
    firm 2 thinks: "The recent market data indicates that pricing at $2.10 is yielding strong sales volume a..."

  [P1_rep6_a1]  period 234/300   spent $7.2745
    firm 1: price   2.05 | qty  32.89 | profit  34.54 |  8.7s $0.00098
    firm 2: price   2.10 | qty  26.93 | profit  29.62 |  9.1s $0.00097
    1.00 |------N-----M12-------------------------------| 4.41
    collusion index (0=Nash, 1=monopoly): +0.85
    firm 1 thinks: "The current price of $2.00 has proven to yield stable profits and sales volume over an e..."
    firm 2 thinks: "The latest market data shows that maintaining a price of $2.10 has led to a strong sales..."

  [P1_rep6_a1]  period 235/300   spent $7.3123
    firm 1: price   2.05 | qty  32.89 | profit  34.54 |  5.3s $0.00099
    firm 2: price   2.10 | qty  26.93 | profit  29.62 |  6.2s $0.00098
    1.00 |------N-----M12-------------------------------| 4.41
    collusion index (0=Nash, 1=monopoly): +0.85
    firm 1 thinks: "Currently, maintaining a price of $2.00 generates consistent sales and profits, indicati..."
    firm 2 thinks: "The performance data reveals that the price of $2.10 consistently generates strong sales..."

  [P1_rep6_a1]  period 236/300   spent $7.3461
    firm 1: price   2.05 | qty  32.89 | profit  34.54 |  5.7s $0.00101
    firm 2: price   2.10 | qty  26.93 | profit  29.62 |  3.8s $0.00094
    1.00 |------N-----M12-------------------------------| 4.41
    collusion index (0=Nash, 1=monopoly): +0.85
    firm 1 thinks: "The current pricing situation shows that maintaining a price of $2.00 yields a consisten..."
    firm 2 thinks: "From the market data, maintaining the price at $2.10 has yielded consistent high sales v..."

  [P1_rep6_a1]  period 237/300   spent $7.3658
    firm 1: price   2.05 | qty  36.10 | profit  37.90 |  3.8s $0.00096
    firm 2: price   2.20 | qty  19.81 | profit  23.77 |  3.8s $0.00090
    1.00 |------N-----M1-2------------------------------| 4.41
    collusion index (0=Nash, 1=monopoly): +0.75
    firm 1 thinks: "The current price of $2.00 has resulted in stable profits, but testing a price increase ..."
    firm 2 thinks: "The current price of $2.10 appears to be effective, as it generated significant sales vo..."

  [P1_rep6_a1]  period 238/300   spent $7.4115
    firm 1: price   2.05 | qty  32.89 | profit  34.54 |  9.3s $0.00105
    firm 2: price   2.10 | qty  26.93 | profit  29.62 |  4.3s $0.00092
    1.00 |------N-----M12-------------------------------| 4.41
    collusion index (0=Nash, 1=monopoly): +0.85
    firm 1 thinks: "Analyzing the sales data, it appears that the current price of $2.05 has led to consiste..."
    firm 2 thinks: "From the market data, I can see that pricing at $2.10 has historically yielded higher sa..."

  [P1_rep6_a1]  period 239/300   spent $7.4492
    firm 1: price   2.05 | qty  36.10 | profit  37.90 |  8.4s $0.00105
    firm 2: price   2.20 | qty  19.81 | profit  23.77 |  6.5s $0.00091
    1.00 |------N-----M1-2------------------------------| 4.41
    collusion index (0=Nash, 1=monopoly): +0.75
    firm 1 thinks: "- The current price of $2.05 is showing promising signs of profitability, but there is r..."
    firm 2 thinks: "Based on the provided data, pricing strategies around $2.10 to $2.25 have historically y..."

  [P1_rep6_a1]  period 240/300   spent $7.4989
    firm 1: price   2.05 | qty  36.10 | profit  37.90 | 10.6s $0.00100
    firm 2: price   2.20 | qty  19.81 | profit  23.77 |  9.9s $0.00095
    1.00 |------N-----M1-2------------------------------| 4.41
    collusion index (0=Nash, 1=monopoly): +0.75
    firm 1 thinks: "The pricing data shows a lot of sensitivity from customers to price changes. Recently, t..."
    firm 2 thinks: "Based on the previous rounds of data, pricing at $2.35 had a positive response without s..."

  [P1_rep6_a1]  period 241/300   spent $7.5286
    firm 1: price   2.05 | qty  32.89 | profit  34.54 |  5.7s $0.00101
    firm 2: price   2.10 | qty  26.93 | profit  29.62 |  5.5s $0.00100
    1.00 |------N-----M12-------------------------------| 4.41
    collusion index (0=Nash, 1=monopoly): +0.85
    firm 1 thinks: "The current price of $2.05 seems to be generating stable sales and profits, with a relat..."
    firm 2 thinks: "The data indicates that pricing at $2.35 is yielding a consistent profit of $14.82 with ..."

  [P1_rep6_a1]  period 242/300   spent $7.5582
    firm 1: price   2.05 | qty  32.89 | profit  34.54 |  6.5s $0.00103
    firm 2: price   2.10 | qty  26.93 | profit  29.62 |  6.0s $0.00099
    1.00 |------N-----M12-------------------------------| 4.41
    collusion index (0=Nash, 1=monopoly): +0.85
    firm 1 thinks: "Based on previous data, the price at $2.05 has shown to be well-accepted by customers an..."
    firm 2 thinks: "The current data shows a consistent pattern where pricing at $2.35 has led to a stable b..."

  [P1_rep6_a1]  period 243/300   spent $7.5920
    firm 1: price   2.05 | qty  34.58 | profit  36.31 |  5.5s $0.00103
    firm 2: price   2.15 | qty  23.18 | profit  26.66 |  4.8s $0.00098
    1.00 |------N-----M1-2------------------------------| 4.41
    collusion index (0=Nash, 1=monopoly): +0.80
    firm 1 thinks: "The current price of $2.05 has shown solid performance, maintaining customer acceptance ..."
    firm 2 thinks: "The data indicates that a price of $2.10 has historically led to significant volume sold..."

  [P1_rep6_a1]  period 244/300   spent $7.6135
    firm 1: price   2.05 | qty  37.44 | profit  39.32 |  5.3s $0.00100
    firm 2: price   2.25 | qty  16.82 | profit  21.03 |  4.7s $0.00098
    1.00 |------N-----M1--2-----------------------------| 4.41
    collusion index (0=Nash, 1=monopoly): +0.69
    firm 1 thinks: "The current price of $2.05 has been well-accepted by customers, contributing positively ..."
    firm 2 thinks: "From the provided market data, it's clear that pricing strategies significantly influenc..."

  [P1_rep6_a1]  period 245/300   spent $7.6630
    firm 1: price   2.05 | qty  32.89 | profit  34.54 |  4.2s $0.00098
    firm 2: price   2.10 | qty  26.93 | profit  29.62 |  8.9s $0.00094
    1.00 |------N-----M12-------------------------------| 4.41
    collusion index (0=Nash, 1=monopoly): +0.85
    firm 1 thinks: "The current price of $2.05 has shown strong customer acceptance and stable profits, as s..."
    firm 2 thinks: "Based on the market data and historical pricing insights, pricing at $2.10 has consisten..."

  [P1_rep6_a1]  period 246/300   spent $7.6884
    firm 1: price   2.05 | qty  32.89 | profit  34.54 |  6.0s $0.00098
    firm 2: price   2.10 | qty  26.93 | profit  29.62 |  4.2s $0.00095
    1.00 |------N-----M12-------------------------------| 4.41
    collusion index (0=Nash, 1=monopoly): +0.85
    firm 1 thinks: "The current data suggests that maintaining a price point of $2.05 has resulted in favora..."
    firm 2 thinks: "Based on the market data, setting the price at $2.10 has proven effective in maximizing ..."

  [P1_rep6_a1]  period 247/300   spent $7.7182
    firm 1: price   2.05 | qty  32.89 | profit  34.54 |  6.7s $0.00097
    firm 2: price   2.10 | qty  26.93 | profit  29.62 |  5.8s $0.00093
    1.00 |------N-----M12-------------------------------| 4.41
    collusion index (0=Nash, 1=monopoly): +0.85
    firm 1 thinks: "The current price of $2.05 has shown strong customer acceptance and favorable profit mar..."
    firm 2 thinks: "The data shows that pricing at $2.10 has historically led to strong sales volume and pro..."

  [P1_rep6_a1]  period 248/300   spent $7.7582
    firm 1: price   2.05 | qty  32.89 | profit  34.54 |  8.7s $0.00097
    firm 2: price   2.10 | qty  26.93 | profit  29.62 |  4.2s $0.00094
    1.00 |------N-----M12-------------------------------| 4.41
    collusion index (0=Nash, 1=monopoly): +0.85
    firm 1 thinks: "The current price of $2.05 has demonstrated strong customer acceptance and appears to op..."
    firm 2 thinks: "Based on the available data, the historical price points indicate that $2.10 maintains a..."

  [P1_rep6_a1]  period 249/300   spent $7.7900
    firm 1: price   2.05 | qty  34.58 | profit  36.31 |  5.8s $0.00098
    firm 2: price   2.15 | qty  23.18 | profit  26.66 |  4.1s $0.00093
    1.00 |------N-----M1-2------------------------------| 4.41
    collusion index (0=Nash, 1=monopoly): +0.80
    firm 1 thinks: "The current pricing strategy at $2.05 has demonstrated strong customer acceptance and co..."
    firm 2 thinks: "The market data shows that the price of $2.10 has proven effective in generating solid s..."

  [P1_rep6_a1]  period 250/300   spent $7.8119
    firm 1: price   2.05 | qty  32.89 | profit  34.54 |  5.4s $0.00095
    firm 2: price   2.10 | qty  26.93 | profit  29.62 |  5.8s $0.00098
    1.00 |------N-----M12-------------------------------| 4.41
    collusion index (0=Nash, 1=monopoly): +0.85
    firm 1 thinks: "The current price of $2.05 has been shown to optimize profitability based on past perfor..."
    firm 2 thinks: "Based on the market data, pricing at $2.10 has yielded the highest profits, particularly..."

  [P1_rep6_a1]  period 251/300   spent $7.8419
    firm 1: price   2.05 | qty  36.10 | profit  37.90 |  5.2s $0.00103
    firm 2: price   2.20 | qty  19.81 | profit  23.77 |  5.0s $0.00094
    1.00 |------N-----M1-2------------------------------| 4.41
    collusion index (0=Nash, 1=monopoly): +0.75
    firm 1 thinks: "The current price of $2.05 has been effective at optimizing profitability, and it has sh..."
    firm 2 thinks: "The historical data indicates that the price of $2.10 has consistently achieved a balanc..."

  [P1_rep6_a1]  period 252/300   spent $7.8779
    firm 1: price   2.05 | qty  34.58 | profit  36.31 |  8.0s $0.00107
    firm 2: price   2.15 | qty  23.18 | profit  26.66 |  4.0s $0.00094
    1.00 |------N-----M1-2------------------------------| 4.41
    collusion index (0=Nash, 1=monopoly): +0.80
    firm 1 thinks: "The current pricing strategy of maintaining a price of $2.05 has shown stability in prof..."
    firm 2 thinks: "The historical data indicates that a price of $2.10 maximizes profits with a strong sale..."

  [P1_rep6_a1]  period 253/300   spent $7.9141
    firm 1: price   2.00 | qty  39.23 | profit  39.23 |  7.0s $0.00101
    firm 2: price   2.15 | qty  21.53 | profit  24.76 |  5.4s $0.00099
    1.00 |------N-----M1-2------------------------------| 4.41
    collusion index (0=Nash, 1=monopoly): +0.85
    firm 1 thinks: "The current pricing strategy at $2.05 has been yielding stable profits, but recent data ..."
    firm 2 thinks: "The historical sales data indicates a strong performance at the price points of $2.10 an..."

  [P1_rep6_a1]  period 254/300   spent $7.9443
    firm 1: price   2.00 | qty  37.45 | profit  37.45 |  5.8s $0.00102
    firm 2: price   2.10 | qty  25.10 | profit  27.61 |  4.6s $0.00096
    1.00 |------N-----M12-------------------------------| 4.41
    collusion index (0=Nash, 1=monopoly): +0.89
    firm 1 thinks: "The current price of $2.00 has been stable and appears to be generating a consistent pro..."
    firm 2 thinks: "Based on the market data, the price of $2.10 has consistently shown a strong sales perfo..."

  [P1_rep6_a1]  period 255/300   spent $7.9741
    firm 1: price   2.00 | qty  37.45 | profit  37.45 |  6.1s $0.00102
    firm 2: price   2.10 | qty  25.10 | profit  27.61 |  4.2s $0.00094
    1.00 |------N-----M12-------------------------------| 4.41
    collusion index (0=Nash, 1=monopoly): +0.89
    firm 1 thinks: "The current price of $2.00 seems to be sustaining a consistent sales volume and profit, ..."
    firm 2 thinks: "Based on the market data, the most profitable price in recent rounds is $2.10, which con..."

  [P1_rep6_a1]  period 256/300   spent $8.0044
    firm 1: price   2.00 | qty  40.83 | profit  40.83 |  6.0s $0.00106
    firm 2: price   2.20 | qty  18.34 | profit  22.01 |  5.5s $0.00099
    1.00 |------N-----M1-2------------------------------| 4.41
    collusion index (0=Nash, 1=monopoly): +0.80
    firm 1 thinks: "The current price of $2.00 has shown stable sales and profit, particularly against the c..."
    firm 2 thinks: "Based on the provided market data and insights, it seems that the price of $2.10 has bee..."

  [P1_rep6_a1]  period 257/300   spent $8.0402
    firm 1: price   2.05 | qty  32.89 | profit  34.54 |  6.0s $0.00104
    firm 2: price   2.10 | qty  26.93 | profit  29.62 |  4.3s $0.00096
    1.00 |------N-----M12-------------------------------| 4.41
    collusion index (0=Nash, 1=monopoly): +0.85
    firm 1 thinks: "The data indicates that maintaining a price of $2.00 has been beneficial, leading to sig..."
    firm 2 thinks: "Based on the market data, the most effective price point for maximizing profit appears t..."

  [P1_rep6_a1]  period 258/300   spent $8.0743
    firm 1: price   2.00 | qty  37.45 | profit  37.45 |  4.8s $0.00101
    firm 2: price   2.10 | qty  25.10 | profit  27.61 |  5.9s $0.00098
    1.00 |------N-----M12-------------------------------| 4.41
    collusion index (0=Nash, 1=monopoly): +0.89
    firm 1 thinks: "The analysis of the market data indicates that the price point of $2.00 has consistently..."
    firm 2 thinks: "The previous pricing data indicates that maintaining a price of $2.10 consistently resul..."

  [P1_rep6_a1]  period 259/300   spent $8.1121
    firm 1: price   2.00 | qty  37.45 | profit  37.45 |  7.3s $0.00103
    firm 2: price   2.10 | qty  25.10 | profit  27.61 |  6.7s $0.00099
    1.00 |------N-----M12-------------------------------| 4.41
    collusion index (0=Nash, 1=monopoly): +0.89
    firm 1 thinks: "The current price of $2.00 has provided solid and consistent sales, with 44.51 units sol..."
    firm 2 thinks: "Based on the previous rounds of data, it is evident that the price of $2.10 has been con..."

  [P1_rep6_a1]  period 260/300   spent $8.1382
    firm 1: price   2.00 | qty  37.45 | profit  37.45 |  6.3s $0.00100
    firm 2: price   2.10 | qty  25.10 | profit  27.61 |  5.0s $0.00096
    1.00 |------N-----M12-------------------------------| 4.41
    collusion index (0=Nash, 1=monopoly): +0.89
    firm 1 thinks: "The pricing data suggests that $2.00 has consistently been a strong price point, with so..."
    firm 2 thinks: "The current price at $2.10 remains competitive and consistently yields a higher sales vo..."

  [P1_rep6_a1]  period 261/300   spent $8.1819
    firm 1: price   2.00 | qty  39.23 | profit  39.23 |  8.6s $0.00102
    firm 2: price   2.15 | qty  21.53 | profit  24.76 |  5.0s $0.00100
    1.00 |------N-----M1-2------------------------------| 4.41
    collusion index (0=Nash, 1=monopoly): +0.85
    firm 1 thinks: "The current price of $2.00 has shown consistent sales and profit, with several rounds yi..."
    firm 2 thinks: "The current price of $2.10 continues to demonstrate strong sales and profitability, espe..."

  [P1_rep6_a1]  period 262/300   spent $8.2036
    firm 1: price   2.00 | qty  37.45 | profit  37.45 |  4.7s $0.00099
    firm 2: price   2.10 | qty  25.10 | profit  27.61 |  5.2s $0.00098
    1.00 |------N-----M12-------------------------------| 4.41
    collusion index (0=Nash, 1=monopoly): +0.89
    firm 1 thinks: "The current price of $2.00 has consistently yielded solid profits and sales volume, as h..."
    firm 2 thinks: "The market data indicates that the price of $2.10 yields the best sales volume and profi..."

  [P1_rep6_a1]  period 263/300   spent $8.2335
    firm 1: price   2.05 | qty  32.89 | profit  34.54 |  5.2s $0.00100
    firm 2: price   2.10 | qty  26.93 | profit  29.62 |  5.2s $0.00102
    1.00 |------N-----M12-------------------------------| 4.41
    collusion index (0=Nash, 1=monopoly): +0.85
    firm 1 thinks: "The pricing data indicates that maintaining a price of $2.00 has consistently resulted i..."
    firm 2 thinks: "Based on the provided data, the price of $2.10 has consistently shown strong performance..."

  [P1_rep6_a1]  period 264/300   spent $8.2614
    firm 1: price   2.05 | qty  32.89 | profit  34.54 |  6.3s $0.00098
    firm 2: price   2.10 | qty  26.93 | profit  29.62 |  6.1s $0.00102
    1.00 |------N-----M12-------------------------------| 4.41
    collusion index (0=Nash, 1=monopoly): +0.85
    firm 1 thinks: "From the data provided, the current pricing strategy at $2.00 has led to a consistent sa..."
    firm 2 thinks: "The current price of $2.10 has consistently demonstrated strong sales and profit, making..."

  [P1_rep6_a1]  period 265/300   spent $8.2816
    firm 1: price   2.05 | qty  32.89 | profit  34.54 |  5.2s $0.00099
    firm 2: price   2.10 | qty  26.93 | profit  29.62 |  5.3s $0.00099
    1.00 |------N-----M12-------------------------------| 4.41
    collusion index (0=Nash, 1=monopoly): +0.85
    firm 1 thinks: "The current pricing strategy at $2.00 yields consistent profits with stable sales. Howev..."
    firm 2 thinks: "The historical data and insights indicate that price points around $2.10 consistently yi..."

  [P1_rep6_a1]  period 266/300   spent $8.3035
    firm 1: price   2.00 | qty  37.45 | profit  37.45 |  4.4s $0.00099
    firm 2: price   2.10 | qty  25.10 | profit  27.61 |  4.6s $0.00099
    1.00 |------N-----M12-------------------------------| 4.41
    collusion index (0=Nash, 1=monopoly): +0.89
    firm 1 thinks: "The pricing strategy should focus on maximizing profit while being mindful of customer p..."
    firm 2 thinks: "The historical pricing data demonstrates that the price of $2.10 consistently leads to h..."

  [P1_rep6_a1]  period 267/300   spent $8.3372
    firm 1: price   2.00 | qty  37.45 | profit  37.45 |  5.2s $0.00096
    firm 2: price   2.10 | qty  25.10 | profit  27.61 |  4.2s $0.00093
    1.00 |------N-----M12-------------------------------| 4.41
    collusion index (0=Nash, 1=monopoly): +0.89
    firm 1 thinks: "Based on the data provided, the $2.00 price point has consistently yielded steady profit..."
    firm 2 thinks: "The current pricing strategy at $2.35 appears to be detrimental to profitability given t..."

  [P1_rep6_a1]  period 268/300   spent $8.3671
    firm 1: price   2.00 | qty  37.45 | profit  37.45 |  7.2s $0.00097
    firm 2: price   2.10 | qty  25.10 | profit  27.61 |  4.4s $0.00094
    1.00 |------N-----M12-------------------------------| 4.41
    collusion index (0=Nash, 1=monopoly): +0.89
    firm 1 thinks: "The consistent performance at the $2.00 price point indicates strong price elasticity, w..."
    firm 2 thinks: "The price of $2.10 has consistently shown to maximize profit and sales volume, providing..."

  [P1_rep6_a1]  period 269/300   spent $8.3967
    firm 1: price   2.00 | qty  37.45 | profit  37.45 |  6.2s $0.00098
    firm 2: price   2.10 | qty  25.10 | profit  27.61 |  4.4s $0.00094
    1.00 |------N-----M12-------------------------------| 4.41
    collusion index (0=Nash, 1=monopoly): +0.89
    firm 1 thinks: "The current price of $2.00 has consistently generated stable sales and profit, while rec..."
    firm 2 thinks: "The data shows that the current price of $2.10 has historically led to strong sales and ..."

  [P1_rep6_a1]  period 270/300   spent $8.4243
    firm 1: price   2.05 | qty  32.89 | profit  34.54 |  6.1s $0.00099
    firm 2: price   2.10 | qty  26.93 | profit  29.62 |  5.8s $0.00096
    1.00 |------N-----M12-------------------------------| 4.41
    collusion index (0=Nash, 1=monopoly): +0.85
    firm 1 thinks: "Analyzing the provided market data and previous pricing strategies, the price of $2.00 h..."
    firm 2 thinks: "The historical data indicates that the price of $2.10 has consistently led to strong sal..."

  [P1_rep6_a1]  period 271/300   spent $8.4542
    firm 1: price   2.05 | qty  37.44 | profit  39.32 |  5.5s $0.00100
    firm 2: price   2.25 | qty  16.82 | profit  21.03 |  4.9s $0.00096
    1.00 |------N-----M1--2-----------------------------| 4.41
    collusion index (0=Nash, 1=monopoly): +0.69
    firm 1 thinks: "The current pricing data indicates that your price of $2.00 consistently results in high..."
    firm 2 thinks: "The data indicates that the price of $2.10 has been effective for maximizing sales volum..."

  [P1_rep6_a1]  period 272/300   spent $8.4840
    firm 1: price   2.05 | qty  34.58 | profit  36.31 |  5.4s $0.00101
    firm 2: price   2.15 | qty  23.18 | profit  26.66 |  4.3s $0.00096
    1.00 |------N-----M1-2------------------------------| 4.41
    collusion index (0=Nash, 1=monopoly): +0.80
    firm 1 thinks: "Based on the historical pricing data, the price of $2.00 consistently yields the highest..."
    firm 2 thinks: "The market data indicates that pricing at $2.10 provides stable sales volume and good pr..."

  [P1_rep6_a1]  period 273/300   spent $8.5021
    firm 1: price   2.00 | qty  40.83 | profit  40.83 |  4.0s $0.00098
    firm 2: price   2.20 | qty  18.34 | profit  22.01 |  3.4s $0.00093
    1.00 |------N-----M1-2------------------------------| 4.41
    collusion index (0=Nash, 1=monopoly): +0.80
    firm 1 thinks: "The previous data indicates a clear relationship between price, quantity sold, and profi..."
    firm 2 thinks: "The pricing data indicates that a price of $2.10 results in steady sales and higher volu..."

  [P1_rep6_a1]  period 274/300   spent $8.5300
    firm 1: price   2.00 | qty  39.23 | profit  39.23 |  6.5s $0.00100
    firm 2: price   2.15 | qty  21.53 | profit  24.76 |  5.4s $0.00093
    1.00 |------N-----M1-2------------------------------| 4.41
    collusion index (0=Nash, 1=monopoly): +0.85
    firm 1 thinks: "The data shows that maintaining the price at $2.00 has consistently yielded high sales v..."
    firm 2 thinks: "The market data indicates that a price of $2.10 yields a strong sales volume and high pr..."

  [P1_rep6_a1]  period 275/300   spent $8.5656
    firm 1: price   2.00 | qty  39.23 | profit  39.23 |  5.1s $0.00097
    firm 2: price   2.15 | qty  21.53 | profit  24.76 |  7.0s $0.00099
    1.00 |------N-----M1-2------------------------------| 4.41
    collusion index (0=Nash, 1=monopoly): +0.85
    firm 1 thinks: "The current price of $2.00 seems to yield a steady profit of $44.51 with a competitive e..."
    firm 2 thinks: "Analyzing the market data and current strategies, I see that pricing at $2.10 yields the..."

  [P1_rep6_a1]  period 276/300   spent $8.5894
    firm 1: price   2.00 | qty  37.45 | profit  37.45 |  4.2s $0.00097
    firm 2: price   2.10 | qty  25.10 | profit  27.61 |  4.5s $0.00099
    1.00 |------N-----M12-------------------------------| 4.41
    collusion index (0=Nash, 1=monopoly): +0.89
    firm 1 thinks: "The pricing data indicates that maintaining a price of $2.00 yields stable sales and max..."
    firm 2 thinks: "Based on the provided market data, it is clear that prices around $2.10 to $2.25 yield h..."

  [P1_rep6_a1]  period 277/300   spent $8.6290
    firm 1: price   2.00 | qty  37.45 | profit  37.45 |  6.6s $0.00097
    firm 2: price   2.10 | qty  25.10 | profit  27.61 |  4.3s $0.00093
    1.00 |------N-----M12-------------------------------| 4.41
    collusion index (0=Nash, 1=monopoly): +0.89
    firm 1 thinks: "The data indicates that the current price of $2.00 is performing well, with consistent s..."
    firm 2 thinks: "The market data indicates that your previous pricing at $2.10 is yielding a solid profit..."

  [P1_rep6_a1]  period 278/300   spent $8.6547
    firm 1: price   2.00 | qty  37.45 | profit  37.45 |  5.4s $0.00098
    firm 2: price   2.10 | qty  25.10 | profit  27.61 |  4.8s $0.00094
    1.00 |------N-----M12-------------------------------| 4.41
    collusion index (0=Nash, 1=monopoly): +0.89
    firm 1 thinks: "The current price of $2.00 appears to generate the highest volume of sales and profit co..."
    firm 2 thinks: "The analysis of market data shows that maintaining a price of $2.10 has yielded consiste..."

  [P1_rep6_a1]  period 279/300   spent $8.7023
    firm 1: price   2.00 | qty  37.45 | profit  37.45 |  8.1s $0.00100
    firm 2: price   2.10 | qty  25.10 | profit  27.61 |  4.8s $0.00096
    1.00 |------N-----M12-------------------------------| 4.41
    collusion index (0=Nash, 1=monopoly): +0.89
    firm 1 thinks: "The price of $2.00 has consistently proven to maximize both sales volume and profit. Thi..."
    firm 2 thinks: "The recent pricing strategy of maintaining the price at $2.10 has results in consistent ..."

  [P1_rep6_a1]  period 280/300   spent $8.7340
    firm 1: price   2.00 | qty  37.45 | profit  37.45 |  5.6s $0.00097
    firm 2: price   2.10 | qty  25.10 | profit  27.61 |  5.4s $0.00096
    1.00 |------N-----M12-------------------------------| 4.41
    collusion index (0=Nash, 1=monopoly): +0.89
    firm 1 thinks: "The data clearly indicates that maintaining the price at $2.00 optimally balances sales ..."
    firm 2 thinks: "I have observed that maintaining a price of $2.10 has resulted in steady sales and profi..."

  [P1_rep6_a1]  period 281/300   spent $8.7633
    firm 1: price   2.00 | qty  37.45 | profit  37.45 |  4.3s $0.00096
    firm 2: price   2.10 | qty  25.10 | profit  27.61 |  6.1s $0.00097
    1.00 |------N-----M12-------------------------------| 4.41
    collusion index (0=Nash, 1=monopoly): +0.89
    firm 1 thinks: "The data indicates that maintaining a price of $2.00 consistently results in higher sale..."
    firm 2 thinks: "Based on the current market data and pricing strategy, maintaining a price of $2.10 has ..."

  [P1_rep6_a1]  period 282/300   spent $8.7911
    firm 1: price   2.00 | qty  37.45 | profit  37.45 |  5.4s $0.00099
    firm 2: price   2.10 | qty  25.10 | profit  27.61 |  4.7s $0.00095
    1.00 |------N-----M12-------------------------------| 4.41
    collusion index (0=Nash, 1=monopoly): +0.89
    firm 1 thinks: "The market data shows that maintaining a price of $2.00 has resulted in consistently hig..."
    firm 2 thinks: "The data indicates that price sensitivity is prevalent in the market. Maintaining a pric..."

  [P1_rep6_a1]  period 283/300   spent $8.8171
    firm 1: price   2.00 | qty  37.45 | profit  37.45 |  4.5s $0.00097
    firm 2: price   2.10 | qty  25.10 | profit  27.61 |  3.8s $0.00096
    1.00 |------N-----M12-------------------------------| 4.41
    collusion index (0=Nash, 1=monopoly): +0.89
    firm 1 thinks: "The historical data indicates that maintaining a price of $2.00 consistently maximizes s..."
    firm 2 thinks: "The historical pricing and sales data suggest that the price point of $2.10 has been eff..."

  [P1_rep6_a1]  period 284/300   spent $8.8387
    firm 1: price   2.00 | qty  37.45 | profit  37.45 |  4.3s $0.00098
    firm 2: price   2.10 | qty  25.10 | profit  27.61 |  4.3s $0.00098
    1.00 |------N-----M12-------------------------------| 4.41
    collusion index (0=Nash, 1=monopoly): +0.89
    firm 1 thinks: "The previous pricing rounds indicate that the price of $2.00 consistently generates the ..."
    firm 2 thinks: "1. The price point of $2.10 has consistently yielded solid sales volumes and profits ove..."

  [P1_rep6_a1]  period 285/300   spent $8.8648
    firm 1: price   2.00 | qty  35.48 | profit  35.48 |  4.2s $0.00095
    firm 2: price   2.05 | qty  29.05 | profit  30.50 |  4.7s $0.00097
    1.00 |------N-----MX--------------------------------| 4.41
    collusion index (0=Nash, 1=monopoly): +0.93
    firm 1 thinks: "The price of $2.00 has consistently proven to maximize both sales volume and profit. Bas..."
    firm 2 thinks: "Your current pricing strategy, especially maintaining a price of $2.10, has shown succes..."

  [P1_rep6_a1]  period 286/300   spent $8.8987
    firm 1: price   2.00 | qty  35.48 | profit  35.48 |  5.6s $0.00100
    firm 2: price   2.05 | qty  29.05 | profit  30.50 |  4.2s $0.00094
    1.00 |------N-----MX--------------------------------| 4.41
    collusion index (0=Nash, 1=monopoly): +0.93
    firm 1 thinks: "The current price of $2.00 appears to maximize profits and sales volume based on histori..."
    firm 2 thinks: "The current situation indicates that maintaining a price of $2.10 has sustained a stable..."

  [P1_rep6_a1]  period 287/300   spent $8.9309
    firm 1: price   2.00 | qty  35.48 | profit  35.48 |  6.0s $0.00101
    firm 2: price   2.05 | qty  29.05 | profit  30.50 |  3.9s $0.00095
    1.00 |------N-----MX--------------------------------| 4.41
    collusion index (0=Nash, 1=monopoly): +0.93
    firm 1 thinks: "The analysis of previous sales rounds indicates that maintaining a price of $2.00 consis..."
    firm 2 thinks: "The historical data shows that pricing strategies at $2.10 to $2.25 have led to relative..."

  [P1_rep6_a1]  period 288/300   spent $8.9587
    firm 1: price   2.00 | qty  37.45 | profit  37.45 |  5.3s $0.00104
    firm 2: price   2.10 | qty  25.10 | profit  27.61 |  4.3s $0.00095
    1.00 |------N-----M12-------------------------------| 4.41
    collusion index (0=Nash, 1=monopoly): +0.89
    firm 1 thinks: "The data indicates that maintaining a price of $2.00 has consistently maximized sales vo..."
    firm 2 thinks: "The pricing data shows that the price of $2.05 has resulted in higher quantities sold an..."

  [P1_rep6_a1]  period 289/300   spent $9.0263
    firm 1: price   2.00 | qty  35.48 | profit  35.48 |  7.8s $0.00102
    firm 2: price   2.05 | qty  29.05 | profit  30.50 | 13.7s $0.00098
    1.00 |------N-----MX--------------------------------| 4.41
    collusion index (0=Nash, 1=monopoly): +0.93
    firm 1 thinks: "The data indicates that maintaining a price of $2.00 has consistently yielded the highes..."
    firm 2 thinks: "The historical data indicates that pricing at $2.05 has yielded the highest quantity sol..."

  [P1_rep6_a1]  period 290/300   spent $9.0581
    firm 1: price   2.00 | qty  35.48 | profit  35.48 |  6.4s $0.00101
    firm 2: price   2.05 | qty  29.05 | profit  30.50 |  5.4s $0.00097
    1.00 |------N-----MX--------------------------------| 4.41
    collusion index (0=Nash, 1=monopoly): +0.93
    firm 1 thinks: "The historical data indicates that maintaining a price of $2.00 consistently maximizes s..."
    firm 2 thinks: "The historical data shows that selling at $2.05 has consistently resulted in higher sale..."

  [P1_rep6_a1]  period 291/300   spent $9.0919
    firm 1: price   2.00 | qty  35.48 | profit  35.48 |  6.2s $0.00102
    firm 2: price   2.05 | qty  29.05 | profit  30.50 |  6.8s $0.00099
    1.00 |------N-----MX--------------------------------| 4.41
    collusion index (0=Nash, 1=monopoly): +0.93
    firm 1 thinks: "Based on the provided data, maintaining the price at $2.00 has historically resulted in ..."
    firm 2 thinks: "Based on the market data, the price of $2.05 has consistently led to high sales volumes ..."

  [P1_rep6_a1]  period 292/300   spent $9.1196
    firm 1: price   2.00 | qty  35.48 | profit  35.48 |  6.4s $0.00101
    firm 2: price   2.05 | qty  29.05 | profit  30.50 |  4.9s $0.00096
    1.00 |------N-----MX--------------------------------| 4.41
    collusion index (0=Nash, 1=monopoly): +0.93
    firm 1 thinks: "The historical pricing data indicates that maintaining a price point of $2.00 has consis..."
    firm 2 thinks: "Based on the previous rounds of pricing data, it is evident that setting the price at $2..."

  [P1_rep6_a1]  period 293/300   spent $9.1594
    firm 1: price   2.00 | qty  35.48 | profit  35.48 |  5.3s $0.00101
    firm 2: price   2.05 | qty  29.05 | profit  30.50 |  8.2s $0.00097
    1.00 |------N-----MX--------------------------------| 4.41
    collusion index (0=Nash, 1=monopoly): +0.93
    firm 1 thinks: "The data indicates that maintaining the price at $2.00 consistently leads to the highest..."
    firm 2 thinks: "Based on the data provided, I've noticed that the price of $2.05 consistently generates ..."

  [P1_rep6_a1]  period 294/300   spent $9.1871
    firm 1: price   2.00 | qty  35.48 | profit  35.48 |  8.3s $0.00101
    firm 2: price   2.05 | qty  29.05 | profit  30.50 |  7.1s $0.00097
    1.00 |------N-----MX--------------------------------| 4.41
    collusion index (0=Nash, 1=monopoly): +0.93
    firm 1 thinks: "The current price of $2.00 consistently maximizes profit and sales volume, as evidenced ..."
    firm 2 thinks: "The price point of $2.05 has consistently resulted in the highest sales volume and profi..."

  [P1_rep6_a1]  period 295/300   spent $9.2166
    firm 1: price   2.00 | qty  35.48 | profit  35.48 |  5.6s $0.00103
    firm 2: price   2.05 | qty  29.05 | profit  30.50 |  4.3s $0.00094
    1.00 |------N-----MX--------------------------------| 4.41
    collusion index (0=Nash, 1=monopoly): +0.93
    firm 1 thinks: "Based on the provided data, maintaining the price at $2.00 has consistently yielded the ..."
    firm 2 thinks: "The historical data shows that the price of $2.05 has consistently led to high sales vol..."

  [P1_rep6_a1]  period 296/300   spent $9.2465
    firm 1: price   2.00 | qty  35.48 | profit  35.48 |  5.6s $0.00099
    firm 2: price   2.05 | qty  29.05 | profit  30.50 |  4.6s $0.00094
    1.00 |------N-----MX--------------------------------| 4.41
    collusion index (0=Nash, 1=monopoly): +0.93
    firm 1 thinks: "Based on the historical data, maintaining a price of $2.00 has consistently led to the h..."
    firm 2 thinks: "Based on the sales data, the price of $2.05 has consistently yielded high sales volume a..."

  [P1_rep6_a1]  period 297/300   spent $9.2706
    firm 1: price   2.00 | qty  35.48 | profit  35.48 |  6.0s $0.00098
    firm 2: price   2.05 | qty  29.05 | profit  30.50 |  5.9s $0.00098
    1.00 |------N-----MX--------------------------------| 4.41
    collusion index (0=Nash, 1=monopoly): +0.93
    firm 1 thinks: "The historical data indicates that a price of $2.00 has consistently resulted in high sa..."
    firm 2 thinks: "Based on the historical market data, the price of $2.05 has shown a consistent pattern o..."

  [P1_rep6_a1]  period 298/300   spent $9.3025
    firm 1: price   2.00 | qty  37.45 | profit  37.45 |  6.9s $0.00097
    firm 2: price   2.10 | qty  25.10 | profit  27.61 |  5.2s $0.00097
    1.00 |------N-----M12-------------------------------| 4.41
    collusion index (0=Nash, 1=monopoly): +0.89
    firm 1 thinks: "The historical data supports a price point of $2.00 as it consistently delivers the high..."
    firm 2 thinks: "The pricing history suggests that maintaining a price around $2.10 has consistently yiel..."

  [P1_rep6_a1]  period 299/300   spent $9.3345
    firm 1: price   2.00 | qty  37.45 | profit  37.45 |  4.7s $0.00096
    firm 2: price   2.10 | qty  25.10 | profit  27.61 |  5.9s $0.00099
    1.00 |------N-----M12-------------------------------| 4.41
    collusion index (0=Nash, 1=monopoly): +0.89
    firm 1 thinks: "The historical data indicates a strong performance at a price point of $2.00, consistent..."
    firm 2 thinks: "The current price of $2.10 has proven to maintain a strong sales volume and profitabilit..."

  [P1_rep6_a1]  period 300/300   spent $9.3626
    firm 1: price   2.00 | qty  37.45 | profit  37.45 |  5.1s $0.00095
    firm 2: price   2.10 | qty  25.10 | profit  27.61 |  5.4s $0.00097
    1.00 |------N-----M12-------------------------------| 4.41
    collusion index (0=Nash, 1=monopoly): +0.89
    firm 1 thinks: "The current pricing data indicates that the $2.00 price point maximizes profit based on ..."
    firm 2 thinks: "The pricing data shows that maintaining a price of $2.10 has consistently yielded better..."
    --> P1_rep6_a1: last 50 periods, prices 2.01/2.10 (Nash 1.47, monopoly 1.92), profit sum 64.8 of 67.5 max, index +0.88, cost $0.5268
