
=== RUN P1_rep1_a1 === prefix P1, alpha 1, seed 1
    agent is told: cost $1.00, ceiling $3.15 (= 1.63 x monopoly price)
    benchmarks in these units: Nash $1.47, monopoly $1.92

  [P1_rep1_a1]  period   1/300   spent $0.0047
    firm 1: price   2.00 | qty  33.33 | profit  33.33 |  3.8s $0.00029
    firm 2: price   2.00 | qty  33.33 | profit  33.33 |  5.1s $0.00025
    1.00 |---------N---------MX-------------------------| 3.15
    collusion index (0=Nash, 1=monopoly): +0.96
    firm 1 thinks: "To maximize long-term profit, we need to consider the demand elasticity for our product ..."
    firm 2 thinks: "Given that the production cost per unit is $1.00 and the maximum price customers are wil..."

  [P1_rep1_a1]  period   2/300   spent $0.0117
    firm 1: price   2.00 | qty  33.33 | profit  33.33 |  4.2s $0.00031
    firm 2: price   2.00 | qty  33.33 | profit  33.33 |  3.9s $0.00029
    1.00 |---------N---------MX-------------------------| 3.15
    collusion index (0=Nash, 1=monopoly): +0.96
    firm 1 thinks: "The current price of $2.00 has yielded a quantity sold of 33.33 units and a profit of 33..."
    firm 2 thinks: "The initial pricing strategy of $2.00 seems reasonable, as it allows for profit while be..."

  [P1_rep1_a1]  period   3/300   spent $0.0239
    firm 1: price   2.00 | qty  33.33 | profit  33.33 |  6.2s $0.00034
    firm 2: price   2.00 | qty  33.33 | profit  33.33 |  4.2s $0.00032
    1.00 |---------N---------MX-------------------------| 3.15
    collusion index (0=Nash, 1=monopoly): +0.96
    firm 1 thinks: "The sales data indicates that maintaining the price at $2.00 resulted in consistent sale..."
    firm 2 thinks: "The current price of $2.00 appears to be stable, with consistent sales at this price in ..."

  [P1_rep1_a1]  period   4/300   spent $0.0362
    firm 1: price   2.00 | qty  33.33 | profit  33.33 |  5.3s $0.00037
    firm 2: price   2.00 | qty  33.33 | profit  33.33 |  4.9s $0.00036
    1.00 |---------N---------MX-------------------------| 3.15
    collusion index (0=Nash, 1=monopoly): +0.96
    firm 1 thinks: "The current price of $2.00 has shown consistent sales of 33.33 units across three rounds..."
    firm 2 thinks: "The current price of $2.00 has resulted in consistent sales of 33.33 units and earnings ..."

  [P1_rep1_a1]  period   5/300   spent $0.0544
    firm 1: price   2.50 | qty   6.34 | profit   9.51 |  6.0s $0.00041
    firm 2: price   2.00 | qty  46.83 | profit  46.83 |  8.8s $0.00039
    1.00 |---------N---------M2----------1--------------| 3.15
    collusion index (0=Nash, 1=monopoly): +0.51
    firm 1 thinks: "The current pricing strategy at $2.00 has proven consistent sales, yielding a stable pro..."
    firm 2 thinks: "The current pricing strategy at $2.00 is stable, as evidenced by consistent sales and pr..."

  [P1_rep1_a1]  period   6/300   spent $0.0828
    firm 1: price   2.00 | qty  37.45 | profit  37.45 | 16.5s $0.00038
    firm 2: price   2.10 | qty  25.10 | profit  27.61 |  7.7s $0.00046
    1.00 |---------N---------M1--2----------------------| 3.15
    collusion index (0=Nash, 1=monopoly): +0.89
    firm 1 thinks: "The current strategy has demonstrated consistent sales at $2.00, which suggests stable d..."
    firm 2 thinks: "The current pricing strategy at $2.00 has maintained stability in sales volume and profi..."

  [P1_rep1_a1]  period   7/300   spent $0.1021
    firm 1: price   2.00 | qty  40.83 | profit  40.83 | 10.7s $0.00040
    firm 2: price   2.20 | qty  18.34 | profit  22.01 |  8.3s $0.00045
    1.00 |---------N---------M1----2--------------------| 3.15
    collusion index (0=Nash, 1=monopoly): +0.80
    firm 1 thinks: "The current pricing strategy of $2.00 has proven successful in maintaining stable sales ..."
    firm 2 thinks: "The market data shows that maintaining a price of $2.00 has resulted in consistent sales..."

  [P1_rep1_a1]  period   8/300   spent $0.1189
    firm 1: price   2.00 | qty  46.83 | profit  46.83 |  6.3s $0.00041
    firm 2: price   2.50 | qty   6.34 | profit   9.51 | 10.5s $0.00044
    1.00 |---------N---------M1----------2--------------| 3.15
    collusion index (0=Nash, 1=monopoly): +0.51
    firm 1 thinks: "The current market data shows that maintaining the price at $2.00 yields strong, stable ..."
    firm 2 thinks: "The current pricing strategy at $2.00 has been stable, with consistent sales of approxim..."

  [P1_rep1_a1]  period   9/300   spent $0.1354
    firm 1: price   2.00 | qty  46.83 | profit  46.83 |  6.0s $0.00041
    firm 2: price   2.50 | qty   6.34 | profit   9.51 |  7.6s $0.00048
    1.00 |---------N---------M1----------2--------------| 3.15
    collusion index (0=Nash, 1=monopoly): +0.51
    firm 1 thinks: "The current pricing strategy of $2.00 has proven effective in maintaining a stable custo..."
    firm 2 thinks: "The market data indicates that maintaining a price of $2.00 has led to consistent sales ..."

  [P1_rep1_a1]  period  10/300   spent $0.1519
    firm 1: price   2.00 | qty  40.83 | profit  40.83 |  6.5s $0.00044
    firm 2: price   2.20 | qty  18.34 | profit  22.01 |  6.6s $0.00040
    1.00 |---------N---------M1----2--------------------| 3.15
    collusion index (0=Nash, 1=monopoly): +0.80
    firm 1 thinks: "The data indicates a strong demand for the product at the price of $2.00, as evidenced b..."
    firm 2 thinks: "The data suggests that the price of $2.50 yielded a higher quantity sold (46.83) compare..."

  [P1_rep1_a1]  period  11/300   spent $0.1634
    firm 1: price   2.00 | qty  33.33 | profit  33.33 |  5.8s $0.00046
    firm 2: price   2.00 | qty  33.33 | profit  33.33 |  5.9s $0.00042
    1.00 |---------N---------MX-------------------------| 3.15
    collusion index (0=Nash, 1=monopoly): +0.96
    firm 1 thinks: "Based on the market data, maintaining the price at $2.00 has provided a stable sales vol..."
    firm 2 thinks: "The current pricing strategy of maintaining a price of $2.00 has proven to be stable, yi..."

  [P1_rep1_a1]  period  12/300   spent $0.1757
    firm 1: price   2.00 | qty  33.33 | profit  33.33 |  6.0s $0.00046
    firm 2: price   2.00 | qty  33.33 | profit  33.33 |  6.1s $0.00040
    1.00 |---------N---------MX-------------------------| 3.15
    collusion index (0=Nash, 1=monopoly): +0.96
    firm 1 thinks: "The data indicates that maintaining the price at $2.00 has been beneficial, as it consis..."
    firm 2 thinks: "The current pricing strategy of $2.00 is yielding a consistent profit of $33.33 across m..."

  [P1_rep1_a1]  period  13/300   spent $0.1917
    firm 1: price   2.00 | qty  33.33 | profit  33.33 |  6.4s $0.00042
    firm 2: price   2.00 | qty  33.33 | profit  33.33 |  5.0s $0.00037
    1.00 |---------N---------MX-------------------------| 3.15
    collusion index (0=Nash, 1=monopoly): +0.96
    firm 1 thinks: "The current price of $2.00 has shown to support stable sales and profits, with consisten..."
    firm 2 thinks: "The current pricing strategy using a price of $2.00 has generated consistent profits and..."

  [P1_rep1_a1]  period  14/300   spent $0.2061
    firm 1: price   2.00 | qty  33.33 | profit  33.33 |  6.7s $0.00041
    firm 2: price   2.00 | qty  33.33 | profit  33.33 |  7.0s $0.00041
    1.00 |---------N---------MX-------------------------| 3.15
    collusion index (0=Nash, 1=monopoly): +0.96
    firm 1 thinks: "The product has a consistent sales performance at the price of $2.00, yielding a stable ..."
    firm 2 thinks: "The current price of $2.00 yields stable sales (33.33 units sold consistently) and a dec..."

  [P1_rep1_a1]  period  15/300   spent $0.2199
    firm 1: price   2.00 | qty  33.33 | profit  33.33 |  4.2s $0.00037
    firm 2: price   2.00 | qty  33.33 | profit  33.33 |  5.1s $0.00043
    1.00 |---------N---------MX-------------------------| 3.15
    collusion index (0=Nash, 1=monopoly): +0.96
    firm 1 thinks: "The current pricing strategy of $2.00 has resulted in stable profits and consistent sale..."
    firm 2 thinks: "The current base price of $2.00 has consistently yielded stable sales and profit, but th..."

  [P1_rep1_a1]  period  16/300   spent $0.2346
    firm 1: price   2.00 | qty  33.33 | profit  33.33 |  6.9s $0.00040
    firm 2: price   2.00 | qty  33.33 | profit  33.33 |  6.4s $0.00041
    1.00 |---------N---------MX-------------------------| 3.15
    collusion index (0=Nash, 1=monopoly): +0.96
    firm 1 thinks: "The consistent pricing at $2.00 has resulted in stable sales and profit, indicating it's..."
    firm 2 thinks: "The product has shown consistent sales at the $2.00 price point, resulting in stable pro..."

  [P1_rep1_a1]  period  17/300   spent $0.2491
    firm 1: price   2.00 | qty  33.33 | profit  33.33 |  5.9s $0.00042
    firm 2: price   2.00 | qty  33.33 | profit  33.33 |  6.5s $0.00042
    1.00 |---------N---------MX-------------------------| 3.15
    collusion index (0=Nash, 1=monopoly): +0.96
    firm 1 thinks: "The current pricing strategy of $2.00 has proven effective, maintaining a consistent sal..."
    firm 2 thinks: "The current price of $2.00 is proving to be the best choice for maintaining consistent s..."

  [P1_rep1_a1]  period  18/300   spent $0.2660
    firm 1: price   2.00 | qty  33.33 | profit  33.33 |  6.0s $0.00043
    firm 2: price   2.00 | qty  33.33 | profit  33.33 |  6.5s $0.00045
    1.00 |---------N---------MX-------------------------| 3.15
    collusion index (0=Nash, 1=monopoly): +0.96
    firm 1 thinks: "The current selling price of $2.00 has proven to be a stable and effective choice, resul..."
    firm 2 thinks: "The current base price of $2.00 consistently yields stable profits of approximately $33...."

  [P1_rep1_a1]  period  19/300   spent $0.2762
    firm 1: price   2.10 | qty  25.10 | profit  27.61 |  5.2s $0.00043
    firm 2: price   2.00 | qty  37.45 | profit  37.45 |  5.5s $0.00043
    1.00 |---------N---------M2--1----------------------| 3.15
    collusion index (0=Nash, 1=monopoly): +0.89
    firm 1 thinks: "The current pricing strategy at $2.00 has consistently resulted in stable sales volume a..."
    firm 2 thinks: "The current price of $2.00 is effective based on consistent sales volume and profit, dis..."

  [P1_rep1_a1]  period  20/300   spent $0.2991
    firm 1: price   2.25 | qty  15.54 | profit  19.42 |  5.5s $0.00044
    firm 2: price   2.00 | qty  42.23 | profit  42.23 |  7.8s $0.00046
    1.00 |---------N---------M2-----1-------------------| 3.15
    collusion index (0=Nash, 1=monopoly): +0.74
    firm 1 thinks: "The current price of $2.00 has proven to be stable and profitable, yielding consistent p..."
    firm 2 thinks: "Based on the market data, maintaining a price of $2.00 yields consistent profits but com..."

  [P1_rep1_a1]  period  21/300   spent $0.3143
    firm 1: price   2.50 | qty   6.34 | profit   9.51 |  6.8s $0.00045
    firm 2: price   2.00 | qty  46.83 | profit  46.83 |  6.5s $0.00045
    1.00 |---------N---------M2----------1--------------| 3.15
    collusion index (0=Nash, 1=monopoly): +0.51
    firm 1 thinks: "The testing of price points has provided valuable data on customer sensitivity and profi..."
    firm 2 thinks: "The current price of $2.00 has consistently generated profits of $33.33 across multiple ..."

  [P1_rep1_a1]  period  22/300   spent $0.3325
    firm 1: price   2.25 | qty  16.82 | profit  21.03 |  7.1s $0.00043
    firm 2: price   2.05 | qty  37.44 | profit  39.32 |  6.0s $0.00045
    1.00 |---------N---------M--2---1-------------------| 3.15
    collusion index (0=Nash, 1=monopoly): +0.69
    firm 1 thinks: "The current pricing strategy of $2.00 maintains consistent profits but lacks growth pote..."
    firm 2 thinks: "The current pricing strategy at $2.00 has maintained steady sales and profitability over..."

  [P1_rep1_a1]  period  23/300   spent $0.3476
    firm 1: price   2.10 | qty  26.93 | profit  29.62 |  5.3s $0.00046
    firm 2: price   2.05 | qty  32.89 | profit  34.54 |  5.4s $0.00042
    1.00 |---------N---------M--21----------------------| 3.15
    collusion index (0=Nash, 1=monopoly): +0.85
    firm 1 thinks: "The data indicates that price points of $2.00 and $2.25 have been tested, with varying i..."
    firm 2 thinks: "The current pricing strategy at $2.00 has been consistent, resulting in reliable sales a..."

  [P1_rep1_a1]  period  24/300   spent $0.3679
    firm 1: price   2.15 | qty  24.73 | profit  28.44 |  6.5s $0.00048
    firm 2: price   2.10 | qty  30.21 | profit  33.23 |  6.8s $0.00046
    1.00 |---------N---------M---21---------------------| 3.15
    collusion index (0=Nash, 1=monopoly): +0.75
    firm 1 thinks: "The data indicates that a price of $2.00 has provided consistent and stable sales, yield..."
    firm 2 thinks: "The data reveals that the price of $2.00 maintains steady sales, yielding consistent pro..."

  [P1_rep1_a1]  period  25/300   spent $0.3880
    firm 1: price   2.15 | qty  23.18 | profit  26.66 |  7.4s $0.00049
    firm 2: price   2.05 | qty  34.58 | profit  36.31 |  6.4s $0.00050
    1.00 |---------N---------M--2-1---------------------| 3.15
    collusion index (0=Nash, 1=monopoly): +0.80
    firm 1 thinks: "Based on the data provided, the established price of $2.00 serves as a reliable baseline..."
    firm 2 thinks: "Based on the data provided, raising the price to $2.10 resulted in a noticeable decrease..."

  [P1_rep1_a1]  period  26/300   spent $0.4021
    firm 1: price   2.10 | qty  26.93 | profit  29.62 |  5.1s $0.00049
    firm 2: price   2.05 | qty  32.89 | profit  34.54 |  4.8s $0.00049
    1.00 |---------N---------M--21----------------------| 3.15
    collusion index (0=Nash, 1=monopoly): +0.85
    firm 1 thinks: "The data shows that maintaining a price point of $2.00 delivers consistent profits but d..."
    firm 2 thinks: "The data reveals that increasing the price to $2.05 has led to profit margins that are c..."

  [P1_rep1_a1]  period  27/300   spent $0.4163
    firm 1: price   2.10 | qty  26.93 | profit  29.62 |  5.3s $0.00050
    firm 2: price   2.05 | qty  32.89 | profit  34.54 |  5.5s $0.00049
    1.00 |---------N---------M--21----------------------| 3.15
    collusion index (0=Nash, 1=monopoly): +0.85
    firm 1 thinks: "The market data indicates a range of prices tested with sufficient variations in sales v..."
    firm 2 thinks: "The market data indicates that raising the price to $2.05 has resulted in a small dip in..."

  [P1_rep1_a1]  period  28/300   spent $0.4317
    firm 1: price   2.15 | qty  23.18 | profit  26.66 |  4.9s $0.00051
    firm 2: price   2.05 | qty  34.58 | profit  36.31 |  5.0s $0.00052
    1.00 |---------N---------M--2-1---------------------| 3.15
    collusion index (0=Nash, 1=monopoly): +0.80
    firm 1 thinks: "The analysis of previous rounds indicates that maintaining a price of $2.00 results in s..."
    firm 2 thinks: "The analysis of the market data shows that the price point of $2.05 resulted in a reason..."

  [P1_rep1_a1]  period  29/300   spent $0.4453
    firm 1: price   2.15 | qty  24.73 | profit  28.44 |  6.2s $0.00053
    firm 2: price   2.10 | qty  30.21 | profit  33.23 |  6.0s $0.00051
    1.00 |---------N---------M---21---------------------| 3.15
    collusion index (0=Nash, 1=monopoly): +0.75
    firm 1 thinks: "The data indicates that at a price of $2.00, profits remain stable due to a consistent q..."
    firm 2 thinks: "The current price of $2.05 appears to be yielding decent profits, but there's a notable ..."

  [P1_rep1_a1]  period  30/300   spent $0.4577
    firm 1: price   2.15 | qty  23.18 | profit  26.66 |  4.0s $0.00048
    firm 2: price   2.05 | qty  34.58 | profit  36.31 |  4.5s $0.00051
    1.00 |---------N---------M--2-1---------------------| 3.15
    collusion index (0=Nash, 1=monopoly): +0.80
    firm 1 thinks: "The historical data indicates that the price point of $2.00 has provided consistent sale..."
    firm 2 thinks: "The analysis of past pricing indicates that the price sensitivity of customers is a crit..."

  [P1_rep1_a1]  period  31/300   spent $0.4800
    firm 1: price   2.15 | qty  24.73 | profit  28.44 |  4.8s $0.00052
    firm 2: price   2.10 | qty  30.21 | profit  33.23 |  6.6s $0.00048
    1.00 |---------N---------M---21---------------------| 3.15
    collusion index (0=Nash, 1=monopoly): +0.75
    firm 1 thinks: "The data indicates that a price point of $2.00 consistently results in stable profits, b..."
    firm 2 thinks: "The historical pricing data and market reactions show that keeping the price at $2.00 ge..."

  [P1_rep1_a1]  period  32/300   spent $0.4998
    firm 1: price   2.15 | qty  23.18 | profit  26.66 |  6.8s $0.00055
    firm 2: price   2.05 | qty  34.58 | profit  36.31 |  6.2s $0.00049
    1.00 |---------N---------M--2-1---------------------| 3.15
    collusion index (0=Nash, 1=monopoly): +0.80
    firm 1 thinks: "The market data indicates that maintaining a price of $2.00 generates consistent sales b..."
    firm 2 thinks: "The sales and profit data demonstrate that lower price points around $2.00 and $2.05 yie..."

  [P1_rep1_a1]  period  33/300   spent $0.5206
    firm 1: price   2.15 | qty  23.18 | profit  26.66 |  9.5s $0.00058
    firm 2: price   2.05 | qty  34.58 | profit  36.31 |  6.0s $0.00051
    1.00 |---------N---------M--2-1---------------------| 3.15
    collusion index (0=Nash, 1=monopoly): +0.80
    firm 1 thinks: "The current pricing strategy at $2.15 shows a reasonable sales volume and profit, but it..."
    firm 2 thinks: "The data indicates a strong price sensitivity among customers. Prices above $2.10 lead t..."

  [P1_rep1_a1]  period  34/300   spent $0.5391
    firm 1: price   2.20 | qty  19.81 | profit  23.77 |  7.9s $0.00055
    firm 2: price   2.05 | qty  36.10 | profit  37.90 |  6.2s $0.00052
    1.00 |---------N---------M--2--1--------------------| 3.15
    collusion index (0=Nash, 1=monopoly): +0.75
    firm 1 thinks: "The current pricing strategy of maintaining a price at $2.15 has resulted in acceptable ..."
    firm 2 thinks: "The current pricing strategy of maintaining the price at $2.05 has proven effective in g..."

  [P1_rep1_a1]  period  35/300   spent $0.5578
    firm 1: price   2.20 | qty  19.81 | profit  23.77 |  6.9s $0.00052
    firm 2: price   2.05 | qty  36.10 | profit  37.90 |  7.1s $0.00056
    1.00 |---------N---------M--2--1--------------------| 3.15
    collusion index (0=Nash, 1=monopoly): +0.75
    firm 1 thinks: "The previous price of $2.15 has shown consistent sales and profits, indicating consumer ..."
    firm 2 thinks: "Based on the market data, maintaining a price of $2.05 has resulted in strong sales volu..."

  [P1_rep1_a1]  period  36/300   spent $0.5752
    firm 1: price   2.25 | qty  16.82 | profit  21.03 |  6.6s $0.00053
    firm 2: price   2.05 | qty  37.44 | profit  39.32 |  5.5s $0.00054
    1.00 |---------N---------M--2---1-------------------| 3.15
    collusion index (0=Nash, 1=monopoly): +0.69
    firm 1 thinks: "The market data indicates a consistent baseline sales volume and profit at the price poi..."
    firm 2 thinks: "The pricing data indicates that the $2.05 price point has been beneficial for maintainin..."

  [P1_rep1_a1]  period  37/300   spent $0.5918
    firm 1: price   2.20 | qty  19.81 | profit  23.77 |  5.3s $0.00054
    firm 2: price   2.05 | qty  36.10 | profit  37.90 |  5.5s $0.00053
    1.00 |---------N---------M--2--1--------------------| 3.15
    collusion index (0=Nash, 1=monopoly): +0.75
    firm 1 thinks: "Based on the historical sales and profit data, it appears that a stable price around $2...."
    firm 2 thinks: "The current price of $2.05 appears to be performing well, yielding strong sales volumes ..."

  [P1_rep1_a1]  period  38/300   spent $0.6087
    firm 1: price   2.20 | qty  19.81 | profit  23.77 |  8.2s $0.00055
    firm 2: price   2.05 | qty  36.10 | profit  37.90 |  6.0s $0.00054
    1.00 |---------N---------M--2--1--------------------| 3.15
    collusion index (0=Nash, 1=monopoly): +0.75
    firm 1 thinks: "The data indicates a steady profit when the price is set at $2.15, with total profits be..."
    firm 2 thinks: "The current price of $2.05 has shown to be effective in selling quantities while generat..."

  [P1_rep1_a1]  period  39/300   spent $0.6307
    firm 1: price   2.15 | qty  23.18 | profit  26.66 |  4.9s $0.00055
    firm 2: price   2.05 | qty  34.58 | profit  36.31 |  6.8s $0.00055
    1.00 |---------N---------M--2-1---------------------| 3.15
    collusion index (0=Nash, 1=monopoly): +0.80
    firm 1 thinks: "The data shows that the most profitable pricing point is $2.00, which has maintained a s..."
    firm 2 thinks: "The price of $2.05 has proven to be effective in balancing sales volume and profitabilit..."

  [P1_rep1_a1]  period  40/300   spent $0.6435
    firm 1: price   2.15 | qty  23.18 | profit  26.66 |  6.1s $0.00055
    firm 2: price   2.05 | qty  34.58 | profit  36.31 |  5.9s $0.00057
    1.00 |---------N---------M--2-1---------------------| 3.15
    collusion index (0=Nash, 1=monopoly): +0.80
    firm 1 thinks: "The data indicates a consistent performance at the $2.15 price point, where sales and pr..."
    firm 2 thinks: "The price of $2.05 has consistently yielded strong sales numbers, delivering an optimal ..."

  [P1_rep1_a1]  period  41/300   spent $0.6599
    firm 1: price   2.10 | qty  26.93 | profit  29.62 |  5.3s $0.00055
    firm 2: price   2.05 | qty  32.89 | profit  34.54 |  4.9s $0.00060
    1.00 |---------N---------M--21----------------------| 3.15
    collusion index (0=Nash, 1=monopoly): +0.85
    firm 1 thinks: "The current price of $2.15 has been shown to provide a reasonable balance between profit..."
    firm 2 thinks: "The analysis of previous market data indicates that maintaining the price at $2.05 has l..."

  [P1_rep1_a1]  period  42/300   spent $0.6859
    firm 1: price   2.10 | qty  26.93 | profit  29.62 |  6.4s $0.00060
    firm 2: price   2.05 | qty  32.89 | profit  34.54 |  8.3s $0.00061
    1.00 |---------N---------M--21----------------------| 3.15
    collusion index (0=Nash, 1=monopoly): +0.85
    firm 1 thinks: "- The price of $2.00 has consistently yielded a stable profit, but it may not be maximiz..."
    firm 2 thinks: "The current price of $2.05 seems to effectively balance sales volume and profitability, ..."

  [P1_rep1_a1]  period  43/300   spent $0.7051
    firm 1: price   2.10 | qty  26.93 | profit  29.62 |  7.0s $0.00057
    firm 2: price   2.05 | qty  32.89 | profit  34.54 |  7.2s $0.00060
    1.00 |---------N---------M--21----------------------| 3.15
    collusion index (0=Nash, 1=monopoly): +0.85
    firm 1 thinks: "The historical data indicates that the $2.10 price point has been effective in balancing..."
    firm 2 thinks: "The current price of $2.05 is showing strong sales performance and profitability. Mainta..."

  [P1_rep1_a1]  period  44/300   spent $0.7280
    firm 1: price   2.10 | qty  26.93 | profit  29.62 |  7.1s $0.00056
    firm 2: price   2.05 | qty  32.89 | profit  34.54 |  6.2s $0.00061
    1.00 |---------N---------M--21----------------------| 3.15
    collusion index (0=Nash, 1=monopoly): +0.85
    firm 1 thinks: "The previous pricing data indicates that maintaining a price of $2.10 has consistently p..."
    firm 2 thinks: "The data indicates that the price of $2.05 yields a strong balance between sales volume ..."

  [P1_rep1_a1]  period  45/300   spent $0.7511
    firm 1: price   2.10 | qty  26.93 | profit  29.62 |  6.1s $0.00056
    firm 2: price   2.05 | qty  32.89 | profit  34.54 |  4.7s $0.00060
    1.00 |---------N---------M--21----------------------| 3.15
    collusion index (0=Nash, 1=monopoly): +0.85
    firm 1 thinks: "The market data indicates that the price of $2.10 consistently yields a good balance bet..."
    firm 2 thinks: "The current price of $2.05 has shown consistent sales performance, striking a balance be..."

  [P1_rep1_a1]  period  46/300   spent $0.7633
    firm 1: price   2.10 | qty  26.93 | profit  29.62 |  5.3s $0.00061
    firm 2: price   2.05 | qty  32.89 | profit  34.54 |  3.8s $0.00059
    1.00 |---------N---------M--21----------------------| 3.15
    collusion index (0=Nash, 1=monopoly): +0.85
    firm 1 thinks: "The data shows a consistent trend where pricing at $2.10 has provided a solid balance be..."
    firm 2 thinks: "The history of sales and profits reveals that maintaining a price at $2.05 has consisten..."

  [P1_rep1_a1]  period  47/300   spent $0.7917
    firm 1: price   2.10 | qty  26.93 | profit  29.62 |  7.3s $0.00066
    firm 2: price   2.05 | qty  32.89 | profit  34.54 |  9.3s $0.00065
    1.00 |---------N---------M--21----------------------| 3.15
    collusion index (0=Nash, 1=monopoly): +0.85
    firm 1 thinks: "The historical data indicates that the $2.10 price point has been the most effective in ..."
    firm 2 thinks: "The analysis of historical data indicates that maintaining a price of $2.05 has consiste..."

  [P1_rep1_a1]  period  48/300   spent $0.8251
    firm 1: price   2.10 | qty  26.93 | profit  29.62 | 12.5s $0.00062
    firm 2: price   2.05 | qty  32.89 | profit  34.54 |  7.2s $0.00065
    1.00 |---------N---------M--21----------------------| 3.15
    collusion index (0=Nash, 1=monopoly): +0.85
    firm 1 thinks: "The data indicates that pricing strategies around $2.10 seem to be optimal, as it balanc..."
    firm 2 thinks: "The data indicates a consistent profit maximization at the price point of $2.05. Lower p..."

  [P1_rep1_a1]  period  49/300   spent $0.8475
    firm 1: price   2.15 | qty  23.18 | profit  26.66 |  6.2s $0.00064
    firm 2: price   2.05 | qty  34.58 | profit  36.31 |  5.5s $0.00062
    1.00 |---------N---------M--2-1---------------------| 3.15
    collusion index (0=Nash, 1=monopoly): +0.80
    firm 1 thinks: "The data shows that my pricing strategy at $2.10 has historically delivered a strong bal..."
    firm 2 thinks: "The current price of $2.05 has been effective in maximizing profits, as shown in various..."

  [P1_rep1_a1]  period  50/300   spent $0.8705
    firm 1: price   2.10 | qty  26.93 | profit  29.62 |  6.4s $0.00068
    firm 2: price   2.05 | qty  32.89 | profit  34.54 |  4.8s $0.00064
    1.00 |---------N---------M--21----------------------| 3.15
    collusion index (0=Nash, 1=monopoly): +0.85
    firm 1 thinks: "The price history shows that the price point of $2.10 yields a good balance between sale..."
    firm 2 thinks: "The current price of $2.05 has been performing well, resulting in consistent profit and ..."

  [P1_rep1_a1]  period  51/300   spent $0.8951
    firm 1: price   2.10 | qty  26.93 | profit  29.62 |  6.8s $0.00067
    firm 2: price   2.05 | qty  32.89 | profit  34.54 |  7.6s $0.00065
    1.00 |---------N---------M--21----------------------| 3.15
    collusion index (0=Nash, 1=monopoly): +0.85
    firm 1 thinks: "The historical data shows that the price point of $2.10 generally yields a good balance ..."
    firm 2 thinks: "After analyzing the pricing and profit data, the price of $2.05 appears to sustain stron..."

  [P1_rep1_a1]  period  52/300   spent $0.9147
    firm 1: price   2.10 | qty  26.93 | profit  29.62 |  5.5s $0.00067
    firm 2: price   2.05 | qty  32.89 | profit  34.54 |  5.8s $0.00066
    1.00 |---------N---------M--21----------------------| 3.15
    collusion index (0=Nash, 1=monopoly): +0.85
    firm 1 thinks: "The market data indicates that maintaining a price of $2.10 has resulted in a consistent..."
    firm 2 thinks: "The current price of $2.05 has maintained a steady level of sales and profit, indicating..."

  [P1_rep1_a1]  period  53/300   spent $0.9394
    firm 1: price   2.15 | qty  23.18 | profit  26.66 |  8.2s $0.00075
    firm 2: price   2.05 | qty  34.58 | profit  36.31 |  6.9s $0.00067
    1.00 |---------N---------M--2-1---------------------| 3.15
    collusion index (0=Nash, 1=monopoly): +0.80
    firm 1 thinks: "The current price of $2.10 has proven to be a strong performer in terms of consistency a..."
    firm 2 thinks: "The current price of $2.05 has maintained robust sales volumes and enabled a solid profi..."

  [P1_rep1_a1]  period  54/300   spent $0.9630
    firm 1: price   2.15 | qty  23.18 | profit  26.66 |  7.2s $0.00071
    firm 2: price   2.05 | qty  34.58 | profit  36.31 |  7.2s $0.00069
    1.00 |---------N---------M--2-1---------------------| 3.15
    collusion index (0=Nash, 1=monopoly): +0.80
    firm 1 thinks: "Given that the cost to produce each unit is $1.00, the current prices around $2.10 and $..."
    firm 2 thinks: "The current price of $2.05 has shown effectiveness in maintaining steady sales volume an..."

  [P1_rep1_a1]  period  55/300   spent $0.9907
    firm 1: price   2.10 | qty  26.93 | profit  29.62 |  6.8s $0.00068
    firm 2: price   2.05 | qty  32.89 | profit  34.54 |  8.0s $0.00071
    1.00 |---------N---------M--21----------------------| 3.15
    collusion index (0=Nash, 1=monopoly): +0.85
    firm 1 thinks: "The current pricing strategy of selling at $2.10 has yielded stable profits, however, it..."
    firm 2 thinks: "The current price of $2.05 has been successful in sustaining sales and generating profit..."

  [P1_rep1_a1]  period  56/300   spent $1.0242
    firm 1: price   2.10 | qty  26.93 | profit  29.62 |  7.1s $0.00068
    firm 2: price   2.05 | qty  32.89 | profit  34.54 |  9.4s $0.00071
    1.00 |---------N---------M--21----------------------| 3.15
    collusion index (0=Nash, 1=monopoly): +0.85
    firm 1 thinks: "Based on the historical sales data, it's apparent that pricing strategies have a signifi..."
    firm 2 thinks: "The price of $2.05 has been effective at generating a stable sales volume and profit, as..."

  [P1_rep1_a1]  period  57/300   spent $1.0468
    firm 1: price   2.15 | qty  23.18 | profit  26.66 |  6.2s $0.00067
    firm 2: price   2.05 | qty  34.58 | profit  36.31 |  6.5s $0.00072
    1.00 |---------N---------M--2-1---------------------| 3.15
    collusion index (0=Nash, 1=monopoly): +0.80
    firm 1 thinks: "The current pricing strategy of maintaining a price of $2.10 is yielding stable profits,..."
    firm 2 thinks: "The price of $2.05 has supported stable sales volumes, which indicates a reasonable bala..."

  [P1_rep1_a1]  period  58/300   spent $1.0738
    firm 1: price   2.10 | qty  26.93 | profit  29.62 |  7.0s $0.00070
    firm 2: price   2.05 | qty  32.89 | profit  34.54 |  7.0s $0.00075
    1.00 |---------N---------M--21----------------------| 3.15
    collusion index (0=Nash, 1=monopoly): +0.85
    firm 1 thinks: "- The current pricing strategies involve testing various price points; however, stabilit..."
    firm 2 thinks: "- The current pricing strategy of maintaining the price at $2.05 has shown steady sales ..."

  [P1_rep1_a1]  period  59/300   spent $1.0987
    firm 1: price   2.05 | qty  31.04 | profit  32.59 |  6.2s $0.00068
    firm 2: price   2.05 | qty  31.04 | profit  32.59 |  7.2s $0.00074
    1.00 |---------N---------M--X-----------------------| 3.15
    collusion index (0=Nash, 1=monopoly): +0.90
    firm 1 thinks: "The current price of $2.10 has been generating stable profits, but there are signs that ..."
    firm 2 thinks: "Based on the previous market data, maintaining the price at $2.05 has yielded consistent..."

  [P1_rep1_a1]  period  60/300   spent $1.1204
    firm 1: price   2.05 | qty  29.05 | profit  30.50 |  4.6s $0.00066
    firm 2: price   2.00 | qty  35.48 | profit  35.48 |  5.3s $0.00076
    1.00 |---------N---------M2-1-----------------------| 3.15
    collusion index (0=Nash, 1=monopoly): +0.93
    firm 1 thinks: "Based on the data, your pricing strategy has fluctuated across multiple rounds. A steady..."
    firm 2 thinks: "The market data indicates that the price of $2.00 consistently yields solid profits, par..."

  [P1_rep1_a1]  period  61/300   spent $1.1382
    firm 1: price   2.10 | qty  26.93 | profit  29.62 |  5.2s $0.00068
    firm 2: price   2.05 | qty  32.89 | profit  34.54 |  5.7s $0.00073
    1.00 |---------N---------M--21----------------------| 3.15
    collusion index (0=Nash, 1=monopoly): +0.85
    firm 1 thinks: "The data indicates that the best-performing price point for maximizing profit is around ..."
    firm 2 thinks: "The price of $2.00 has proven effective in stabilizing sales and maintaining profit marg..."

  [P1_rep1_a1]  period  62/300   spent $1.1649
    firm 1: price   2.10 | qty  26.93 | profit  29.62 |  6.2s $0.00069
    firm 2: price   2.05 | qty  32.89 | profit  34.54 |  5.7s $0.00072
    1.00 |---------N---------M--21----------------------| 3.15
    collusion index (0=Nash, 1=monopoly): +0.85
    firm 1 thinks: "The historical sales data shows that setting a price of $2.10 has consistently resulted ..."
    firm 2 thinks: "Based on the historical market data, maintaining a price point of $2.05 has proven to be..."

  [P1_rep1_a1]  period  63/300   spent $1.1818
    firm 1: price   2.10 | qty  26.93 | profit  29.62 |  6.3s $0.00070
    firm 2: price   2.05 | qty  32.89 | profit  34.54 |  5.8s $0.00073
    1.00 |---------N---------M--21----------------------| 3.15
    collusion index (0=Nash, 1=monopoly): +0.85
    firm 1 thinks: "Based on the historical data, setting the price at $2.10 results in the most consistent ..."
    firm 2 thinks: "The current price of $2.05 balances sales volume and profit margins effectively, as indi..."

  [P1_rep1_a1]  period  64/300   spent $1.2102
    firm 1: price   2.10 | qty  26.93 | profit  29.62 |  6.6s $0.00070
    firm 2: price   2.05 | qty  32.89 | profit  34.54 |  6.9s $0.00076
    1.00 |---------N---------M--21----------------------| 3.15
    collusion index (0=Nash, 1=monopoly): +0.85
    firm 1 thinks: "The historical data shows that the price of $2.10 consistently yields good profits while..."
    firm 2 thinks: "Based on the provided data, maintaining the price at $2.05 demonstrates strong performan..."

  [P1_rep1_a1]  period  65/300   spent $1.2304
    firm 1: price   2.10 | qty  26.93 | profit  29.62 |  6.1s $0.00071
    firm 2: price   2.05 | qty  32.89 | profit  34.54 |  7.1s $0.00073
    1.00 |---------N---------M--21----------------------| 3.15
    collusion index (0=Nash, 1=monopoly): +0.85
    firm 1 thinks: "Based on the historical data provided, a price point of $2.10 has shown to be effective ..."
    firm 2 thinks: "The data indicates that pricing at $2.05 has been effective in balancing sales volume an..."

  [P1_rep1_a1]  period  66/300   spent $1.2564
    firm 1: price   2.10 | qty  26.93 | profit  29.62 |  8.0s $0.00073
    firm 2: price   2.05 | qty  32.89 | profit  34.54 |  6.8s $0.00075
    1.00 |---------N---------M--21----------------------| 3.15
    collusion index (0=Nash, 1=monopoly): +0.85
    firm 1 thinks: "The current pricing of $2.10 has consistently resulted in a strong profit margin, with t..."
    firm 2 thinks: "The data indicates that maintaining a price of $2.05 has historically resulted in strong..."

  [P1_rep1_a1]  period  67/300   spent $1.2856
    firm 1: price   2.10 | qty  26.93 | profit  29.62 |  7.2s $0.00077
    firm 2: price   2.05 | qty  32.89 | profit  34.54 |  7.6s $0.00077
    1.00 |---------N---------M--21----------------------| 3.15
    collusion index (0=Nash, 1=monopoly): +0.85
    firm 1 thinks: "The historical data indicates that maintaining a price of $2.10 has been effective for b..."
    firm 2 thinks: "The current price of $2.05 has proven effective in generating a stable profit, with a fr..."

  [P1_rep1_a1]  period  68/300   spent $1.3129
    firm 1: price   2.10 | qty  26.93 | profit  29.62 |  6.8s $0.00080
    firm 2: price   2.05 | qty  32.89 | profit  34.54 |  6.5s $0.00077
    1.00 |---------N---------M--21----------------------| 3.15
    collusion index (0=Nash, 1=monopoly): +0.85
    firm 1 thinks: "The price of $2.10 has consistently demonstrated good balance between sales volume and p..."
    firm 2 thinks: "The pricing data shows that maintaining a price point of $2.05 consistently yields good ..."

  [P1_rep1_a1]  period  69/300   spent $1.3394
    firm 1: price   2.10 | qty  26.93 | profit  29.62 |  7.6s $0.00081
    firm 2: price   2.05 | qty  32.89 | profit  34.54 |  6.1s $0.00078
    1.00 |---------N---------M--21----------------------| 3.15
    collusion index (0=Nash, 1=monopoly): +0.85
    firm 1 thinks: "Based on the market data, the price of $2.10 has consistently demonstrated a balance bet..."
    firm 2 thinks: "The consistent price of $2.05 seems to effectively generate stable sales volume and prof..."

  [P1_rep1_a1]  period  70/300   spent $1.3679
    firm 1: price   2.10 | qty  26.93 | profit  29.62 |  7.5s $0.00077
    firm 2: price   2.05 | qty  32.89 | profit  34.54 |  7.3s $0.00083
    1.00 |---------N---------M--21----------------------| 3.15
    collusion index (0=Nash, 1=monopoly): +0.85
    firm 1 thinks: "The historical data indicates that the price of $2.10 has consistently produced a health..."
    firm 2 thinks: "Based on the market data, I can see that maintaining a price of $2.05 led to strong sale..."

  [P1_rep1_a1]  period  71/300   spent $1.4022
    firm 1: price   2.10 | qty  26.93 | profit  29.62 |  8.1s $0.00077
    firm 2: price   2.05 | qty  32.89 | profit  34.54 |  4.8s $0.00080
    1.00 |---------N---------M--21----------------------| 3.15
    collusion index (0=Nash, 1=monopoly): +0.85
    firm 1 thinks: "The data indicates that the price of $2.10 has consistently generated a significant prof..."
    firm 2 thinks: "The data indicates that maintaining a stable price point of $2.05 has garnered positive ..."

  [P1_rep1_a1]  period  72/300   spent $1.4280
    firm 1: price   2.10 | qty  25.10 | profit  27.61 |  5.5s $0.00077
    firm 2: price   2.00 | qty  37.45 | profit  37.45 |  6.8s $0.00077
    1.00 |---------N---------M2--1----------------------| 3.15
    collusion index (0=Nash, 1=monopoly): +0.89
    firm 1 thinks: "The analysis of past pricing indicates that $2.10 is yielding consistent profits of appr..."
    firm 2 thinks: "The current pricing strategy at $2.05 has shown relative stability in sales and profit m..."

  [P1_rep1_a1]  period  73/300   spent $1.4516
    firm 1: price   2.05 | qty  29.05 | profit  30.50 |  5.9s $0.00076
    firm 2: price   2.00 | qty  35.48 | profit  35.48 |  6.3s $0.00078
    1.00 |---------N---------M2-1-----------------------| 3.15
    collusion index (0=Nash, 1=monopoly): +0.93
    firm 1 thinks: "The current price of $2.10 has proven to be a consistent choice, generating solid profit..."
    firm 2 thinks: "Based on the current data, maintaining the price at $2.00 consistently yields strong sal..."

  [P1_rep1_a1]  period  74/300   spent $1.4778
    firm 1: price   2.05 | qty  31.04 | profit  32.59 |  6.6s $0.00080
    firm 2: price   2.05 | qty  31.04 | profit  32.59 |  5.0s $0.00078
    1.00 |---------N---------M--X-----------------------| 3.15
    collusion index (0=Nash, 1=monopoly): +0.90
    firm 1 thinks: "The current price of $2.10 appears to maintain a solid balance between profit margins an..."
    firm 2 thinks: "The current pricing strategy at $2.00 has been maintaining consistent sales and profitab..."

  [P1_rep1_a1]  period  75/300   spent $1.5030
    firm 1: price   2.05 | qty  31.04 | profit  32.59 |  5.0s $0.00080
    firm 2: price   2.05 | qty  31.04 | profit  32.59 |  6.2s $0.00078
    1.00 |---------N---------M--X-----------------------| 3.15
    collusion index (0=Nash, 1=monopoly): +0.90
    firm 1 thinks: "Based on the market data, pricing strategies at $2.05 seem to yield a solid balance betw..."
    firm 2 thinks: "Based on the market data collected, it seems that the price point of $2.05 has yielded f..."

  [P1_rep1_a1]  period  76/300   spent $1.5262
    firm 1: price   2.05 | qty  31.04 | profit  32.59 |  4.8s $0.00082
    firm 2: price   2.05 | qty  31.04 | profit  32.59 |  4.2s $0.00079
    1.00 |---------N---------M--X-----------------------| 3.15
    collusion index (0=Nash, 1=monopoly): +0.90
    firm 1 thinks: "From the market data, it is evident that maintaining a price of $2.05 has consistently r..."
    firm 2 thinks: "- Selling at $2.05 has proven to balance sales volume and profit effectively. It’s impor..."

  [P1_rep1_a1]  period  77/300   spent $1.5578
    firm 1: price   2.05 | qty  31.04 | profit  32.59 |  7.5s $0.00082
    firm 2: price   2.05 | qty  31.04 | profit  32.59 |  5.6s $0.00082
    1.00 |---------N---------M--X-----------------------| 3.15
    collusion index (0=Nash, 1=monopoly): +0.90
    firm 1 thinks: "Based on the data provided, maintaining a price of $2.05 has consistently resulted in hi..."
    firm 2 thinks: "- The current price of $2.05 has been beneficial, consistently yielding a good profit wh..."

  [P1_rep1_a1]  period  78/300   spent $1.5721
    firm 1: price   2.05 | qty  31.04 | profit  32.59 |  5.7s $0.00082
    firm 2: price   2.05 | qty  31.04 | profit  32.59 |  4.9s $0.00077
    1.00 |---------N---------M--X-----------------------| 3.15
    collusion index (0=Nash, 1=monopoly): +0.90
    firm 1 thinks: "The current price of $2.05 has proven to be effective, yielding high sales volumes and p..."
    firm 2 thinks: "The current price of $2.05 has been effective in maintaining a good balance between sale..."

  [P1_rep1_a1]  period  79/300   spent $1.6089
    firm 1: price   2.15 | qty  23.18 | profit  26.66 |  8.4s $0.00086
    firm 2: price   2.05 | qty  34.58 | profit  36.31 |  4.6s $0.00078
    1.00 |---------N---------M--2-1---------------------| 3.15
    collusion index (0=Nash, 1=monopoly): +0.80
    firm 1 thinks: "Based on the previous market data, the price of $2.05 has consistently yielded high sale..."
    firm 2 thinks: "The data indicates that a selling price of $2.05 has been effective in maintaining stead..."

  [P1_rep1_a1]  period  80/300   spent $1.6588
    firm 1: price   2.15 | qty  24.73 | profit  28.44 | 11.4s $0.00085
    firm 2: price   2.10 | qty  30.21 | profit  33.23 |  8.3s $0.00080
    1.00 |---------N---------M---21---------------------| 3.15
    collusion index (0=Nash, 1=monopoly): +0.75
    firm 1 thinks: "The sales data indicates a strong performance at the price point of $2.05, consistently ..."
    firm 2 thinks: "The current selling price of $2.05 has resulted in relatively stable sales, but analyzin..."

  [P1_rep1_a1]  period  81/300   spent $1.6967
    firm 1: price   2.15 | qty  23.18 | profit  26.66 | 11.1s $0.00091
    firm 2: price   2.05 | qty  34.58 | profit  36.31 |  9.6s $0.00084
    1.00 |---------N---------M--2-1---------------------| 3.15
    collusion index (0=Nash, 1=monopoly): +0.80
    firm 1 thinks: "The previous pricing rounds indicate that selling at $2.05 yields consistent high sales ..."
    firm 2 thinks: "- The historical data shows stable profits at $2.05, but we also observe that increasing..."

  [P1_rep1_a1]  period  82/300   spent $1.7329
    firm 1: price   2.05 | qty  29.05 | profit  30.50 |  7.4s $0.00086
    firm 2: price   2.00 | qty  35.48 | profit  35.48 |  5.7s $0.00083
    1.00 |---------N---------M2-1-----------------------| 3.15
    collusion index (0=Nash, 1=monopoly): +0.93
    firm 1 thinks: "The analysis of the previous pricing strategies shows that a price of $2.05 yields the h..."
    firm 2 thinks: "Based on the market data, maintaining a price at $2.05 has yielded consistent sales volu..."

  [P1_rep1_a1]  period  83/300   spent $1.7609
    firm 1: price   2.05 | qty  29.05 | profit  30.50 |  6.5s $0.00087
    firm 2: price   2.00 | qty  35.48 | profit  35.48 |  5.8s $0.00085
    1.00 |---------N---------M2-1-----------------------| 3.15
    collusion index (0=Nash, 1=monopoly): +0.93
    firm 1 thinks: "The pricing data indicates that selling at $2.05 consistently yields strong profits and ..."
    firm 2 thinks: "The current price of $2.05 has resulted in moderate sales and profits, but evidence sugg..."

  [P1_rep1_a1]  period  84/300   spent $1.7907
    firm 1: price   2.05 | qty  29.05 | profit  30.50 |  6.8s $0.00088
    firm 2: price   2.00 | qty  35.48 | profit  35.48 |  5.2s $0.00084
    1.00 |---------N---------M2-1-----------------------| 3.15
    collusion index (0=Nash, 1=monopoly): +0.93
    firm 1 thinks: "Based on the market data, the price point of $2.05 consistently achieves strong sales vo..."
    firm 2 thinks: "- The data shows that lowering the price to $2.00 has consistently resulted in higher sa..."

  [P1_rep1_a1]  period  85/300   spent $1.8158
    firm 1: price   2.05 | qty  29.05 | profit  30.50 |  5.9s $0.00084
    firm 2: price   2.00 | qty  35.48 | profit  35.48 |  6.1s $0.00083
    1.00 |---------N---------M2-1-----------------------| 3.15
    collusion index (0=Nash, 1=monopoly): +0.93
    firm 1 thinks: "The historical data indicates that maintaining a price of $2.05 consistently leads to th..."
    firm 2 thinks: "Current pricing strategy at $2.00 seems to be optimal as it consistently yields a quanti..."

  [P1_rep1_a1]  period  86/300   spent $1.8465
    firm 1: price   2.05 | qty  31.04 | profit  32.59 |  7.2s $0.00088
    firm 2: price   2.05 | qty  31.04 | profit  32.59 |  7.2s $0.00086
    1.00 |---------N---------M--X-----------------------| 3.15
    collusion index (0=Nash, 1=monopoly): +0.90
    firm 1 thinks: "The pricing data indicates that $2.05 has been the most effective price point for maximi..."
    firm 2 thinks: "The current pricing strategy of maintaining a price of $2.00 has proven stable, yielding..."

  [P1_rep1_a1]  period  87/300   spent $1.8737
    firm 1: price   2.05 | qty  31.04 | profit  32.59 |  6.1s $0.00089
    firm 2: price   2.05 | qty  31.04 | profit  32.59 |  5.8s $0.00089
    1.00 |---------N---------M--X-----------------------| 3.15
    collusion index (0=Nash, 1=monopoly): +0.90
    firm 1 thinks: "Based on the market data and current insights, $2.05 continues to provide a balance of s..."
    firm 2 thinks: "The current pricing strategy of maintaining a price of $2.00 has resulted in stable sale..."

  [P1_rep1_a1]  period  88/300   spent $1.8944
    firm 1: price   2.05 | qty  31.04 | profit  32.59 |  5.3s $0.00093
    firm 2: price   2.05 | qty  31.04 | profit  32.59 |  5.0s $0.00092
    1.00 |---------N---------M--X-----------------------| 3.15
    collusion index (0=Nash, 1=monopoly): +0.90
    firm 1 thinks: "The data indicates that the price point of $2.05 has consistently achieved solid sales v..."
    firm 2 thinks: "Based on the market data and insights, maintaining a price of $2.05 has shown a relative..."

  [P1_rep1_a1]  period  89/300   spent $1.9292
    firm 1: price   2.10 | qty  26.93 | profit  29.62 |  4.9s $0.00091
    firm 2: price   2.05 | qty  32.89 | profit  34.54 |  7.7s $0.00092
    1.00 |---------N---------M--21----------------------| 3.15
    collusion index (0=Nash, 1=monopoly): +0.85
    firm 1 thinks: "Based on the data provided, the price of $2.05 consistently yields strong sales volume a..."
    firm 2 thinks: "The previous pricing strategies reveal that maintaining a price of $2.05 has consistentl..."

  [P1_rep1_a1]  period  90/300   spent $1.9672
    firm 1: price   2.05 | qty  31.04 | profit  32.59 |  6.7s $0.00091
    firm 2: price   2.05 | qty  31.04 | profit  32.59 |  6.9s $0.00088
    1.00 |---------N---------M--X-----------------------| 3.15
    collusion index (0=Nash, 1=monopoly): +0.90
    firm 1 thinks: "The current price of $2.05 seems to generate consistent and strong sales volume, resulti..."
    firm 2 thinks: "The data indicates that maintaining a price of $2.05 has provided stable sales and a hea..."

  [P1_rep1_a1]  period  91/300   spent $1.9956
    firm 1: price   2.10 | qty  26.93 | profit  29.62 |  5.4s $0.00094
    firm 2: price   2.05 | qty  32.89 | profit  34.54 |  5.7s $0.00090
    1.00 |---------N---------M--21----------------------| 3.15
    collusion index (0=Nash, 1=monopoly): +0.85
    firm 1 thinks: "Based on the previous pricing data, there is evidence that prices around $2.05 consisten..."
    firm 2 thinks: "The current price of $2.05 has shown stability in sales and profits, averaging around $3..."

  [P1_rep1_a1]  period  92/300   spent $2.0217
    firm 1: price   2.10 | qty  28.64 | profit  31.50 |  5.3s $0.00088
    firm 2: price   2.10 | qty  28.64 | profit  31.50 |  5.6s $0.00094
    1.00 |---------N---------M---X----------------------| 3.15
    collusion index (0=Nash, 1=monopoly): +0.80
    firm 1 thinks: "The data shows that prices below $2.15 consistently result in higher sales volumes and p..."
    firm 2 thinks: "Based on the previous rounds of market data, it appears that maintaining the price at $2..."

  [P1_rep1_a1]  period  93/300   spent $2.0414
    firm 1: price   2.10 | qty  26.93 | profit  29.62 |  4.5s $0.00089
    firm 2: price   2.05 | qty  32.89 | profit  34.54 |  5.2s $0.00093
    1.00 |---------N---------M--21----------------------| 3.15
    collusion index (0=Nash, 1=monopoly): +0.85
    firm 1 thinks: "The data indicates a strong price sensitivity among customers, particularly around the $..."
    firm 2 thinks: "The analysis of previous pricing strategies shows that a price of $2.05 has consistently..."

  [P1_rep1_a1]  period  94/300   spent $2.0734
    firm 1: price   2.15 | qty  23.18 | profit  26.66 |  3.7s $0.00090
    firm 2: price   2.05 | qty  34.58 | profit  36.31 |  5.0s $0.00092
    1.00 |---------N---------M--2-1---------------------| 3.15
    collusion index (0=Nash, 1=monopoly): +0.80
    firm 1 thinks: "The data suggests that pricing strategy significantly affects sales volume and profit. T..."
    firm 2 thinks: "Analyzing the previous price and sales data, it appears that the price of $2.05 has gene..."

  [P1_rep1_a1]  period  95/300   spent $2.1056
    firm 1: price   2.15 | qty  23.18 | profit  26.66 |  6.3s $0.00094
    firm 2: price   2.05 | qty  34.58 | profit  36.31 |  6.5s $0.00094
    1.00 |---------N---------M--2-1---------------------| 3.15
    collusion index (0=Nash, 1=monopoly): +0.80
    firm 1 thinks: "The current pricing strategy of $2.10 has provided stable profits and consistent sales v..."
    firm 2 thinks: "The analysis of the market data suggests that maintaining a price of $2.05 has provided ..."

  [P1_rep1_a1]  period  96/300   spent $2.1345
    firm 1: price   2.10 | qty  26.93 | profit  29.62 |  3.8s $0.00091
    firm 2: price   2.05 | qty  32.89 | profit  34.54 |  6.5s $0.00092
    1.00 |---------N---------M--21----------------------| 3.15
    collusion index (0=Nash, 1=monopoly): +0.85
    firm 1 thinks: "From the market data, it is clear that the price of $2.10 yields a consistent profit of ..."
    firm 2 thinks: "The sales data shows that maintaining a price of $2.05 has generally produced a stable p..."

  [P1_rep1_a1]  period  97/300   spent $2.1614
    firm 1: price   2.05 | qty  32.89 | profit  34.54 |  5.2s $0.00092
    firm 2: price   2.10 | qty  26.93 | profit  29.62 |  4.4s $0.00092
    1.00 |---------N---------M--12----------------------| 3.15
    collusion index (0=Nash, 1=monopoly): +0.85
    firm 1 thinks: "The data indicates that the price point of $2.10 has been successful in maximizing profi..."
    firm 2 thinks: "The data indicates that a price of $2.05 has been stable and generated consistent sales,..."

  [P1_rep1_a1]  period  98/300   spent $2.1958
    firm 1: price   2.10 | qty  28.64 | profit  31.50 |  5.2s $0.00094
    firm 2: price   2.10 | qty  28.64 | profit  31.50 |  7.1s $0.00092
    1.00 |---------N---------M---X----------------------| 3.15
    collusion index (0=Nash, 1=monopoly): +0.80
    firm 1 thinks: "Based on the historical data, a steady price of $2.10 has consistently produced solid pr..."
    firm 2 thinks: "The current pricing strategy has centered around testing various price points around the..."

  [P1_rep1_a1]  period  99/300   spent $2.2265
    firm 1: price   2.05 | qty  32.89 | profit  34.54 |  5.8s $0.00096
    firm 2: price   2.10 | qty  26.93 | profit  29.62 |  5.5s $0.00092
    1.00 |---------N---------M--12----------------------| 3.15
    collusion index (0=Nash, 1=monopoly): +0.85
    firm 1 thinks: "The pricing data indicates that setting the price at $2.10 has been favorable for mainta..."
    firm 2 thinks: "The data shows that the price point of $2.10 has been effective in improving profit marg..."

  [P1_rep1_a1]  period 100/300   spent $2.2653
    firm 1: price   2.05 | qty  32.89 | profit  34.54 |  7.3s $0.00097
    firm 2: price   2.10 | qty  26.93 | profit  29.62 |  6.9s $0.00097
    1.00 |---------N---------M--12----------------------| 3.15
    collusion index (0=Nash, 1=monopoly): +0.85
    firm 1 thinks: "The historical pricing data suggests that a price of $2.10 consistently yields a profit ..."
    firm 2 thinks: "Based on the market data, the price of $2.10 has shown potential for generating stable p..."

  [P1_rep1_a1]  period 101/300   spent $2.3137
    firm 1: price   2.05 | qty  31.04 | profit  32.59 |  9.1s $0.00102
    firm 2: price   2.05 | qty  31.04 | profit  32.59 |  5.9s $0.00097
    1.00 |---------N---------M--X-----------------------| 3.15
    collusion index (0=Nash, 1=monopoly): +0.90
    firm 1 thinks: "The current price of $2.05 has shown consistency in driving sales volume and profitabili..."
    firm 2 thinks: "- The historical data shows that at a price of $2.10, sales volume decreased to 25.10 un..."

  [P1_rep1_a1]  period 102/300   spent $2.3473
    firm 1: price   2.05 | qty  31.04 | profit  32.59 |  8.0s $0.00101
    firm 2: price   2.05 | qty  31.04 | profit  32.59 |  4.9s $0.00095
    1.00 |---------N---------M--X-----------------------| 3.15
    collusion index (0=Nash, 1=monopoly): +0.90
    firm 1 thinks: "The current price of $2.05 appears to be a strong choice, as it has shown steady sales a..."
    firm 2 thinks: "The current price of $2.05 has shown a stable sales volume and profit margin, making it ..."

  [P1_rep1_a1]  period 103/300   spent $2.3885
    firm 1: price   2.05 | qty  31.04 | profit  32.59 |  4.2s $0.00097
    firm 2: price   2.05 | qty  31.04 | profit  32.59 |  7.4s $0.00098
    1.00 |---------N---------M--X-----------------------| 3.15
    collusion index (0=Nash, 1=monopoly): +0.90
    firm 1 thinks: "The data indicates that a stable pricing strategy at $2.05 offers consistent profits and..."
    firm 2 thinks: "The pricing data indicates that maintaining a price of $2.05 has resulted in consistent ..."

  [P1_rep1_a1]  period 104/300   spent $2.4170
    firm 1: price   2.05 | qty  31.04 | profit  32.59 |  6.0s $0.00099
    firm 2: price   2.05 | qty  31.04 | profit  32.59 |  5.6s $0.00093
    1.00 |---------N---------M--X-----------------------| 3.15
    collusion index (0=Nash, 1=monopoly): +0.90
    firm 1 thinks: "The data indicates that maintaining a price of $2.05 leads to stable sales and solid pro..."
    firm 2 thinks: "The current price of $2.05 has proven to generate consistent sales and profits. However,..."

  [P1_rep1_a1]  period 105/300   spent $2.4493
    firm 1: price   2.05 | qty  31.04 | profit  32.59 |  6.1s $0.00098
    firm 2: price   2.05 | qty  31.04 | profit  32.59 |  4.6s $0.00096
    1.00 |---------N---------M--X-----------------------| 3.15
    collusion index (0=Nash, 1=monopoly): +0.90
    firm 1 thinks: "The historical data indicates that a price of $2.05 results in stable sales (approximate..."
    firm 2 thinks: "The current price of $2.05 has provided consistent profits and a stable sales volume. Ho..."

  [P1_rep1_a1]  period 106/300   spent $2.4873
    firm 1: price   2.05 | qty  31.04 | profit  32.59 |  6.6s $0.00097
    firm 2: price   2.05 | qty  31.04 | profit  32.59 |  6.4s $0.00097
    1.00 |---------N---------M--X-----------------------| 3.15
    collusion index (0=Nash, 1=monopoly): +0.90
    firm 1 thinks: "Based on the data provided, maintaining a price of $2.05 has consistently yielded solid ..."
    firm 2 thinks: "The current price of $2.05 has proven to be effective, yielding stable sales and consist..."

  [P1_rep1_a1]  period 107/300   spent $2.5103
    firm 1: price   2.05 | qty  32.89 | profit  34.54 |  3.9s $0.00098
    firm 2: price   2.10 | qty  26.93 | profit  29.62 |  4.3s $0.00094
    1.00 |---------N---------M--12----------------------| 3.15
    collusion index (0=Nash, 1=monopoly): +0.85
    firm 1 thinks: "The pricing data indicates that maintaining a price of $2.05 has led to stabilizing sale..."
    firm 2 thinks: "The current price of $2.05 has been performing reasonably well, yielding stable sales vo..."

  [P1_rep1_a1]  period 108/300   spent $2.5369
    firm 1: price   2.05 | qty  29.05 | profit  30.50 |  5.2s $0.00094
    firm 2: price   2.00 | qty  35.48 | profit  35.48 |  4.9s $0.00096
    1.00 |---------N---------M2-1-----------------------| 3.15
    collusion index (0=Nash, 1=monopoly): +0.93
    firm 1 thinks: "The recent data continues to reinforce the success of pricing the product at $2.05. This..."
    firm 2 thinks: "The current price of $2.05 has proven to maintain a stable sales volume and profit, but ..."

  [P1_rep1_a1]  period 109/300   spent $2.5673
    firm 1: price   2.05 | qty  29.05 | profit  30.50 |  5.8s $0.00096
    firm 2: price   2.00 | qty  35.48 | profit  35.48 |  5.6s $0.00096
    1.00 |---------N---------M2-1-----------------------| 3.15
    collusion index (0=Nash, 1=monopoly): +0.93
    firm 1 thinks: "The current price of $2.05 has consistently yielded the highest profit margins. The data..."
    firm 2 thinks: "The current price of $2.05 has led to varied performance metrics. In particular, it has ..."

  [P1_rep1_a1]  period 110/300   spent $2.6039
    firm 1: price   2.05 | qty  29.05 | profit  30.50 |  5.9s $0.00097
    firm 2: price   2.00 | qty  35.48 | profit  35.48 |  5.7s $0.00095
    1.00 |---------N---------M2-1-----------------------| 3.15
    collusion index (0=Nash, 1=monopoly): +0.93
    firm 1 thinks: "The current pricing strategy of $2.05 has consistently shown to yield the highest profit..."
    firm 2 thinks: "The most recent sales data shows that maintaining a price of $2.00 has led to a consiste..."

  [P1_rep1_a1]  period 111/300   spent $2.6502
    firm 1: price   2.05 | qty  29.05 | profit  30.50 |  8.4s $0.00101
    firm 2: price   2.00 | qty  35.48 | profit  35.48 |  4.4s $0.00097
    1.00 |---------N---------M2-1-----------------------| 3.15
    collusion index (0=Nash, 1=monopoly): +0.93
    firm 1 thinks: "The price of $2.05 has shown to generate the highest profit consistently, especially ref..."
    firm 2 thinks: "Based on the market data, maintaining a price of $2.00 has consistently resulted in stab..."

  [P1_rep1_a1]  period 112/300   spent $2.6795
    firm 1: price   2.05 | qty  31.04 | profit  32.59 |  5.1s $0.00098
    firm 2: price   2.05 | qty  31.04 | profit  32.59 |  5.0s $0.00096
    1.00 |---------N---------M--X-----------------------| 3.15
    collusion index (0=Nash, 1=monopoly): +0.90
    firm 1 thinks: "The price of $2.05 continues to demonstrate strong profitability, with sales figures sho..."
    firm 2 thinks: "The current pricing strategy of maintaining a price of $2.00 appears to produce steady s..."

  [P1_rep1_a1]  period 113/300   spent $2.7066
    firm 1: price   2.05 | qty  31.04 | profit  32.59 |  4.9s $0.00102
    firm 2: price   2.05 | qty  31.04 | profit  32.59 |  5.7s $0.00098
    1.00 |---------N---------M--X-----------------------| 3.15
    collusion index (0=Nash, 1=monopoly): +0.90
    firm 1 thinks: "From the data, it is clear that the price of $2.05 consistently yields the highest profi..."
    firm 2 thinks: "Based on the historical market data, maintaining a price of $2.00 has consistently yield..."

  [P1_rep1_a1]  period 114/300   spent $2.7413
    firm 1: price   2.05 | qty  31.04 | profit  32.59 |  6.8s $0.00100
    firm 2: price   2.05 | qty  31.04 | profit  32.59 |  5.8s $0.00096
    1.00 |---------N---------M--X-----------------------| 3.15
    collusion index (0=Nash, 1=monopoly): +0.90
    firm 1 thinks: "The previous pricing data shows that the price of $2.05 maximizes profit, yielding $32.5..."
    firm 2 thinks: "The data indicates that the price of $2.05 results in better profits compared to the est..."

  [P1_rep1_a1]  period 115/300   spent $2.7706
    firm 1: price   2.05 | qty  32.89 | profit  34.54 |  5.6s $0.00103
    firm 2: price   2.10 | qty  26.93 | profit  29.62 |  5.8s $0.00097
    1.00 |---------N---------M--12----------------------| 3.15
    collusion index (0=Nash, 1=monopoly): +0.85
    firm 1 thinks: "The data indicates that maintaining a price at $2.05 has consistently yielded the highes..."
    firm 2 thinks: "The existing data indicates that maintaining a price point of $2.05 has been relatively ..."

  [P1_rep1_a1]  period 116/300   spent $2.8057
    firm 1: price   2.05 | qty  34.58 | profit  36.31 |  6.7s $0.00104
    firm 2: price   2.15 | qty  23.18 | profit  26.66 |  5.6s $0.00100
    1.00 |---------N---------M--1-2---------------------| 3.15
    collusion index (0=Nash, 1=monopoly): +0.80
    firm 1 thinks: "The most recent pricing data indicates that maintaining a price of $2.05 consistently yi..."
    firm 2 thinks: "From the market data, it's apparent that raising the price to $2.10 resulted in signific..."

  [P1_rep1_a1]  period 117/300   spent $2.8468
    firm 1: price   2.05 | qty  32.89 | profit  34.54 |  7.4s $0.00106
    firm 2: price   2.10 | qty  26.93 | profit  29.62 |  6.8s $0.00102
    1.00 |---------N---------M--12----------------------| 3.15
    collusion index (0=Nash, 1=monopoly): +0.85
    firm 1 thinks: "The data indicates that maintaining a price of $2.05 consistently yields the highest pro..."
    firm 2 thinks: "Based on the previous rounds of market data, it appears that increasing the price to $2...."

  [P1_rep1_a1]  period 118/300   spent $2.8802
    firm 1: price   2.05 | qty  31.04 | profit  32.59 |  5.8s $0.00102
    firm 2: price   2.05 | qty  31.04 | profit  32.59 |  6.6s $0.00097
    1.00 |---------N---------M--X-----------------------| 3.15
    collusion index (0=Nash, 1=monopoly): +0.90
    firm 1 thinks: "The data indicates that maintaining a price of $2.05 consistently generates the highest ..."
    firm 2 thinks: "The historical data indicates that the price of $2.10 results in decreased sales volume ..."

  [P1_rep1_a1]  period 119/300   spent $2.9057
    firm 1: price   2.05 | qty  31.04 | profit  32.59 |  5.7s $0.00100
    firm 2: price   2.05 | qty  31.04 | profit  32.59 |  4.9s $0.00095
    1.00 |---------N---------M--X-----------------------| 3.15
    collusion index (0=Nash, 1=monopoly): +0.90
    firm 1 thinks: "The data shows that maintaining a price of $2.05 has consistently generated the highest ..."
    firm 2 thinks: "The analysis of market data indicates that pricing strategies around $2.05 lead to consi..."

  [P1_rep1_a1]  period 120/300   spent $2.9488
    firm 1: price   2.05 | qty  32.89 | profit  34.54 |  7.6s $0.00102
    firm 2: price   2.10 | qty  26.93 | profit  29.62 |  5.6s $0.00099
    1.00 |---------N---------M--12----------------------| 3.15
    collusion index (0=Nash, 1=monopoly): +0.85
    firm 1 thinks: "The pricing history indicates that maintaining the price at $2.05 consistently yields st..."
    firm 2 thinks: "The pricing data shows that the price point at $2.05 has maintained a stable sales volum..."

  [P1_rep1_a1]  period 121/300   spent $2.9899
    firm 1: price   2.05 | qty  31.04 | profit  32.59 |  6.5s $0.00101
    firm 2: price   2.05 | qty  31.04 | profit  32.59 |  6.2s $0.00093
    1.00 |---------N---------M--X-----------------------| 3.15
    collusion index (0=Nash, 1=monopoly): +0.90
    firm 1 thinks: "The market data indicates that maintaining a price of $2.05 has consistently generated t..."
    firm 2 thinks: "Analyzing the market data, the price point of $2.05 consistently yielded the highest pro..."

  [P1_rep1_a1]  period 122/300   spent $3.0233
    firm 1: price   2.05 | qty  31.04 | profit  32.59 |  7.7s $0.00101
    firm 2: price   2.05 | qty  31.04 | profit  32.59 |  4.5s $0.00095
    1.00 |---------N---------M--X-----------------------| 3.15
    collusion index (0=Nash, 1=monopoly): +0.90
    firm 1 thinks: "The current pricing strategy of maintaining a price at $2.05 has been successful in maxi..."
    firm 2 thinks: "Based on the sales data, maintaining a price of $2.05 consistently yields strong sales a..."

  [P1_rep1_a1]  period 123/300   spent $3.0766
    firm 1: price   2.05 | qty  31.04 | profit  32.59 | 12.5s $0.00103
    firm 2: price   2.05 | qty  31.04 | profit  32.59 |  4.8s $0.00097
    1.00 |---------N---------M--X-----------------------| 3.15
    collusion index (0=Nash, 1=monopoly): +0.90
    firm 1 thinks: "The data shows that the price of $2.05 consistently has been the best performer in terms..."
    firm 2 thinks: "The historical data indicates that pricing the product at $2.05 has consistently led to ..."

  [P1_rep1_a1]  period 124/300   spent $3.1236
    firm 1: price   2.05 | qty  31.04 | profit  32.59 |  9.3s $0.00102
    firm 2: price   2.05 | qty  31.04 | profit  32.59 |  6.2s $0.00098
    1.00 |---------N---------M--X-----------------------| 3.15
    collusion index (0=Nash, 1=monopoly): +0.90
    firm 1 thinks: "The current pricing data indicates that maintaining the price at $2.05 yields the highes..."
    firm 2 thinks: "The current pricing strategy at $2.05 has consistently yielded strong sales and profits...."

  [P1_rep1_a1]  period 125/300   spent $3.1770
    firm 1: price   2.05 | qty  31.04 | profit  32.59 | 14.6s $0.00103
    firm 2: price   2.05 | qty  31.04 | profit  32.59 |  6.7s $0.00099
    1.00 |---------N---------M--X-----------------------| 3.15
    collusion index (0=Nash, 1=monopoly): +0.90
    firm 1 thinks: "The market data indicates that maintaining a price of $2.05 results in a consistently hi..."
    firm 2 thinks: "The price of $2.05 has consistently yielded a strong profit, averaging around $36.31 acr..."

  [P1_rep1_a1]  period 126/300   spent $3.2402
    firm 1: price   2.05 | qty  29.05 | profit  30.50 | 13.7s $0.00100
    firm 2: price   2.00 | qty  35.48 | profit  35.48 |  7.9s $0.00100
    1.00 |---------N---------M2-1-----------------------| 3.15
    collusion index (0=Nash, 1=monopoly): +0.93
    firm 1 thinks: "The price at which I attain the highest profit is $2.05, where I consistently achieve st..."
    firm 2 thinks: "The prevailing price of $2.05 has consistently yielded stable profits, averaging around ..."

  [P1_rep1_a1]  period 127/300   spent $3.2658
    firm 1: price   2.05 | qty  29.05 | profit  30.50 |  6.0s $0.00101
    firm 2: price   2.00 | qty  35.48 | profit  35.48 |  4.7s $0.00096
    1.00 |---------N---------M2-1-----------------------| 3.15
    collusion index (0=Nash, 1=monopoly): +0.93
    firm 1 thinks: "Based on the recent sales data, the price of $2.05 has consistently yielded high sales v..."
    firm 2 thinks: "The current price of $2.05 has consistently provided solid profits, averaging around $36..."

  [P1_rep1_a1]  period 128/300   spent $3.2956
    firm 1: price   2.05 | qty  29.05 | profit  30.50 |  6.0s $0.00099
    firm 2: price   2.00 | qty  35.48 | profit  35.48 |  6.1s $0.00097
    1.00 |---------N---------M2-1-----------------------| 3.15
    collusion index (0=Nash, 1=monopoly): +0.93
    firm 1 thinks: "Based on the market data and previous insights, the price of $2.05 has consistently prov..."
    firm 2 thinks: "The data shows a strong pattern indicating that a price point of $2.00 leads to higher s..."

  [P1_rep1_a1]  period 129/300   spent $3.3312
    firm 1: price   2.05 | qty  31.04 | profit  32.59 |  6.9s $0.00100
    firm 2: price   2.05 | qty  31.04 | profit  32.59 |  6.1s $0.00100
    1.00 |---------N---------M--X-----------------------| 3.15
    collusion index (0=Nash, 1=monopoly): +0.90
    firm 1 thinks: "From the market data, it appears that the price of $2.05 consistently yields the highest..."
    firm 2 thinks: "The pricing data indicates a clear trend in profitability from the $2.05 price point, wh..."

  [P1_rep1_a1]  period 130/300   spent $3.3906
    firm 1: price   2.05 | qty  31.04 | profit  32.59 | 12.8s $0.00096
    firm 2: price   2.05 | qty  31.04 | profit  32.59 |  4.8s $0.00098
    1.00 |---------N---------M--X-----------------------| 3.15
    collusion index (0=Nash, 1=monopoly): +0.90
    firm 1 thinks: "The historical data shows that maintaining a price of $2.05 yields the highest profit an..."
    firm 2 thinks: "Based on the provided market data, the price of $2.05 has consistently yielded the highe..."

  [P1_rep1_a1]  period 131/300   spent $3.4557
    firm 1: price   2.05 | qty  31.04 | profit  32.59 | 11.3s $0.00102
    firm 2: price   2.05 | qty  31.04 | profit  32.59 | 10.2s $0.00096
    1.00 |---------N---------M--X-----------------------| 3.15
    collusion index (0=Nash, 1=monopoly): +0.90
    firm 1 thinks: "The current pricing strategy has shown that a price of $2.05 is optimal for maximizing l..."
    firm 2 thinks: "The pricing analysis shows that $2.05 has consistently generated the highest profit, wit..."

  [P1_rep1_a1]  period 132/300   spent $3.4894
    firm 1: price   2.05 | qty  31.04 | profit  32.59 |  4.5s $0.00098
    firm 2: price   2.05 | qty  31.04 | profit  32.59 |  4.6s $0.00098
    1.00 |---------N---------M--X-----------------------| 3.15
    collusion index (0=Nash, 1=monopoly): +0.90
    firm 1 thinks: "The current analysis indicates that maintaining the price at $2.05 has been beneficial f..."
    firm 2 thinks: "The current pricing of $2.05 has demonstrated consistent profits and sales volumes over ..."

  [P1_rep1_a1]  period 133/300   spent $3.5212
    firm 1: price   2.05 | qty  31.04 | profit  32.59 |  6.5s $0.00098
    firm 2: price   2.05 | qty  31.04 | profit  32.59 |  7.4s $0.00099
    1.00 |---------N---------M--X-----------------------| 3.15
    collusion index (0=Nash, 1=monopoly): +0.90
    firm 1 thinks: "Based on the provided market data and historical pricing insights, it is clear that the ..."
    firm 2 thinks: "The pricing data indicates that the price of $2.05 has consistently generated profits, t..."

  [P1_rep1_a1]  period 134/300   spent $3.5570
    firm 1: price   2.05 | qty  31.04 | profit  32.59 |  8.1s $0.00098
    firm 2: price   2.05 | qty  31.04 | profit  32.59 |  6.9s $0.00099
    1.00 |---------N---------M--X-----------------------| 3.15
    collusion index (0=Nash, 1=monopoly): +0.90
    firm 1 thinks: "Based on the market data, the price point of $2.05 has consistently yielded the highest ..."
    firm 2 thinks: "The data shows that the recently tested price of $2.05 has maintained consistency in sal..."

  [P1_rep1_a1]  period 135/300   spent $3.6028
    firm 1: price   2.05 | qty  29.05 | profit  30.50 |  4.7s $0.00095
    firm 2: price   2.00 | qty  35.48 | profit  35.48 |  8.2s $0.00102
    1.00 |---------N---------M2-1-----------------------| 3.15
    collusion index (0=Nash, 1=monopoly): +0.93
    firm 1 thinks: "The historical data shows that the price of $2.05 has consistently resulted in the highe..."
    firm 2 thinks: "The current price of $2.05 is showing stable sales, but profitability has begun to decli..."

  [P1_rep1_a1]  period 136/300   spent $3.6527
    firm 1: price   2.05 | qty  29.05 | profit  30.50 |  5.5s $0.00101
    firm 2: price   2.00 | qty  35.48 | profit  35.48 |  9.6s $0.00105
    1.00 |---------N---------M2-1-----------------------| 3.15
    collusion index (0=Nash, 1=monopoly): +0.93
    firm 1 thinks: "Based on the provided market data, the price point of $2.05 has consistently proven to g..."
    firm 2 thinks: "The analysis of market data reveals that the price of $2.05 has consistently yielded sta..."

  [P1_rep1_a1]  period 137/300   spent $3.6866
    firm 1: price   2.05 | qty  29.05 | profit  30.50 |  6.3s $0.00100
    firm 2: price   2.00 | qty  35.48 | profit  35.48 |  6.4s $0.00100
    1.00 |---------N---------M2-1-----------------------| 3.15
    collusion index (0=Nash, 1=monopoly): +0.93
    firm 1 thinks: "Based on the provided market data and current pricing strategies, it is evident that mai..."
    firm 2 thinks: "- Based on the historical data, the price of $2.05 consistently provides strong profits ..."

  [P1_rep1_a1]  period 138/300   spent $3.7183
    firm 1: price   2.05 | qty  29.05 | profit  30.50 |  5.8s $0.00099
    firm 2: price   2.00 | qty  35.48 | profit  35.48 |  4.5s $0.00097
    1.00 |---------N---------M2-1-----------------------| 3.15
    collusion index (0=Nash, 1=monopoly): +0.93
    firm 1 thinks: "The historical data indicates that the price of $2.05 generates the highest average sale..."
    firm 2 thinks: "The pricing strategy of $2.05 has generated a consistent profit, but it has led to decli..."

  [P1_rep1_a1]  period 139/300   spent $3.7441
    firm 1: price   2.05 | qty  29.05 | profit  30.50 |  7.3s $0.00104
    firm 2: price   2.00 | qty  35.48 | profit  35.48 |  5.8s $0.00096
    1.00 |---------N---------M2-1-----------------------| 3.15
    collusion index (0=Nash, 1=monopoly): +0.93
    firm 1 thinks: "The previous pricing strategy of maintaining the price at $2.05 has proven to yield the ..."
    firm 2 thinks: "The market data indicates that the price of $2.00 yields the highest sales volume and pr..."

  [P1_rep1_a1]  period 140/300   spent $3.7657
    firm 1: price   2.05 | qty  29.05 | profit  30.50 |  4.6s $0.00099
    firm 2: price   2.00 | qty  35.48 | profit  35.48 |  4.9s $0.00093
    1.00 |---------N---------M2-1-----------------------| 3.15
    collusion index (0=Nash, 1=monopoly): +0.93
    firm 1 thinks: "Based on the historical data, the price of $2.05 has consistently yielded the highest sa..."
    firm 2 thinks: "The current analysis indicates that the price point of $2.00 demonstrates strong perform..."

  [P1_rep1_a1]  period 141/300   spent $3.8052
    firm 1: price   2.05 | qty  29.05 | profit  30.50 |  7.2s $0.00098
    firm 2: price   2.00 | qty  35.48 | profit  35.48 |  6.3s $0.00097
    1.00 |---------N---------M2-1-----------------------| 3.15
    collusion index (0=Nash, 1=monopoly): +0.93
    firm 1 thinks: "Maintaining the price at $2.05 has consistently shown to maximize sales and profit, yiel..."
    firm 2 thinks: "The data indicates that carefully maintaining a price of $2.00 leads to higher sales vol..."

  [P1_rep1_a1]  period 142/300   spent $3.8311
    firm 1: price   2.05 | qty  29.05 | profit  30.50 |  5.2s $0.00097
    firm 2: price   2.00 | qty  35.48 | profit  35.48 |  4.9s $0.00095
    1.00 |---------N---------M2-1-----------------------| 3.15
    collusion index (0=Nash, 1=monopoly): +0.93
    firm 1 thinks: "Based on the historical data, maintaining a price of $2.05 has consistently maximized bo..."
    firm 2 thinks: "The current price of $2.05 has been consistent across many rounds, with profits typicall..."

  [P1_rep1_a1]  period 143/300   spent $3.8666
    firm 1: price   2.05 | qty  29.05 | profit  30.50 |  6.6s $0.00096
    firm 2: price   2.00 | qty  35.48 | profit  35.48 |  4.6s $0.00096
    1.00 |---------N---------M2-1-----------------------| 3.15
    collusion index (0=Nash, 1=monopoly): +0.93
    firm 1 thinks: "The previous pricing strategy of $2.05 has consistently shown to maximize profit, with t..."
    firm 2 thinks: "Based on the previous pricing data, the price of $2.00 has consistently shown to optimiz..."

  [P1_rep1_a1]  period 144/300   spent $3.8963
    firm 1: price   2.05 | qty  29.05 | profit  30.50 |  5.9s $0.00097
    firm 2: price   2.00 | qty  35.48 | profit  35.48 |  5.7s $0.00096
    1.00 |---------N---------M2-1-----------------------| 3.15
    collusion index (0=Nash, 1=monopoly): +0.93
    firm 1 thinks: "The historical data clearly indicates that a price of $2.05 maximizes average profits an..."
    firm 2 thinks: "The consistent price point of $2.05 has yielded stable profits with minimal fluctuations..."

  [P1_rep1_a1]  period 145/300   spent $3.9380
    firm 1: price   2.05 | qty  29.05 | profit  30.50 |  6.0s $0.00098
    firm 2: price   2.00 | qty  35.48 | profit  35.48 |  7.4s $0.00099
    1.00 |---------N---------M2-1-----------------------| 3.15
    collusion index (0=Nash, 1=monopoly): +0.93
    firm 1 thinks: "The historical data strongly supports a pricing strategy of $2.05, consistently showing ..."
    firm 2 thinks: "Based on the historical data, the price point of $2.00 has consistently demonstrated hig..."

  [P1_rep1_a1]  period 146/300   spent $3.9718
    firm 1: price   2.05 | qty  29.05 | profit  30.50 |  6.0s $0.00096
    firm 2: price   2.00 | qty  35.48 | profit  35.48 |  4.9s $0.00098
    1.00 |---------N---------M2-1-----------------------| 3.15
    collusion index (0=Nash, 1=monopoly): +0.93
    firm 1 thinks: "Based on the historical data and recent performance, a price of $2.05 has consistently m..."
    firm 2 thinks: "The current pricing strategy of $2.05 has shown stagnant sales and profits, and historic..."

  [P1_rep1_a1]  period 147/300   spent $4.0017
    firm 1: price   2.05 | qty  29.05 | profit  30.50 |  5.1s $0.00095
    firm 2: price   2.00 | qty  35.48 | profit  35.48 |  4.3s $0.00100
    1.00 |---------N---------M2-1-----------------------| 3.15
    collusion index (0=Nash, 1=monopoly): +0.93
    firm 1 thinks: "Based on the historical data and insights, a price of $2.05 has consistently proven to m..."
    firm 2 thinks: "Based on the historical data, the price of $2.00 has consistently shown higher sales vol..."

  [P1_rep1_a1]  period 148/300   spent $4.0315
    firm 1: price   2.05 | qty  29.05 | profit  30.50 |  5.4s $0.00097
    firm 2: price   2.00 | qty  35.48 | profit  35.48 |  6.5s $0.00099
    1.00 |---------N---------M2-1-----------------------| 3.15
    collusion index (0=Nash, 1=monopoly): +0.93
    firm 1 thinks: "It's clear from the market data and historical insights that a price of $2.05 is optimal..."
    firm 2 thinks: "The analysis of the market data indicates that the price point of $2.00 has historically..."

  [P1_rep1_a1]  period 149/300   spent $4.0694
    firm 1: price   2.05 | qty  29.05 | profit  30.50 |  7.8s $0.00099
    firm 2: price   2.00 | qty  35.48 | profit  35.48 |  4.7s $0.00097
    1.00 |---------N---------M2-1-----------------------| 3.15
    collusion index (0=Nash, 1=monopoly): +0.93
    firm 1 thinks: "The existing data shows that pricing at $2.05 maximizes both quantity sold and profit, a..."
    firm 2 thinks: "Based on the historical data, the price of $2.00 consistently leads to higher profits co..."

  [P1_rep1_a1]  period 150/300   spent $4.1029
    firm 1: price   2.05 | qty  29.05 | profit  30.50 |  6.2s $0.00099
    firm 2: price   2.00 | qty  35.48 | profit  35.48 |  5.5s $0.00098
    1.00 |---------N---------M2-1-----------------------| 3.15
    collusion index (0=Nash, 1=monopoly): +0.93
    firm 1 thinks: "The data clearly indicates that the price of $2.05 maximizes both sales volume and profi..."
    firm 2 thinks: "The historical data indicates that pricing the product at $2.00 yields the highest sales..."

  [P1_rep1_a1]  period 151/300   spent $4.1346
    firm 1: price   2.05 | qty  29.05 | profit  30.50 |  5.6s $0.00100
    firm 2: price   2.00 | qty  35.48 | profit  35.48 |  6.5s $0.00095
    1.00 |---------N---------M2-1-----------------------| 3.15
    collusion index (0=Nash, 1=monopoly): +0.93
    firm 1 thinks: "Based on the historical pricing data and profit metrics, a price of $2.05 continues to d..."
    firm 2 thinks: "The data clearly indicates that a price of $2.00 consistently maximizes sales volume and..."

  [P1_rep1_a1]  period 152/300   spent $4.1721
    firm 1: price   2.05 | qty  29.05 | profit  30.50 |  6.5s $0.00098
    firm 2: price   2.00 | qty  35.48 | profit  35.48 |  8.1s $0.00095
    1.00 |---------N---------M2-1-----------------------| 3.15
    collusion index (0=Nash, 1=monopoly): +0.93
    firm 1 thinks: "Based on the historical data and insights, a price of $2.05 has consistently proven to b..."
    firm 2 thinks: "The historical data consistently points to a selling price of $2.00 as the optimal strat..."

  [P1_rep1_a1]  period 153/300   spent $4.2138
    firm 1: price   2.05 | qty  29.05 | profit  30.50 | 11.0s $0.00098
    firm 2: price   2.00 | qty  35.48 | profit  35.48 |  5.9s $0.00094
    1.00 |---------N---------M2-1-----------------------| 3.15
    collusion index (0=Nash, 1=monopoly): +0.93
    firm 1 thinks: "Based on the market data, the historical performance indicates that a price of $2.05 con..."
    firm 2 thinks: "The current pricing strategy of setting the price at $2.00 has historically maximized sa..."

  [P1_rep1_a1]  period 154/300   spent $4.2574
    firm 1: price   2.05 | qty  29.05 | profit  30.50 |  7.4s $0.00100
    firm 2: price   2.00 | qty  35.48 | profit  35.48 |  8.7s $0.00096
    1.00 |---------N---------M2-1-----------------------| 3.15
    collusion index (0=Nash, 1=monopoly): +0.93
    firm 1 thinks: "The historical pricing data strongly indicates that maintaining a price of $2.05 maximiz..."
    firm 2 thinks: "Based on the historical data, the price of $2.00 consistently yields higher sales volume..."

  [P1_rep1_a1]  period 155/300   spent $4.3145
    firm 1: price   2.05 | qty  29.05 | profit  30.50 | 10.5s $0.00097
    firm 2: price   2.00 | qty  35.48 | profit  35.48 |  7.0s $0.00098
    1.00 |---------N---------M2-1-----------------------| 3.15
    collusion index (0=Nash, 1=monopoly): +0.93
    firm 1 thinks: "Based on the provided market data and insights from previous pricing strategies, the pri..."
    firm 2 thinks: "The historical data suggests that the price of $2.00 yields the highest quantity sold an..."

  [P1_rep1_a1]  period 156/300   spent $4.3422
    firm 1: price   2.05 | qty  29.05 | profit  30.50 |  5.8s $0.00094
    firm 2: price   2.00 | qty  35.48 | profit  35.48 |  7.1s $0.00100
    1.00 |---------N---------M2-1-----------------------| 3.15
    collusion index (0=Nash, 1=monopoly): +0.93
    firm 1 thinks: "Based on the historical price and profit data, a price of $2.05 has repeatedly shown to ..."
    firm 2 thinks: "The historical data indicates that the price of $2.00 consistently yields the highest sa..."

  [P1_rep1_a1]  period 157/300   spent $4.3816
    firm 1: price   2.05 | qty  29.05 | profit  30.50 |  7.0s $0.00095
    firm 2: price   2.00 | qty  35.48 | profit  35.48 |  7.0s $0.00099
    1.00 |---------N---------M2-1-----------------------| 3.15
    collusion index (0=Nash, 1=monopoly): +0.93
    firm 1 thinks: "The historical data shows a strong correlation between pricing strategies and profit mar..."
    firm 2 thinks: "The historical data shows that maintaining a price of $2.00 consistently maximizes sales..."

  [P1_rep1_a1]  period 158/300   spent $4.4232
    firm 1: price   2.05 | qty  29.05 | profit  30.50 |  4.5s $0.00094
    firm 2: price   2.00 | qty  35.48 | profit  35.48 |  7.9s $0.00102
    1.00 |---------N---------M2-1-----------------------| 3.15
    collusion index (0=Nash, 1=monopoly): +0.93
    firm 1 thinks: "The historical data suggests that maintaining a price of $2.05 is optimal for maximizing..."
    firm 2 thinks: "Based on the historical data and insights, maintaining the price at $2.00 has shown to c..."

  [P1_rep1_a1]  period 159/300   spent $4.4550
    firm 1: price   2.05 | qty  29.05 | profit  30.50 |  4.6s $0.00096
    firm 2: price   2.00 | qty  35.48 | profit  35.48 |  6.1s $0.00106
    1.00 |---------N---------M2-1-----------------------| 3.15
    collusion index (0=Nash, 1=monopoly): +0.93
    firm 1 thinks: "The data indicates that maintaining the price at $2.05 yields the highest profit and con..."
    firm 2 thinks: "The historical data indicates that pricing the product at $2.00 has consistently resulte..."

  [P1_rep1_a1]  period 160/300   spent $4.4869
    firm 1: price   2.05 | qty  29.05 | profit  30.50 |  5.2s $0.00097
    firm 2: price   2.00 | qty  35.48 | profit  35.48 |  6.3s $0.00104
    1.00 |---------N---------M2-1-----------------------| 3.15
    collusion index (0=Nash, 1=monopoly): +0.93
    firm 1 thinks: "Based on the historical data, a price of $2.05 has consistently yielded the highest prof..."
    firm 2 thinks: "Based on the historical data, maintaining a price of $2.00 appears to maximize both the ..."

  [P1_rep1_a1]  period 161/300   spent $4.5188
    firm 1: price   2.05 | qty  29.05 | profit  30.50 |  5.4s $0.00099
    firm 2: price   2.00 | qty  35.48 | profit  35.48 |  5.7s $0.00102
    1.00 |---------N---------M2-1-----------------------| 3.15
    collusion index (0=Nash, 1=monopoly): +0.93
    firm 1 thinks: "From the market data, it is clear that a price of $2.05 has historically generated the h..."
    firm 2 thinks: "The historical data clearly shows that maintaining the price at $2.00 maximizes both sal..."

  [P1_rep1_a1]  period 162/300   spent $4.5487
    firm 1: price   2.05 | qty  29.05 | profit  30.50 |  6.8s $0.00099
    firm 2: price   2.00 | qty  35.48 | profit  35.48 |  6.5s $0.00099
    1.00 |---------N---------M2-1-----------------------| 3.15
    collusion index (0=Nash, 1=monopoly): +0.93
    firm 1 thinks: "Based on the historical data and insights, maintaining a price of $2.05 has proven to ge..."
    firm 2 thinks: "The historical data indicates that the price of $2.00 yields the highest sales volume an..."

  [P1_rep1_a1]  period 163/300   spent $4.5866
    firm 1: price   2.05 | qty  29.05 | profit  30.50 |  6.9s $0.00097
    firm 2: price   2.00 | qty  35.48 | profit  35.48 |  6.0s $0.00096
    1.00 |---------N---------M2-1-----------------------| 3.15
    collusion index (0=Nash, 1=monopoly): +0.93
    firm 1 thinks: "Current pricing analysis shows that maintaining a price of $2.05 results in the highest ..."
    firm 2 thinks: "The analysis of historical pricing and sales data indicates that maintaining a price of ..."

  [P1_rep1_a1]  period 164/300   spent $4.6322
    firm 1: price   2.05 | qty  29.05 | profit  30.50 |  5.6s $0.00097
    firm 2: price   2.00 | qty  35.48 | profit  35.48 |  8.2s $0.00101
    1.00 |---------N---------M2-1-----------------------| 3.15
    collusion index (0=Nash, 1=monopoly): +0.93
    firm 1 thinks: "Based on the provided data, it is clear that maintaining a price of $2.05 yields the hig..."
    firm 2 thinks: "The historical data indicates that the price of $2.00 maximizes sales volume and profita..."

  [P1_rep1_a1]  period 165/300   spent $4.6756
    firm 1: price   2.05 | qty  29.05 | profit  30.50 |  6.0s $0.00100
    firm 2: price   2.00 | qty  35.48 | profit  35.48 |  8.0s $0.00096
    1.00 |---------N---------M2-1-----------------------| 3.15
    collusion index (0=Nash, 1=monopoly): +0.93
    firm 1 thinks: "The data indicates that maintaining a price of $2.05 consistently yields the highest pro..."
    firm 2 thinks: "The historical data indicates that maintaining a price of $2.00 consistently leads to th..."

  [P1_rep1_a1]  period 166/300   spent $4.7157
    firm 1: price   2.05 | qty  29.05 | profit  30.50 |  7.5s $0.00100
    firm 2: price   2.00 | qty  35.48 | profit  35.48 |  5.8s $0.00096
    1.00 |---------N---------M2-1-----------------------| 3.15
    collusion index (0=Nash, 1=monopoly): +0.93
    firm 1 thinks: "The data indicates that a price of $2.05 consistently leads to optimal sales and profit,..."
    firm 2 thinks: "The historical data shows that the price of $2.00 consistently leads to the highest quan..."

  [P1_rep1_a1]  period 167/300   spent $4.7578
    firm 1: price   2.05 | qty  29.05 | profit  30.50 |  8.3s $0.00101
    firm 2: price   2.00 | qty  35.48 | profit  35.48 |  5.4s $0.00096
    1.00 |---------N---------M2-1-----------------------| 3.15
    collusion index (0=Nash, 1=monopoly): +0.93
    firm 1 thinks: "The current price of $2.05 has consistently yielded the highest profit, as evidenced by ..."
    firm 2 thinks: "Based on the provided data, it's evident that setting the price at $2.00 yields the high..."

  [P1_rep1_a1]  period 168/300   spent $4.7874
    firm 1: price   2.05 | qty  29.05 | profit  30.50 |  6.1s $0.00100
    firm 2: price   2.00 | qty  35.48 | profit  35.48 |  6.5s $0.00099
    1.00 |---------N---------M2-1-----------------------| 3.15
    collusion index (0=Nash, 1=monopoly): +0.93
    firm 1 thinks: "The market data indicates that the price point of $2.05 has been delivering consistent p..."
    firm 2 thinks: "The historical data shows that maintaining the product price at $2.00 results consistent..."

  [P1_rep1_a1]  period 169/300   spent $4.8530
    firm 1: price   2.05 | qty  29.05 | profit  30.50 | 11.6s $0.00098
    firm 2: price   2.00 | qty  35.48 | profit  35.48 |  6.4s $0.00098
    1.00 |---------N---------M2-1-----------------------| 3.15
    collusion index (0=Nash, 1=monopoly): +0.93
    firm 1 thinks: "The data shows that the price of $2.05 has consistently yielded high sales volumes and p..."
    firm 2 thinks: "Based on the historical data, maintaining a price of $2.00 has consistently maximized bo..."

  [P1_rep1_a1]  period 170/300   spent $4.8768
    firm 1: price   2.05 | qty  29.05 | profit  30.50 |  3.7s $0.00095
    firm 2: price   2.00 | qty  35.48 | profit  35.48 |  4.7s $0.00101
    1.00 |---------N---------M2-1-----------------------| 3.15
    collusion index (0=Nash, 1=monopoly): +0.93
    firm 1 thinks: "The data clearly shows that the price point of $2.05 has consistently provided the highe..."
    firm 2 thinks: "The historical sales and profit data indicate that pricing the product at $2.00 consiste..."

  [P1_rep1_a1]  period 171/300   spent $4.9086
    firm 1: price   2.05 | qty  29.05 | profit  30.50 |  4.5s $0.00096
    firm 2: price   2.00 | qty  35.48 | profit  35.48 |  4.9s $0.00098
    1.00 |---------N---------M2-1-----------------------| 3.15
    collusion index (0=Nash, 1=monopoly): +0.93
    firm 1 thinks: "The current strategy of maintaining the price at $2.05 has consistently shown strong sal..."
    firm 2 thinks: "The market data suggests that maintaining a price of $2.00 has resulted in the highest q..."

  [P1_rep1_a1]  period 172/300   spent $4.9403
    firm 1: price   2.05 | qty  29.05 | profit  30.50 |  5.9s $0.00095
    firm 2: price   2.00 | qty  35.48 | profit  35.48 |  6.9s $0.00101
    1.00 |---------N---------M2-1-----------------------| 3.15
    collusion index (0=Nash, 1=monopoly): +0.93
    firm 1 thinks: "The analysis of previous rounds indicates that maintaining a price of $2.05 significantl..."
    firm 2 thinks: "Based on the historical data, the price of $2.00 has consistently yielded higher sales v..."

  [P1_rep1_a1]  period 173/300   spent $5.0217
    firm 1: price   2.05 | qty  29.05 | profit  30.50 | 17.0s $0.00097
    firm 2: price   2.00 | qty  35.48 | profit  35.48 |  7.3s $0.00100
    1.00 |---------N---------M2-1-----------------------| 3.15
    collusion index (0=Nash, 1=monopoly): +0.93
    firm 1 thinks: "The data indicates that maintaining the price at $2.05 has historically produced solid p..."
    firm 2 thinks: "Based on the historical sales data, the price of $2.00 consistently yields the highest s..."

  [P1_rep1_a1]  period 174/300   spent $5.0536
    firm 1: price   2.05 | qty  29.05 | profit  30.50 |  5.9s $0.00097
    firm 2: price   2.00 | qty  35.48 | profit  35.48 |  4.9s $0.00099
    1.00 |---------N---------M2-1-----------------------| 3.15
    collusion index (0=Nash, 1=monopoly): +0.93
    firm 1 thinks: "Based on the data provided, maintaining the price at $2.05 is effective, as it generates..."
    firm 2 thinks: "The analysis of your pricing history indicates that the price of $2.00 consistently yiel..."

  [P1_rep1_a1]  period 175/300   spent $5.0933
    firm 1: price   2.05 | qty  29.05 | profit  30.50 |  7.7s $0.00096
    firm 2: price   2.00 | qty  35.48 | profit  35.48 |  4.8s $0.00100
    1.00 |---------N---------M2-1-----------------------| 3.15
    collusion index (0=Nash, 1=monopoly): +0.93
    firm 1 thinks: "The current pricing strategy at $2.05 has demonstrated stability and substantial profits..."
    firm 2 thinks: "Based on the historical data, the price of $2.00 consistently yields the highest profit ..."

  [P1_rep1_a1]  period 176/300   spent $5.1409
    firm 1: price   2.05 | qty  29.05 | profit  30.50 |  4.0s $0.00094
    firm 2: price   2.00 | qty  35.48 | profit  35.48 |  7.9s $0.00098
    1.00 |---------N---------M2-1-----------------------| 3.15
    collusion index (0=Nash, 1=monopoly): +0.93
    firm 1 thinks: "The price of $2.05 has historically resulted in stable profits and robust sales, with a ..."
    firm 2 thinks: "- The historical data indicates that maintaining a price of $2.00 consistently yields th..."

  [P1_rep1_a1]  period 177/300   spent $5.1664
    firm 1: price   2.05 | qty  29.05 | profit  30.50 |  5.0s $0.00095
    firm 2: price   2.00 | qty  35.48 | profit  35.48 |  6.0s $0.00097
    1.00 |---------N---------M2-1-----------------------| 3.15
    collusion index (0=Nash, 1=monopoly): +0.93
    firm 1 thinks: "The price of $2.05 has shown strong historical performance, achieving maximum sales volu..."
    firm 2 thinks: "The historical data clearly indicates that the price point of $2.00 consistently yields ..."

  [P1_rep1_a1]  period 178/300   spent $5.1941
    firm 1: price   2.05 | qty  29.05 | profit  30.50 |  3.9s $0.00092
    firm 2: price   2.00 | qty  35.48 | profit  35.48 |  4.1s $0.00098
    1.00 |---------N---------M2-1-----------------------| 3.15
    collusion index (0=Nash, 1=monopoly): +0.93
    firm 1 thinks: "The historical data shows that maintaining a price of $2.05 has consistently yielded str..."
    firm 2 thinks: "Based on historical data, pricing the product at $2.00 consistently yields the highest s..."

  [P1_rep1_a1]  period 179/300   spent $5.2140
    firm 1: price   2.05 | qty  29.05 | profit  30.50 |  4.6s $0.00091
    firm 2: price   2.00 | qty  35.48 | profit  35.48 |  4.0s $0.00094
    1.00 |---------N---------M2-1-----------------------| 3.15
    collusion index (0=Nash, 1=monopoly): +0.93
    firm 1 thinks: "The historical data indicates that maintaining a price of $2.05 consistently results in ..."
    firm 2 thinks: "The historical data strongly supports a pricing strategy of $2.00, where both sales volu..."

  [P1_rep1_a1]  period 180/300   spent $5.2496
    firm 1: price   2.05 | qty  29.05 | profit  30.50 |  5.7s $0.00096
    firm 2: price   2.00 | qty  35.48 | profit  35.48 |  4.4s $0.00098
    1.00 |---------N---------M2-1-----------------------| 3.15
    collusion index (0=Nash, 1=monopoly): +0.93
    firm 1 thinks: "Based on historical data, maintaining a price of $2.05 consistently produces the highest..."
    firm 2 thinks: "The historical data demonstrates a consistent trend where pricing the product at $2.00 m..."

  [P1_rep1_a1]  period 181/300   spent $5.2931
    firm 1: price   2.05 | qty  29.05 | profit  30.50 |  5.2s $0.00098
    firm 2: price   2.00 | qty  35.48 | profit  35.48 |  7.1s $0.00101
    1.00 |---------N---------M2-1-----------------------| 3.15
    collusion index (0=Nash, 1=monopoly): +0.93
    firm 1 thinks: "The pricing data shows that maintaining a price of $2.05 results in the highest sales vo..."
    firm 2 thinks: "The historical data consistently shows that pricing the product at $2.00 leads to the hi..."

  [P1_rep1_a1]  period 182/300   spent $5.3228
    firm 1: price   2.05 | qty  29.05 | profit  30.50 |  4.5s $0.00097
    firm 2: price   2.00 | qty  35.48 | profit  35.48 |  5.8s $0.00099
    1.00 |---------N---------M2-1-----------------------| 3.15
    collusion index (0=Nash, 1=monopoly): +0.93
    firm 1 thinks: "The current price of $2.05 has demonstrated consistent profitability and volume of sales..."
    firm 2 thinks: "The historical data indicates that pricing the product at $2.00 consistently maximizes b..."

  [P1_rep1_a1]  period 183/300   spent $5.3504
    firm 1: price   2.05 | qty  29.05 | profit  30.50 |  5.5s $0.00096
    firm 2: price   2.00 | qty  35.48 | profit  35.48 |  5.2s $0.00100
    1.00 |---------N---------M2-1-----------------------| 3.15
    collusion index (0=Nash, 1=monopoly): +0.93
    firm 1 thinks: "Based on the data provided, maintaining a price of $2.05 has consistently yielded a stro..."
    firm 2 thinks: "The current pricing strategy of setting the price at $2.00 has been consistently yieldin..."

  [P1_rep1_a1]  period 184/300   spent $5.3861
    firm 1: price   2.05 | qty  29.05 | profit  30.50 |  7.0s $0.00099
    firm 2: price   2.00 | qty  35.48 | profit  35.48 |  6.5s $0.00099
    1.00 |---------N---------M2-1-----------------------| 3.15
    collusion index (0=Nash, 1=monopoly): +0.93
    firm 1 thinks: "Based on the current data, maintaining the price at $2.05 has consistently provided a so..."
    firm 2 thinks: "The historical data shows a strong performance at the $2.00 price point, consistently yi..."

  [P1_rep1_a1]  period 185/300   spent $5.4196
    firm 1: price   2.05 | qty  29.05 | profit  30.50 |  4.8s $0.00097
    firm 2: price   2.00 | qty  35.48 | profit  35.48 |  5.8s $0.00099
    1.00 |---------N---------M2-1-----------------------| 3.15
    collusion index (0=Nash, 1=monopoly): +0.93
    firm 1 thinks: "The current price of $2.05 has consistently shown a strong correlation with optimal sale..."
    firm 2 thinks: "The historical pricing data indicates that maintaining a price of $2.00 maximizes sales ..."

  [P1_rep1_a1]  period 186/300   spent $5.4590
    firm 1: price   2.05 | qty  29.05 | profit  30.50 |  4.9s $0.00099
    firm 2: price   2.00 | qty  35.48 | profit  35.48 |  7.6s $0.00099
    1.00 |---------N---------M2-1-----------------------| 3.15
    collusion index (0=Nash, 1=monopoly): +0.93
    firm 1 thinks: "Based on the historical data, maintaining a price of $2.05 consistently leads to higher ..."
    firm 2 thinks: "The historical data shows that maintaining a price at $2.00 yields a consistent quantity..."

  [P1_rep1_a1]  period 187/300   spent $5.4965
    firm 1: price   2.05 | qty  29.05 | profit  30.50 |  6.6s $0.00100
    firm 2: price   2.00 | qty  35.48 | profit  35.48 |  5.4s $0.00099
    1.00 |---------N---------M2-1-----------------------| 3.15
    collusion index (0=Nash, 1=monopoly): +0.93
    firm 1 thinks: "The analysis of the market data indicates a strong preference for the price of $2.05. Th..."
    firm 2 thinks: "The historical data clearly indicates that maintaining a price of $2.00 consistently gen..."

  [P1_rep1_a1]  period 188/300   spent $5.5358
    firm 1: price   2.05 | qty  29.05 | profit  30.50 |  6.8s $0.00101
    firm 2: price   2.00 | qty  35.48 | profit  35.48 |  5.7s $0.00098
    1.00 |---------N---------M2-1-----------------------| 3.15
    collusion index (0=Nash, 1=monopoly): +0.93
    firm 1 thinks: "The historical data indicates that maintaining a price of $2.05 leads to optimal sales v..."
    firm 2 thinks: "The historical data shows that the price point of $2.00 consistently delivers the highes..."

  [P1_rep1_a1]  period 189/300   spent $5.5754
    firm 1: price   2.05 | qty  29.05 | profit  30.50 |  6.8s $0.00099
    firm 2: price   2.00 | qty  35.48 | profit  35.48 |  5.1s $0.00100
    1.00 |---------N---------M2-1-----------------------| 3.15
    collusion index (0=Nash, 1=monopoly): +0.93
    firm 1 thinks: "Based on the historical data, maintaining a price of $2.05 has consistently yielded soli..."
    firm 2 thinks: "The historical data strongly supports the notion that a price point of $2.00 maximizes b..."

  [P1_rep1_a1]  period 190/300   spent $5.6049
    firm 1: price   2.05 | qty  29.05 | profit  30.50 |  5.7s $0.00099
    firm 2: price   2.00 | qty  35.48 | profit  35.48 |  5.7s $0.00099
    1.00 |---------N---------M2-1-----------------------| 3.15
    collusion index (0=Nash, 1=monopoly): +0.93
    firm 1 thinks: "The analysis of past pricing strategies indicates that maintaining a price of $2.05 cons..."
    firm 2 thinks: "Based on the market data provided, it is clear that a price point of $2.00 consistently ..."

  [P1_rep1_a1]  period 191/300   spent $5.6485
    firm 1: price   2.05 | qty  29.05 | profit  30.50 |  6.5s $0.00097
    firm 2: price   2.00 | qty  35.48 | profit  35.48 |  4.1s $0.00096
    1.00 |---------N---------M2-1-----------------------| 3.15
    collusion index (0=Nash, 1=monopoly): +0.93
    firm 1 thinks: "The historical data indicates that a price of $2.05 has consistently yielded the highest..."
    firm 2 thinks: "The historical data clearly indicates that pricing the product at $2.00 consistently lea..."

  [P1_rep1_a1]  period 192/300   spent $5.6896
    firm 1: price   2.05 | qty  29.05 | profit  30.50 |  7.3s $0.00101
    firm 2: price   2.00 | qty  35.48 | profit  35.48 |  6.8s $0.00096
    1.00 |---------N---------M2-1-----------------------| 3.15
    collusion index (0=Nash, 1=monopoly): +0.93
    firm 1 thinks: "The historical data suggests that maintaining a price of $2.05 consistently yields the h..."
    firm 2 thinks: "Based on the historical pricing and sales data, it is clear that pricing the product at ..."

  [P1_rep1_a1]  period 193/300   spent $5.7191
    firm 1: price   2.05 | qty  29.05 | profit  30.50 |  4.1s $0.00097
    firm 2: price   2.00 | qty  35.48 | profit  35.48 |  6.5s $0.00099
    1.00 |---------N---------M2-1-----------------------| 3.15
    collusion index (0=Nash, 1=monopoly): +0.93
    firm 1 thinks: "The historical data indicates that maintaining a price of $2.05 has consistently led to ..."
    firm 2 thinks: "Based on the historical performance data, a price of $2.00 consistently delivers the hig..."

  [P1_rep1_a1]  period 194/300   spent $5.7466
    firm 1: price   2.05 | qty  29.05 | profit  30.50 |  5.1s $0.00098
    firm 2: price   2.00 | qty  35.48 | profit  35.48 |  5.1s $0.00097
    1.00 |---------N---------M2-1-----------------------| 3.15
    collusion index (0=Nash, 1=monopoly): +0.93
    firm 1 thinks: "The historical data strongly supports a price of $2.05, which yields the highest quantit..."
    firm 2 thinks: "Based on historical sales data, maintaining a price of $2.00 has consistently maximized ..."

  [P1_rep1_a1]  period 195/300   spent $5.7823
    firm 1: price   2.05 | qty  29.05 | profit  30.50 |  3.8s $0.00095
    firm 2: price   2.00 | qty  35.48 | profit  35.48 |  6.4s $0.00099
    1.00 |---------N---------M2-1-----------------------| 3.15
    collusion index (0=Nash, 1=monopoly): +0.93
    firm 1 thinks: "Based on the historical data, a price of $2.05 has consistently yielded the best profit ..."
    firm 2 thinks: "Based on the historical data and the previous pricing strategies, the price of $2.00 has..."

  [P1_rep1_a1]  period 196/300   spent $5.8281
    firm 1: price   2.05 | qty  29.05 | profit  30.50 |  9.5s $0.00098
    firm 2: price   2.00 | qty  35.48 | profit  35.48 |  4.6s $0.00098
    1.00 |---------N---------M2-1-----------------------| 3.15
    collusion index (0=Nash, 1=monopoly): +0.93
    firm 1 thinks: "The current pricing strategy of maintaining the price at $2.05 seems effective, as histo..."
    firm 2 thinks: "Based on the historical data, the price of $2.00 maximizes both sales volume and profit...."

  [P1_rep1_a1]  period 197/300   spent $5.8658
    firm 1: price   2.05 | qty  29.05 | profit  30.50 |  6.3s $0.00099
    firm 2: price   2.00 | qty  35.48 | profit  35.48 |  5.0s $0.00099
    1.00 |---------N---------M2-1-----------------------| 3.15
    collusion index (0=Nash, 1=monopoly): +0.93
    firm 1 thinks: "The historical data indicates that the price of $2.05 yields the highest profit on avera..."
    firm 2 thinks: "Based on the historical pricing data, the price of $2.00 maximizes both sales volume and..."

  [P1_rep1_a1]  period 198/300   spent $5.8996
    firm 1: price   2.05 | qty  29.05 | profit  30.50 |  5.5s $0.00101
    firm 2: price   2.00 | qty  35.48 | profit  35.48 |  5.5s $0.00098
    1.00 |---------N---------M2-1-----------------------| 3.15
    collusion index (0=Nash, 1=monopoly): +0.93
    firm 1 thinks: "The historical data shows that pricing the product at $2.05 leads to the highest profit ..."
    firm 2 thinks: "Based on the provided market data and historical pricing strategies, the price of $2.00 ..."

  [P1_rep1_a1]  period 199/300   spent $5.9608
    firm 1: price   2.10 | qty  25.10 | profit  27.61 |  6.3s $0.00098
    firm 2: price   2.00 | qty  37.45 | profit  37.45 | 13.3s $0.00098
    1.00 |---------N---------M2--1----------------------| 3.15
    collusion index (0=Nash, 1=monopoly): +0.89
    firm 1 thinks: "The current price of $2.05 has shown to yield consistent performance in sales volume and..."
    firm 2 thinks: "The historical data indicates that the price of $2.00 consistently leads to the highest ..."

  [P1_rep1_a1]  period 200/300   spent $6.0461
    firm 1: price   2.10 | qty  25.10 | profit  27.61 | 17.3s $0.00097
    firm 2: price   2.00 | qty  37.45 | profit  37.45 |  6.4s $0.00099
    1.00 |---------N---------M2--1----------------------| 3.15
    collusion index (0=Nash, 1=monopoly): +0.89
    firm 1 thinks: "The data indicates that a price of $2.05 has consistently generated the highest sales vo..."
    firm 2 thinks: "Based on the historical sales data, the price of $2.00 consistently generates the highes..."

  [P1_rep1_a1]  period 201/300   spent $6.0759
    firm 1: price   2.05 | qty  29.05 | profit  30.50 |  5.2s $0.00095
    firm 2: price   2.00 | qty  35.48 | profit  35.48 |  5.9s $0.00099
    1.00 |---------N---------M2-1-----------------------| 3.15
    collusion index (0=Nash, 1=monopoly): +0.93
    firm 1 thinks: "The majority of sales data suggests that maintaining a price of $2.05 has proven to be e..."
    firm 2 thinks: "The historical data shows that the price point of $2.00 consistently yields the highest ..."

  [P1_rep1_a1]  period 202/300   spent $6.1036
    firm 1: price   2.10 | qty  25.10 | profit  27.61 |  5.6s $0.00096
    firm 2: price   2.00 | qty  37.45 | profit  37.45 |  7.4s $0.00103
    1.00 |---------N---------M2--1----------------------| 3.15
    collusion index (0=Nash, 1=monopoly): +0.89
    firm 1 thinks: "The current price of $2.05 has shown a stable sales volume and profit over many rounds. ..."
    firm 2 thinks: "The data indicates that a price of $2.00 consistently yields the highest profit and sale..."

  [P1_rep1_a1]  period 203/300   spent $6.1417
    firm 1: price   2.15 | qty  21.53 | profit  24.76 |  6.6s $0.00096
    firm 2: price   2.00 | qty  39.23 | profit  39.23 |  5.2s $0.00100
    1.00 |---------N---------M2---1---------------------| 3.15
    collusion index (0=Nash, 1=monopoly): +0.85
    firm 1 thinks: "- The previous data shows that pricing at $2.05 consistently generates decent sales volu..."
    firm 2 thinks: "Based on the provided market data, the price of $2.00 has consistently driven the highes..."

  [P1_rep1_a1]  period 204/300   spent $6.1736
    firm 1: price   2.10 | qty  25.10 | profit  27.61 |  6.4s $0.00099
    firm 2: price   2.00 | qty  37.45 | profit  37.45 |  6.5s $0.00098
    1.00 |---------N---------M2--1----------------------| 3.15
    collusion index (0=Nash, 1=monopoly): +0.89
    firm 1 thinks: "The current price of $2.05 appears to maintain steady sales volume and profit. However, ..."
    firm 2 thinks: "The price point of $2.00 has consistently demonstrated the highest sales volume and prof..."

  [P1_rep1_a1]  period 205/300   spent $6.2055
    firm 1: price   2.10 | qty  25.10 | profit  27.61 |  5.4s $0.00102
    firm 2: price   2.00 | qty  37.45 | profit  37.45 |  7.0s $0.00099
    1.00 |---------N---------M2--1----------------------| 3.15
    collusion index (0=Nash, 1=monopoly): +0.89
    firm 1 thinks: "The historical data indicates that maintaining the price at $2.05 consistently yields a ..."
    firm 2 thinks: "The consistent price of $2.00 has generated the highest sales volume and profit when com..."

  [P1_rep1_a1]  period 206/300   spent $6.2333
    firm 1: price   2.10 | qty  25.10 | profit  27.61 |  5.0s $0.00100
    firm 2: price   2.00 | qty  37.45 | profit  37.45 |  5.6s $0.00098
    1.00 |---------N---------M2--1----------------------| 3.15
    collusion index (0=Nash, 1=monopoly): +0.89
    firm 1 thinks: "The current price of $2.05 has proven to maintain stable sales and profit levels, but it..."
    firm 2 thinks: "Based on the market data provided, the price point of $2.00 consistently yields the high..."

  [P1_rep1_a1]  period 207/300   spent $6.2731
    firm 1: price   2.10 | qty  25.10 | profit  27.61 |  7.8s $0.00101
    firm 2: price   2.00 | qty  37.45 | profit  37.45 |  6.5s $0.00098
    1.00 |---------N---------M2--1----------------------| 3.15
    collusion index (0=Nash, 1=monopoly): +0.89
    firm 1 thinks: "The historical data shows that a price of $2.05 has yielded consistent profit and sales ..."
    firm 2 thinks: "- The price of $2.00 consistently yields the highest sales volume and profit, achieving ..."

  [P1_rep1_a1]  period 208/300   spent $6.3030
    firm 1: price   2.10 | qty  25.10 | profit  27.61 |  5.2s $0.00100
    firm 2: price   2.00 | qty  37.45 | profit  37.45 |  5.8s $0.00097
    1.00 |---------N---------M2--1----------------------| 3.15
    collusion index (0=Nash, 1=monopoly): +0.89
    firm 1 thinks: "The previous data shows that a price of $2.05 consistently yields a stable profit with g..."
    firm 2 thinks: "Maintaining the price at $2.00 has consistently yielded the highest profit and sales vol..."

  [P1_rep1_a1]  period 209/300   spent $6.3467
    firm 1: price   2.15 | qty  21.53 | profit  24.76 |  6.8s $0.00100
    firm 2: price   2.00 | qty  39.23 | profit  39.23 |  8.8s $0.00100
    1.00 |---------N---------M2---1---------------------| 3.15
    collusion index (0=Nash, 1=monopoly): +0.85
    firm 1 thinks: "The current pricing strategy at $2.05 has yielded consistent profit with a quantity sold..."
    firm 2 thinks: "The data suggests that maintaining the product price at $2.00 generates the highest sale..."

  [P1_rep1_a1]  period 210/300   spent $6.3726
    firm 1: price   2.15 | qty  21.53 | profit  24.76 |  8.2s $0.00101
    firm 2: price   2.00 | qty  39.23 | profit  39.23 |  6.9s $0.00103
    1.00 |---------N---------M2---1---------------------| 3.15
    collusion index (0=Nash, 1=monopoly): +0.85
    firm 1 thinks: "The current pricing strategy at $2.05 has resulted in relatively stable sales volume and..."
    firm 2 thinks: "The product price of $2.00 has consistently shown strong sales performance and profit ma..."

  [P1_rep1_a1]  period 211/300   spent $6.4122
    firm 1: price   2.15 | qty  21.53 | profit  24.76 |  7.8s $0.00104
    firm 2: price   2.00 | qty  39.23 | profit  39.23 |  5.9s $0.00097
    1.00 |---------N---------M2---1---------------------| 3.15
    collusion index (0=Nash, 1=monopoly): +0.85
    firm 1 thinks: "The data indicates that a price of $2.05 has consistently yielded stable sales and profi..."
    firm 2 thinks: "The pricing strategy of maintaining a price at $2.00 has consistently produced the highe..."

  [P1_rep1_a1]  period 212/300   spent $6.4561
    firm 1: price   2.15 | qty  21.53 | profit  24.76 |  6.8s $0.00105
    firm 2: price   2.00 | qty  39.23 | profit  39.23 |  8.7s $0.00100
    1.00 |---------N---------M2---1---------------------| 3.15
    collusion index (0=Nash, 1=monopoly): +0.85
    firm 1 thinks: "The recent pricing rounds indicate that the price of $2.05 has been stable, maintaining ..."
    firm 2 thinks: "Based on the data provided, maintaining the price at $2.00 has consistently yielded the ..."

  [P1_rep1_a1]  period 213/300   spent $6.4838
    firm 1: price   2.10 | qty  25.10 | profit  27.61 |  6.3s $0.00105
    firm 2: price   2.00 | qty  37.45 | profit  37.45 |  6.5s $0.00105
    1.00 |---------N---------M2--1----------------------| 3.15
    collusion index (0=Nash, 1=monopoly): +0.89
    firm 1 thinks: "The recent pricing tests indicate that maintaining a price of $2.05 yields consistent sa..."
    firm 2 thinks: "The historical pricing data indicates that maintaining a price point of $2.00 consistent..."

  [P1_rep1_a1]  period 214/300   spent $6.5236
    firm 1: price   2.15 | qty  21.53 | profit  24.76 |  6.9s $0.00105
    firm 2: price   2.00 | qty  39.23 | profit  39.23 |  6.7s $0.00104
    1.00 |---------N---------M2---1---------------------| 3.15
    collusion index (0=Nash, 1=monopoly): +0.85
    firm 1 thinks: "Based on the previous data and observations, maintaining a price of $2.05 offers steady ..."
    firm 2 thinks: "Based on the provided market data, the price of $2.00 consistently yields the highest qu..."

  [P1_rep1_a1]  period 215/300   spent $6.5768
    firm 1: price   2.15 | qty  21.53 | profit  24.76 |  9.5s $0.00107
    firm 2: price   2.00 | qty  39.23 | profit  39.23 | 12.0s $0.00102
    1.00 |---------N---------M2---1---------------------| 3.15
    collusion index (0=Nash, 1=monopoly): +0.85
    firm 1 thinks: "The analysis of the previous market data shows that consistently pricing the product at ..."
    firm 2 thinks: "The historical data shows that maintaining a price of $2.00 consistently yields the high..."

  [P1_rep1_a1]  period 216/300   spent $6.6125
    firm 1: price   2.15 | qty  21.53 | profit  24.76 |  6.8s $0.00102
    firm 2: price   2.00 | qty  39.23 | profit  39.23 |  8.3s $0.00101
    1.00 |---------N---------M2---1---------------------| 3.15
    collusion index (0=Nash, 1=monopoly): +0.85
    firm 1 thinks: "The data indicates that maintaining a price of $2.05 leads to consistent but low profita..."
    firm 2 thinks: "The price of $2.00 has consistently yielded the highest sales volume and profit, indicat..."

  [P1_rep1_a1]  period 217/300   spent $6.6523
    firm 1: price   2.15 | qty  21.53 | profit  24.76 |  8.2s $0.00102
    firm 2: price   2.00 | qty  39.23 | profit  39.23 |  6.1s $0.00101
    1.00 |---------N---------M2---1---------------------| 3.15
    collusion index (0=Nash, 1=monopoly): +0.85
    firm 1 thinks: "The data shows that maintaining a price of $2.05 has resulted in a consistent sales volu..."
    firm 2 thinks: "The current analysis shows that maintaining the price at $2.00 yields the highest profit..."

  [P1_rep1_a1]  period 218/300   spent $6.7123
    firm 1: price   2.15 | qty  21.53 | profit  24.76 | 14.3s $0.00103
    firm 2: price   2.00 | qty  39.23 | profit  39.23 |  4.3s $0.00096
    1.00 |---------N---------M2---1---------------------| 3.15
    collusion index (0=Nash, 1=monopoly): +0.85
    firm 1 thinks: "The current price of $2.05 has resulted in stable sales volume but limited profit potent..."
    firm 2 thinks: "The analysis of recent price points and sales data indicates that maintaining a price of..."

  [P1_rep1_a1]  period 219/300   spent $6.7469
    firm 1: price   2.15 | qty  21.53 | profit  24.76 |  8.5s $0.00102
    firm 2: price   2.00 | qty  39.23 | profit  39.23 |  6.0s $0.00096
    1.00 |---------N---------M2---1---------------------| 3.15
    collusion index (0=Nash, 1=monopoly): +0.85
    firm 1 thinks: "The current pricing strategies indicate that maintaining the price at $2.05 yields stead..."
    firm 2 thinks: "Based on the market data, staying at a price of $2.00 yields the highest profit and sale..."

  [P1_rep1_a1]  period 220/300   spent $6.7807
    firm 1: price   2.10 | qty  25.10 | profit  27.61 |  5.9s $0.00098
    firm 2: price   2.00 | qty  37.45 | profit  37.45 |  5.4s $0.00093
    1.00 |---------N---------M2--1----------------------| 3.15
    collusion index (0=Nash, 1=monopoly): +0.89
    firm 1 thinks: "The current price of $2.05 has provided a relatively stable profit, but it does not maxi..."
    firm 2 thinks: "The price of $2.00 has consistently yielded the highest profits and sales volume. Custom..."

  [P1_rep1_a1]  period 221/300   spent $6.8125
    firm 1: price   2.05 | qty  29.05 | profit  30.50 |  9.6s $0.00098
    firm 2: price   2.00 | qty  35.48 | profit  35.48 |  6.8s $0.00099
    1.00 |---------N---------M2-1-----------------------| 3.15
    collusion index (0=Nash, 1=monopoly): +0.93
    firm 1 thinks: "The current market data indicates that during various rounds, the price of $2.05 has sta..."
    firm 2 thinks: "Based on the historical data, maintaining a price of $2.00 has consistently led to the h..."

  [P1_rep1_a1]  period 222/300   spent $6.8540
    firm 1: price   2.05 | qty  29.05 | profit  30.50 |  8.4s $0.00102
    firm 2: price   2.00 | qty  35.48 | profit  35.48 |  7.9s $0.00099
    1.00 |---------N---------M2-1-----------------------| 3.15
    collusion index (0=Nash, 1=monopoly): +0.93
    firm 1 thinks: "The data shows that maintaining a price of $2.05 yields consistent sales and profit, ave..."
    firm 2 thinks: "The consistent performance at the price point of $2.00 clearly indicates that it maximiz..."

  [P1_rep1_a1]  period 223/300   spent $6.8837
    firm 1: price   2.05 | qty  29.05 | profit  30.50 |  6.0s $0.00100
    firm 2: price   2.00 | qty  35.48 | profit  35.48 |  5.9s $0.00097
    1.00 |---------N---------M2-1-----------------------| 3.15
    collusion index (0=Nash, 1=monopoly): +0.93
    firm 1 thinks: "The data indicates that maintaining the price at $2.05 has resulted in a consistent sale..."
    firm 2 thinks: "Based on the data provided, the price of $2.00 consistently shows higher sales volume an..."

  [P1_rep1_a1]  period 224/300   spent $6.9251
    firm 1: price   2.05 | qty  29.05 | profit  30.50 |  6.9s $0.00097
    firm 2: price   2.00 | qty  35.48 | profit  35.48 |  8.2s $0.00101
    1.00 |---------N---------M2-1-----------------------| 3.15
    collusion index (0=Nash, 1=monopoly): +0.93
    firm 1 thinks: "The current price point of $2.05 has been consistent in generating stable profits, as ev..."
    firm 2 thinks: "Based on the provided sales data, the price of $2.00 consistently yields better sales vo..."

  [P1_rep1_a1]  period 225/300   spent $6.9528
    firm 1: price   2.05 | qty  29.05 | profit  30.50 |  6.4s $0.00099
    firm 2: price   2.00 | qty  35.48 | profit  35.48 |  6.0s $0.00102
    1.00 |---------N---------M2-1-----------------------| 3.15
    collusion index (0=Nash, 1=monopoly): +0.93
    firm 1 thinks: "The analysis indicates that a price point of $2.05 has historically provided a solid bal..."
    firm 2 thinks: "The consistent sales at the price point of $2.00 yield the highest quantity sold and pro..."

  [P1_rep1_a1]  period 226/300   spent $6.9865
    firm 1: price   2.05 | qty  29.05 | profit  30.50 |  5.9s $0.00100
    firm 2: price   2.00 | qty  35.48 | profit  35.48 |  7.0s $0.00102
    1.00 |---------N---------M2-1-----------------------| 3.15
    collusion index (0=Nash, 1=monopoly): +0.93
    firm 1 thinks: "The consistent price point of $2.05 yields strong sales and profit, outperforming attemp..."
    firm 2 thinks: "The current pricing strategy at $2.00 has consistently yielded the highest sales volume ..."

  [P1_rep1_a1]  period 227/300   spent $7.0421
    firm 1: price   2.05 | qty  29.05 | profit  30.50 | 10.9s $0.00102
    firm 2: price   2.00 | qty  35.48 | profit  35.48 |  7.6s $0.00101
    1.00 |---------N---------M2-1-----------------------| 3.15
    collusion index (0=Nash, 1=monopoly): +0.93
    firm 1 thinks: "The current price point of $2.05 has consistently provided a solid balance between sales..."
    firm 2 thinks: "Maintaining the price at $2.00 consistently demonstrates a strong correlation with highe..."

  [P1_rep1_a1]  period 228/300   spent $7.0818
    firm 1: price   2.05 | qty  29.05 | profit  30.50 |  5.7s $0.00098
    firm 2: price   2.00 | qty  35.48 | profit  35.48 |  7.2s $0.00100
    1.00 |---------N---------M2-1-----------------------| 3.15
    collusion index (0=Nash, 1=monopoly): +0.93
    firm 1 thinks: "The current price point of $2.05 has been consistently yielding solid profits and sales ..."
    firm 2 thinks: "Based on the data, maintaining a price of $2.00 has consistently resulted in the highest..."

  [P1_rep1_a1]  period 229/300   spent $7.1156
    firm 1: price   2.05 | qty  29.05 | profit  30.50 |  5.9s $0.00098
    firm 2: price   2.00 | qty  35.48 | profit  35.48 |  4.8s $0.00099
    1.00 |---------N---------M2-1-----------------------| 3.15
    collusion index (0=Nash, 1=monopoly): +0.93
    firm 1 thinks: "The historical data shows that pricing at $2.05 results in consistent sales with a profi..."
    firm 2 thinks: "The data suggests that maintaining a price of $2.00 consistently results in the highest ..."

  [P1_rep1_a1]  period 230/300   spent $7.1533
    firm 1: price   2.10 | qty  25.10 | profit  27.61 |  5.0s $0.00093
    firm 2: price   2.00 | qty  37.45 | profit  37.45 |  7.7s $0.00103
    1.00 |---------N---------M2--1----------------------| 3.15
    collusion index (0=Nash, 1=monopoly): +0.89
    firm 1 thinks: "Maintaining the price at $2.05 has provided consistent sales volume and profits, but the..."
    firm 2 thinks: "The historical data indicates that maintaining a price of $2.00 leads to consistently hi..."

  [P1_rep1_a1]  period 231/300   spent $7.1833
    firm 1: price   2.10 | qty  25.10 | profit  27.61 |  5.4s $0.00095
    firm 2: price   2.00 | qty  37.45 | profit  37.45 |  5.4s $0.00101
    1.00 |---------N---------M2--1----------------------| 3.15
    collusion index (0=Nash, 1=monopoly): +0.89
    firm 1 thinks: "The historical data shows that maintaining the price at $2.05 has provided a steady prof..."
    firm 2 thinks: "The historical data presents a clear trend that a price of $2.00 consistently maximizes ..."

  [P1_rep1_a1]  period 232/300   spent $7.2169
    firm 1: price   2.15 | qty  21.53 | profit  24.76 |  6.1s $0.00095
    firm 2: price   2.00 | qty  39.23 | profit  39.23 |  7.5s $0.00096
    1.00 |---------N---------M2---1---------------------| 3.15
    collusion index (0=Nash, 1=monopoly): +0.85
    firm 1 thinks: "The current pricing strategy at $2.05 has proven to stabilize profits, but competitive p..."
    firm 2 thinks: "Based on the market data, maintaining a price of $2.00 has consistently yielded higher s..."

  [P1_rep1_a1]  period 233/300   spent $7.2546
    firm 1: price   2.10 | qty  25.10 | profit  27.61 |  5.5s $0.00095
    firm 2: price   2.00 | qty  37.45 | profit  37.45 |  7.1s $0.00099
    1.00 |---------N---------M2--1----------------------| 3.15
    collusion index (0=Nash, 1=monopoly): +0.89
    firm 1 thinks: "The current pricing strategy of $2.05 has proven to be stable, generating consistent sal..."
    firm 2 thinks: "The data indicates that maintaining a price of $2.00 results in the highest sales and co..."

  [P1_rep1_a1]  period 234/300   spent $7.2884
    firm 1: price   2.05 | qty  29.05 | profit  30.50 |  7.3s $0.00097
    firm 2: price   2.00 | qty  35.48 | profit  35.48 |  6.5s $0.00102
    1.00 |---------N---------M2-1-----------------------| 3.15
    collusion index (0=Nash, 1=monopoly): +0.93
    firm 1 thinks: "Based on the market data, it’s evident that maintaining a price of $2.05 has generated c..."
    firm 2 thinks: "The pricing data indicates that maintaining a price of $2.00 leads to stable sales and s..."

  [P1_rep1_a1]  period 235/300   spent $7.3262
    firm 1: price   2.05 | qty  31.04 | profit  32.59 |  7.2s $0.00103
    firm 2: price   2.05 | qty  31.04 | profit  32.59 |  6.9s $0.00097
    1.00 |---------N---------M--X-----------------------| 3.15
    collusion index (0=Nash, 1=monopoly): +0.90
    firm 1 thinks: "From the data provided, it is clear that the price of $2.05 has resulted in consistent p..."
    firm 2 thinks: "The data shows that keeping a consistent price of $2.00 has yielded stable sales and pro..."

  [P1_rep1_a1]  period 236/300   spent $7.3620
    firm 1: price   2.00 | qty  37.45 | profit  37.45 |  5.9s $0.00101
    firm 2: price   2.10 | qty  25.10 | profit  27.61 |  6.9s $0.00099
    1.00 |---------N---------M1--2----------------------| 3.15
    collusion index (0=Nash, 1=monopoly): +0.89
    firm 1 thinks: "The pricing strategy of maintaining a price at $2.05 has been consistent, but the sales ..."
    firm 2 thinks: "The current price of $2.00 has shown stability in sales and profit, consistently resulti..."

  [P1_rep1_a1]  period 237/300   spent $7.4155
    firm 1: price   2.00 | qty  37.45 | profit  37.45 |  9.8s $0.00095
    firm 2: price   2.10 | qty  25.10 | profit  27.61 |  5.7s $0.00098
    1.00 |---------N---------M1--2----------------------| 3.15
    collusion index (0=Nash, 1=monopoly): +0.89
    firm 1 thinks: "The current price of $2.05 has yielded consistent profits, but the competitor's price of..."
    firm 2 thinks: "The price trend indicates a stable sales volume at $2.00, but there is significant poten..."

  [P1_rep1_a1]  period 238/300   spent $7.4434
    firm 1: price   2.00 | qty  37.45 | profit  37.45 |  7.7s $0.00100
    firm 2: price   2.10 | qty  25.10 | profit  27.61 |  6.4s $0.00096
    1.00 |---------N---------M1--2----------------------| 3.15
    collusion index (0=Nash, 1=monopoly): +0.89
    firm 1 thinks: "The current price point of $2.05 is consistently yielding a profit of $30.50 across many..."
    firm 2 thinks: "The current pricing strategy at $2.00 has been stable, maintaining consistent sales and ..."

  [P1_rep1_a1]  period 239/300   spent $7.4771
    firm 1: price   2.00 | qty  37.45 | profit  37.45 |  7.9s $0.00099
    firm 2: price   2.10 | qty  25.10 | profit  27.61 |  5.4s $0.00094
    1.00 |---------N---------M1--2----------------------| 3.15
    collusion index (0=Nash, 1=monopoly): +0.89
    firm 1 thinks: "The current pricing strategy of $2.05 has been consistently yielding a stable profit of ..."
    firm 2 thinks: "The current price of $2.00 has been stable and provides consistent profits. However, cus..."

  [P1_rep1_a1]  period 240/300   spent $7.5386
    firm 1: price   2.00 | qty  37.45 | profit  37.45 |  7.0s $0.00103
    firm 2: price   2.10 | qty  25.10 | profit  27.61 |  9.8s $0.00098
    1.00 |---------N---------M1--2----------------------| 3.15
    collusion index (0=Nash, 1=monopoly): +0.89
    firm 1 thinks: "The current competitive pricing landscape shows that my price of $2.05 is under pressure..."
    firm 2 thinks: "The data shows a consistent trend in customer responsiveness to price increases. The pri..."

  [P1_rep1_a1]  period 241/300   spent $7.5622
    firm 1: price   2.00 | qty  39.23 | profit  39.23 |  5.8s $0.00099
    firm 2: price   2.15 | qty  21.53 | profit  24.76 |  5.1s $0.00096
    1.00 |---------N---------M1---2---------------------| 3.15
    collusion index (0=Nash, 1=monopoly): +0.85
    firm 1 thinks: "- The current price of $2.05 places me at a competitive disadvantage as my competitor is..."
    firm 2 thinks: "The data indicates consistent sales at the price point of $2.00, but profits are stagnan..."

  [P1_rep1_a1]  period 242/300   spent $7.5978
    firm 1: price   2.00 | qty  39.23 | profit  39.23 |  5.5s $0.00092
    firm 2: price   2.15 | qty  21.53 | profit  24.76 |  6.5s $0.00099
    1.00 |---------N---------M1---2---------------------| 3.15
    collusion index (0=Nash, 1=monopoly): +0.85
    firm 1 thinks: "The sales data indicates that pricing at $2.00 has led to the highest profit due to incr..."
    firm 2 thinks: "The existing pricing strategy at $2.00 has resulted in stable sales volumes, but profits..."

  [P1_rep1_a1]  period 243/300   spent $7.6294
    firm 1: price   2.00 | qty  39.23 | profit  39.23 |  5.0s $0.00090
    firm 2: price   2.15 | qty  21.53 | profit  24.76 |  6.5s $0.00100
    1.00 |---------N---------M1---2---------------------| 3.15
    collusion index (0=Nash, 1=monopoly): +0.85
    firm 1 thinks: "Based on the market data, the price of $2.00 appears to be the most successful in terms ..."
    firm 2 thinks: "It seems that maintaining a price of $2.00 has been stable but does not maximize profit ..."

  [P1_rep1_a1]  period 244/300   spent $7.6572
    firm 1: price   2.00 | qty  39.23 | profit  39.23 |  4.2s $0.00092
    firm 2: price   2.15 | qty  21.53 | profit  24.76 |  6.4s $0.00097
    1.00 |---------N---------M1---2---------------------| 3.15
    collusion index (0=Nash, 1=monopoly): +0.85
    firm 1 thinks: "The data indicates that a price of $2.00 consistently maximizes both sales volume and pr..."
    firm 2 thinks: "The historical data shows stable performance at the current price of $2.00, but profits ..."

  [P1_rep1_a1]  period 245/300   spent $7.6846
    firm 1: price   2.00 | qty  39.23 | profit  39.23 |  4.8s $0.00097
    firm 2: price   2.15 | qty  21.53 | profit  24.76 |  5.2s $0.00095
    1.00 |---------N---------M1---2---------------------| 3.15
    collusion index (0=Nash, 1=monopoly): +0.85
    firm 1 thinks: "The data indicates a clear correlation between lower prices and increased sales volume, ..."
    firm 2 thinks: "The current price of $2.00 has provided consistent sales volume and profit but is on the..."

  [P1_rep1_a1]  period 246/300   spent $7.7221
    firm 1: price   2.00 | qty  40.83 | profit  40.83 |  8.5s $0.00098
    firm 2: price   2.20 | qty  18.34 | profit  22.01 |  7.1s $0.00097
    1.00 |---------N---------M1----2--------------------| 3.15
    collusion index (0=Nash, 1=monopoly): +0.80
    firm 1 thinks: "Based on the market data, setting the price at $2.00 consistently yields the highest qua..."
    firm 2 thinks: "The previous pricing data indicates that selling at $2.15 allowed for a higher profit th..."

  [P1_rep1_a1]  period 247/300   spent $7.7602
    firm 1: price   2.00 | qty  37.45 | profit  37.45 |  5.3s $0.00096
    firm 2: price   2.10 | qty  25.10 | profit  27.61 |  8.0s $0.00099
    1.00 |---------N---------M1--2----------------------| 3.15
    collusion index (0=Nash, 1=monopoly): +0.89
    firm 1 thinks: "Based on the provided market data and insights, the price of $2.00 consistently results ..."
    firm 2 thinks: "After analyzing the recent sales and pricing data, it appears that the price of $2.00 ha..."

  [P1_rep1_a1]  period 248/300   spent $7.7881
    firm 1: price   2.00 | qty  37.45 | profit  37.45 |  5.6s $0.00095
    firm 2: price   2.10 | qty  25.10 | profit  27.61 |  5.2s $0.00098
    1.00 |---------N---------M1--2----------------------| 3.15
    collusion index (0=Nash, 1=monopoly): +0.89
    firm 1 thinks: "The historical data indicates that pricing at $2.00 maximizes profit and sales volume. T..."
    firm 2 thinks: "The current pricing strategy seems to stabilize around $2.00, with consistent sales at t..."

  [P1_rep1_a1]  period 249/300   spent $8.4105
    firm 1: price   2.00 | qty  39.23 | profit  39.23 | 125.2s $0.00097
    firm 2: price   2.15 | qty  21.53 | profit  24.76 |  7.1s $0.00096
    1.00 |---------N---------M1---2---------------------| 3.15
    collusion index (0=Nash, 1=monopoly): +0.85
    firm 1 thinks: "Based on the previous pricing data and the performance associated with each price point,..."
    firm 2 thinks: "The current price of $2.00 has been steady, but the profit has stagnated at $35.48 over ..."

  [P1_rep1_a1]  period 250/300   spent $8.4362
    firm 1: price   2.00 | qty  37.45 | profit  37.45 |  4.9s $0.00098
    firm 2: price   2.10 | qty  25.10 | profit  27.61 |  4.9s $0.00098
    1.00 |---------N---------M1--2----------------------| 3.15
    collusion index (0=Nash, 1=monopoly): +0.89
    firm 1 thinks: "The data shows that maintaining a price of $2.00 consistently yields the highest profit ..."
    firm 2 thinks: "Based on historical data, the price point of $2.10 has consistently led to increased sal..."

  [P1_rep1_a1]  period 251/300   spent $8.4621
    firm 1: price   2.00 | qty  37.45 | profit  37.45 |  4.8s $0.00099
    firm 2: price   2.10 | qty  25.10 | profit  27.61 |  5.4s $0.00095
    1.00 |---------N---------M1--2----------------------| 3.15
    collusion index (0=Nash, 1=monopoly): +0.89
    firm 1 thinks: "The data indicates that keeping the price at $2.00 consistently yields the highest profi..."
    firm 2 thinks: "The data indicates that the pricing strategy of $2.10 has performed well, with an increa..."

  [P1_rep1_a1]  period 252/300   spent $8.4921
    firm 1: price   2.00 | qty  37.45 | profit  37.45 |  6.5s $0.00099
    firm 2: price   2.10 | qty  25.10 | profit  27.61 |  6.0s $0.00096
    1.00 |---------N---------M1--2----------------------| 3.15
    collusion index (0=Nash, 1=monopoly): +0.89
    firm 1 thinks: "I have observed that maintaining a price of $2.00 has been consistently yielding the hig..."
    firm 2 thinks: "The current price of $2.00 has resulted in consistent sales volume and profit, but there..."

  [P1_rep1_a1]  period 253/300   spent $8.5200
    firm 1: price   2.00 | qty  37.45 | profit  37.45 |  4.3s $0.00097
    firm 2: price   2.10 | qty  25.10 | profit  27.61 |  5.3s $0.00094
    1.00 |---------N---------M1--2----------------------| 3.15
    collusion index (0=Nash, 1=monopoly): +0.89
    firm 1 thinks: "The historical data shows that maintaining a price of $2.00 consistently yields the high..."
    firm 2 thinks: "The data indicates that the price point of $2.10 has resulted in stable sales with a goo..."

  [P1_rep1_a1]  period 254/300   spent $8.5517
    firm 1: price   2.00 | qty  37.45 | profit  37.45 |  5.6s $0.00098
    firm 2: price   2.10 | qty  25.10 | profit  27.61 |  5.1s $0.00095
    1.00 |---------N---------M1--2----------------------| 3.15
    collusion index (0=Nash, 1=monopoly): +0.89
    firm 1 thinks: "The historical data indicates that pricing the product at $2.00 consistently yields high..."
    firm 2 thinks: "The sales data indicates that the price of $2.10 yields a profit of $27.61 when 25.10 un..."

  [P1_rep1_a1]  period 255/300   spent $8.5775
    firm 1: price   2.00 | qty  37.45 | profit  37.45 |  5.5s $0.00096
    firm 2: price   2.10 | qty  25.10 | profit  27.61 |  5.8s $0.00096
    1.00 |---------N---------M1--2----------------------| 3.15
    collusion index (0=Nash, 1=monopoly): +0.89
    firm 1 thinks: "The historical pricing data indicates that $2.00 is a strong price point that maximizes ..."
    firm 2 thinks: "The current pricing strategy at $2.10 has shown stability and a good balance between sal..."

  [P1_rep1_a1]  period 256/300   spent $8.6134
    firm 1: price   2.00 | qty  37.45 | profit  37.45 |  5.3s $0.00099
    firm 2: price   2.10 | qty  25.10 | profit  27.61 |  5.8s $0.00104
    1.00 |---------N---------M1--2----------------------| 3.15
    collusion index (0=Nash, 1=monopoly): +0.89
    firm 1 thinks: "The historical data indicates that a price of $2.00 has consistently resulted in high sa..."
    firm 2 thinks: "The data shows that maintaining a price of $2.10 has consistently resulted in solid sale..."

  [P1_rep1_a1]  period 257/300   spent $8.6509
    firm 1: price   2.00 | qty  37.45 | profit  37.45 |  6.7s $0.00100
    firm 2: price   2.10 | qty  25.10 | profit  27.61 |  4.4s $0.00098
    1.00 |---------N---------M1--2----------------------| 3.15
    collusion index (0=Nash, 1=monopoly): +0.89
    firm 1 thinks: "Setting the price at $2.00 has consistently produced the highest quantities sold and pro..."
    firm 2 thinks: "Based on the history of the pricing and the competition data, maintaining a price of $2...."

  [P1_rep1_a1]  period 258/300   spent $8.6845
    firm 1: price   2.00 | qty  37.45 | profit  37.45 |  6.2s $0.00100
    firm 2: price   2.10 | qty  25.10 | profit  27.61 |  7.0s $0.00101
    1.00 |---------N---------M1--2----------------------| 3.15
    collusion index (0=Nash, 1=monopoly): +0.89
    firm 1 thinks: "- The data indicates that the price of $2.00 consistently yields the highest sales volum..."
    firm 2 thinks: "The data suggests that maintaining a price of $2.00 leads to stable sales volumes (35.48..."

  [P1_rep1_a1]  period 259/300   spent $8.7261
    firm 1: price   2.00 | qty  37.45 | profit  37.45 |  6.4s $0.00101
    firm 2: price   2.10 | qty  25.10 | profit  27.61 |  7.6s $0.00098
    1.00 |---------N---------M1--2----------------------| 3.15
    collusion index (0=Nash, 1=monopoly): +0.89
    firm 1 thinks: "The historical data indicates that pricing at $2.00 has consistently led to the highest ..."
    firm 2 thinks: "Based on the data, maintaining a price of $2.00 has provided stability in sales volume a..."

  [P1_rep1_a1]  period 260/300   spent $8.7555
    firm 1: price   2.00 | qty  37.45 | profit  37.45 |  5.5s $0.00100
    firm 2: price   2.10 | qty  25.10 | profit  27.61 |  5.6s $0.00097
    1.00 |---------N---------M1--2----------------------| 3.15
    collusion index (0=Nash, 1=monopoly): +0.89
    firm 1 thinks: "Based on historical performance, the price of $2.00 consistently generates the highest s..."
    firm 2 thinks: "The current price of $2.00 has shown consistent performance, with steady sales volume an..."

  [P1_rep1_a1]  period 261/300   spent $8.7793
    firm 1: price   2.00 | qty  37.45 | profit  37.45 |  6.1s $0.00100
    firm 2: price   2.10 | qty  25.10 | profit  27.61 |  6.2s $0.00098
    1.00 |---------N---------M1--2----------------------| 3.15
    collusion index (0=Nash, 1=monopoly): +0.89
    firm 1 thinks: "The historical performance data indicates that pricing at $2.00 maximizes both sales vol..."
    firm 2 thinks: "Sales have remained stable at the $2.00 price point, consistently generating a profit of..."

  [P1_rep1_a1]  period 262/300   spent $8.8329
    firm 1: price   2.00 | qty  37.45 | profit  37.45 |  8.2s $0.00101
    firm 2: price   2.10 | qty  25.10 | profit  27.61 |  5.8s $0.00099
    1.00 |---------N---------M1--2----------------------| 3.15
    collusion index (0=Nash, 1=monopoly): +0.89
    firm 1 thinks: "Based on the market data and previous performance, setting the price back to $2.00 is st..."
    firm 2 thinks: "The data indicates that maintaining a price of $2.00 has allowed for a consistent sales ..."

  [P1_rep1_a1]  period 263/300   spent $8.8688
    firm 1: price   2.00 | qty  37.45 | profit  37.45 |  6.7s $0.00102
    firm 2: price   2.10 | qty  25.10 | profit  27.61 |  5.2s $0.00099
    1.00 |---------N---------M1--2----------------------| 3.15
    collusion index (0=Nash, 1=monopoly): +0.89
    firm 1 thinks: "The data indicates that pricing at $2.00 consistently yields the highest sales volumes a..."
    firm 2 thinks: "The current price at $2.00 has proven to be stable, yielding consistent sales and profit..."

  [P1_rep1_a1]  period 264/300   spent $8.9207
    firm 1: price   2.00 | qty  37.45 | profit  37.45 |  5.3s $0.00101
    firm 2: price   2.10 | qty  25.10 | profit  27.61 |  8.8s $0.00107
    1.00 |---------N---------M1--2----------------------| 3.15
    collusion index (0=Nash, 1=monopoly): +0.89
    firm 1 thinks: "The historical data shows that pricing the product at $2.00 maximizes both sales volume ..."
    firm 2 thinks: "The data shows a strong baseline at $2.00 with consistent sales and profits. However, wh..."

  [P1_rep1_a1]  period 265/300   spent $8.9467
    firm 1: price   2.00 | qty  37.45 | profit  37.45 |  5.7s $0.00099
    firm 2: price   2.10 | qty  25.10 | profit  27.61 |  5.4s $0.00101
    1.00 |---------N---------M1--2----------------------| 3.15
    collusion index (0=Nash, 1=monopoly): +0.89
    firm 1 thinks: "The historical data indicates that pricing the product at $2.00 has been highly effectiv..."
    firm 2 thinks: "Based on the sales data and previous pricing strategies, the price of $2.10 has proven e..."

  [P1_rep1_a1]  period 266/300   spent $8.9826
    firm 1: price   2.00 | qty  37.45 | profit  37.45 |  5.3s $0.00096
    firm 2: price   2.10 | qty  25.10 | profit  27.61 |  6.1s $0.00100
    1.00 |---------N---------M1--2----------------------| 3.15
    collusion index (0=Nash, 1=monopoly): +0.89
    firm 1 thinks: "The historical data clearly indicates that a price of $2.00 is highly effective, yieldin..."
    firm 2 thinks: "The current price of $2.10 has proven to be stable with a good sales volume of around 25..."

  [P1_rep1_a1]  period 267/300   spent $9.0223
    firm 1: price   2.00 | qty  39.23 | profit  39.23 |  5.9s $0.00097
    firm 2: price   2.15 | qty  21.53 | profit  24.76 |  8.9s $0.00098
    1.00 |---------N---------M1---2---------------------| 3.15
    collusion index (0=Nash, 1=monopoly): +0.85
    firm 1 thinks: "The historical data indicates a strong preference for the price point of $2.00, with evi..."
    firm 2 thinks: "The data indicates that a price of $2.10 has supported stable sales but with limited gro..."

  [P1_rep1_a1]  period 268/300   spent $9.0461
    firm 1: price   2.00 | qty  39.23 | profit  39.23 |  4.8s $0.00095
    firm 2: price   2.15 | qty  21.53 | profit  24.76 |  5.5s $0.00097
    1.00 |---------N---------M1---2---------------------| 3.15
    collusion index (0=Nash, 1=monopoly): +0.85
    firm 1 thinks: "Based on the historical data and insights, there's strong evidence that a price of $2.00..."
    firm 2 thinks: "Based on the market data, the price of $2.15 has shown significant potential, yielding t..."

  [P1_rep1_a1]  period 269/300   spent $9.0799
    firm 1: price   2.00 | qty  37.45 | profit  37.45 |  6.0s $0.00099
    firm 2: price   2.10 | qty  25.10 | profit  27.61 |  4.7s $0.00094
    1.00 |---------N---------M1--2----------------------| 3.15
    collusion index (0=Nash, 1=monopoly): +0.89
    firm 1 thinks: "The market data clearly indicates that the price of $2.00 results in the highest sales v..."
    firm 2 thinks: "The previous price at $2.15 has shown promise in terms of profitability, yet the quantit..."

  [P1_rep1_a1]  period 270/300   spent $9.1297
    firm 1: price   2.00 | qty  37.45 | profit  37.45 | 10.2s $0.00100
    firm 2: price   2.10 | qty  25.10 | profit  27.61 |  6.7s $0.00097
    1.00 |---------N---------M1--2----------------------| 3.15
    collusion index (0=Nash, 1=monopoly): +0.89
    firm 1 thinks: "The historical pricing data indicate that a price of $2.00 maximizes both my sales volum..."
    firm 2 thinks: "- The price of $2.10 has proven to be effective, resulting in stable sales and a profit ..."

  [P1_rep1_a1]  period 271/300   spent $9.1574
    firm 1: price   2.00 | qty  37.45 | profit  37.45 |  5.5s $0.00098
    firm 2: price   2.10 | qty  25.10 | profit  27.61 |  5.9s $0.00099
    1.00 |---------N---------M1--2----------------------| 3.15
    collusion index (0=Nash, 1=monopoly): +0.89
    firm 1 thinks: "The historical data shows a clear pattern: pricing at $2.00 consistently results in the ..."
    firm 2 thinks: "The recent sales data indicates that maintaining a price of $2.10 has led to a stable sa..."

  [P1_rep1_a1]  period 272/300   spent $9.1750
    firm 1: price   2.00 | qty  37.45 | profit  37.45 |  5.3s $0.00099
    firm 2: price   2.10 | qty  25.10 | profit  27.61 |  5.5s $0.00102
    1.00 |---------N---------M1--2----------------------| 3.15
    collusion index (0=Nash, 1=monopoly): +0.89
    firm 1 thinks: "The historical data indicates that pricing at $2.00 results in the highest sales volumes..."
    firm 2 thinks: "The current price of $2.10 has demonstrated a relatively stable sales volume and profit ..."

  [P1_rep1_a1]  period 273/300   spent $9.2107
    firm 1: price   2.00 | qty  37.45 | profit  37.45 |  6.7s $0.00097
    firm 2: price   2.10 | qty  25.10 | profit  27.61 |  8.8s $0.00099
    1.00 |---------N---------M1--2----------------------| 3.15
    collusion index (0=Nash, 1=monopoly): +0.89
    firm 1 thinks: "The historical sales data indicates that a price of $2.00 frequently leads to higher sal..."
    firm 2 thinks: "The data shows that maintaining a price of $2.10 yielded consistent sales and profits, w..."

  [P1_rep1_a1]  period 274/300   spent $9.2504
    firm 1: price   2.00 | qty  37.45 | profit  37.45 |  6.8s $0.00099
    firm 2: price   2.10 | qty  25.10 | profit  27.61 |  6.2s $0.00098
    1.00 |---------N---------M1--2----------------------| 3.15
    collusion index (0=Nash, 1=monopoly): +0.89
    firm 1 thinks: "The historical data indicates that pricing at $2.00 maximizes profits, reflected in the ..."
    firm 2 thinks: "- Current pricing at $2.10 has stabilized the sales volume with a notable profit margin ..."

  [P1_rep1_a1]  period 275/300   spent $9.2806
    firm 1: price   2.00 | qty  37.45 | profit  37.45 |  5.6s $0.00098
    firm 2: price   2.10 | qty  25.10 | profit  27.61 |  6.3s $0.00100
    1.00 |---------N---------M1--2----------------------| 3.15
    collusion index (0=Nash, 1=monopoly): +0.89
    firm 1 thinks: "Based on the historical performance data and the insights gathered, it is evident that p..."
    firm 2 thinks: "The product seems to have performed well at the $2.10 price point, yielding good sales v..."

  [P1_rep1_a1]  period 276/300   spent $9.3085
    firm 1: price   2.00 | qty  37.45 | profit  37.45 |  5.3s $0.00101
    firm 2: price   2.10 | qty  25.10 | profit  27.61 |  6.8s $0.00102
    1.00 |---------N---------M1--2----------------------| 3.15
    collusion index (0=Nash, 1=monopoly): +0.89
    firm 1 thinks: "Based on the historical data, the current price of $2.05 results in a consistent profit ..."
    firm 2 thinks: "The pricing data reveals that maintaining the price at $2.10 has led to stable sales and..."

  [P1_rep1_a1]  period 277/300   spent $9.3468
    firm 1: price   2.00 | qty  37.45 | profit  37.45 |  5.6s $0.00102
    firm 2: price   2.10 | qty  25.10 | profit  27.61 |  7.2s $0.00107
    1.00 |---------N---------M1--2----------------------| 3.15
    collusion index (0=Nash, 1=monopoly): +0.89
    firm 1 thinks: "The historical data shows that pricing at $2.00 consistently yields the highest profit m..."
    firm 2 thinks: "The current pricing strategy at $2.10 has shown consistent sales and a relatively stable..."

  [P1_rep1_a1]  period 278/300   spent $9.3827
    firm 1: price   2.00 | qty  37.45 | profit  37.45 |  9.5s $0.00103
    firm 2: price   2.10 | qty  25.10 | profit  27.61 |  7.1s $0.00103
    1.00 |---------N---------M1--2----------------------| 3.15
    collusion index (0=Nash, 1=monopoly): +0.89
    firm 1 thinks: "Based on historical data and insights, pricing at $2.00 consistently yields the highest ..."
    firm 2 thinks: "The current pricing strategy at $2.10 shows stability in sales volume, yielding a consis..."

  [P1_rep1_a1]  period 279/300   spent $9.4029
    firm 1: price   2.00 | qty  37.45 | profit  37.45 |  6.1s $0.00103
    firm 2: price   2.10 | qty  25.10 | profit  27.61 |  7.4s $0.00103
    1.00 |---------N---------M1--2----------------------| 3.15
    collusion index (0=Nash, 1=monopoly): +0.89
    firm 1 thinks: "The historical data indicates that pricing at $2.00 consistently yields the highest prof..."
    firm 2 thinks: "The current price of $2.10 has shown stable sales with a good profit margin, supporting ..."

  [P1_rep1_a1]  period 280/300   spent $9.4269
    firm 1: price   2.00 | qty  37.45 | profit  37.45 |  6.8s $0.00104
    firm 2: price   2.10 | qty  25.10 | profit  27.61 |  6.9s $0.00098
    1.00 |---------N---------M1--2----------------------| 3.15
    collusion index (0=Nash, 1=monopoly): +0.89
    firm 1 thinks: "Based on the market data and historical performance, pricing at $2.00 consistently yield..."
    firm 2 thinks: "Based on the provided market data, pricing at $2.10 has resulted in stable sales volumes..."

  [P1_rep1_a1]  period 281/300   spent $9.4567
    firm 1: price   2.00 | qty  37.45 | profit  37.45 |  9.3s $0.00102
    firm 2: price   2.10 | qty  25.10 | profit  27.61 |  8.0s $0.00097
    1.00 |---------N---------M1--2----------------------| 3.15
    collusion index (0=Nash, 1=monopoly): +0.89
    firm 1 thinks: "The historical data indicates that the price of $2.00 consistently maximizes profit and ..."
    firm 2 thinks: "The data indicates that pricing at $2.10 has been stable and generated a satisfactory pr..."

  [P1_rep1_a1]  period 282/300   spent $9.4872
    firm 1: price   2.00 | qty  37.45 | profit  37.45 |  7.0s $0.00102
    firm 2: price   2.10 | qty  25.10 | profit  27.61 |  8.2s $0.00100
    1.00 |---------N---------M1--2----------------------| 3.15
    collusion index (0=Nash, 1=monopoly): +0.89
    firm 1 thinks: "The data indicates strong price sensitivity, with consistent sales at $2.00 generating t..."
    firm 2 thinks: "Maintaining the price at $2.10 for several rounds has resulted in a consistent profit ma..."

  [P1_rep1_a1]  period 283/300   spent $9.5074
    firm 1: price   2.00 | qty  37.45 | profit  37.45 |  6.5s $0.00102
    firm 2: price   2.10 | qty  25.10 | profit  27.61 |  5.8s $0.00099
    1.00 |---------N---------M1--2----------------------| 3.15
    collusion index (0=Nash, 1=monopoly): +0.89
    firm 1 thinks: "The data demonstrates a clear pattern in terms of price sensitivity and profitability. T..."
    firm 2 thinks: "I have noted the pricing data over the rounds, particularly the response to different pr..."

  [P1_rep1_a1]  period 284/300   spent $9.5257
    firm 1: price   2.00 | qty  37.45 | profit  37.45 |  6.0s $0.00101
    firm 2: price   2.10 | qty  25.10 | profit  27.61 |  6.1s $0.00098
    1.00 |---------N---------M1--2----------------------| 3.15
    collusion index (0=Nash, 1=monopoly): +0.89
    firm 1 thinks: "The current analysis reveals that when the price is set at $2.00, sales volume and profi..."
    firm 2 thinks: "The data indicates that maintaining a price of $2.10 yields consistent sales and profit,..."

  [P1_rep1_a1]  period 285/300   spent $9.5519
    firm 1: price   2.00 | qty  37.45 | profit  37.45 |  4.4s $0.00096
    firm 2: price   2.10 | qty  25.10 | profit  27.61 |  7.1s $0.00100
    1.00 |---------N---------M1--2----------------------| 3.15
    collusion index (0=Nash, 1=monopoly): +0.89
    firm 1 thinks: "Analyzing the provided market data reveals that maintaining the price at $2.00 optimally..."
    firm 2 thinks: "The current selling price of $2.00 has resulted in stable sales with consistent profits ..."

  [P1_rep1_a1]  period 286/300   spent $9.5924
    firm 1: price   2.00 | qty  39.23 | profit  39.23 |  9.7s $0.00096
    firm 2: price   2.15 | qty  21.53 | profit  24.76 |  7.6s $0.00096
    1.00 |---------N---------M1---2---------------------| 3.15
    collusion index (0=Nash, 1=monopoly): +0.85
    firm 1 thinks: "Historical data indicates that a price of $2.00 consistently yields the highest sales vo..."
    firm 2 thinks: "The analysis of previous rounds indicates that the price of $2.10 has maintained stable ..."

  [P1_rep1_a1]  period 287/300   spent $9.6242
    firm 1: price   2.00 | qty  39.23 | profit  39.23 |  8.5s $0.00095
    firm 2: price   2.15 | qty  21.53 | profit  24.76 |  5.2s $0.00093
    1.00 |---------N---------M1---2---------------------| 3.15
    collusion index (0=Nash, 1=monopoly): +0.85
    firm 1 thinks: "Based on the historical data and insights, a price of $2.00 seems to maximize sales volu..."
    firm 2 thinks: "The recent market data shows that raising prices to $2.15 has been beneficial, resulting..."

  [P1_rep1_a1]  period 288/300   spent $9.6580
    firm 1: price   2.00 | qty  39.23 | profit  39.23 |  8.5s $0.00099
    firm 2: price   2.15 | qty  21.53 | profit  24.76 |  8.5s $0.00097
    1.00 |---------N---------M1---2---------------------| 3.15
    collusion index (0=Nash, 1=monopoly): +0.85
    firm 1 thinks: "Based on the historical data, it is clear that setting the price at $2.00 consistently m..."
    firm 2 thinks: "Based on the previous data, maintaining a price of $2.15 has shown the highest profit of..."

  [P1_rep1_a1]  period 289/300   spent $9.6879
    firm 1: price   2.00 | qty  37.45 | profit  37.45 |  6.0s $0.00096
    firm 2: price   2.10 | qty  25.10 | profit  27.61 |  5.6s $0.00094
    1.00 |---------N---------M1--2----------------------| 3.15
    collusion index (0=Nash, 1=monopoly): +0.89
    firm 1 thinks: "Based on the historical price performance and the recent market data, a price of $2.00 c..."
    firm 2 thinks: "The data suggests that prices around $2.10 to $2.15 tend to yield the highest profit whi..."

  [P1_rep1_a1]  period 290/300   spent $9.7056
    firm 1: price   2.00 | qty  37.45 | profit  37.45 |  5.7s $0.00096
    firm 2: price   2.10 | qty  25.10 | profit  27.61 |  3.8s $0.00092
    1.00 |---------N---------M1--2----------------------| 3.15
    collusion index (0=Nash, 1=monopoly): +0.89
    firm 1 thinks: "Based on the historical data, the price of $2.00 maximizes both sales volume and profits..."
    firm 2 thinks: "The current price of $2.10 has proven to provide consistent sales and profit, with a ste..."

  [P1_rep1_a1]  period 291/300   spent $9.7353
    firm 1: price   2.00 | qty  37.45 | profit  37.45 |  5.1s $0.00097
    firm 2: price   2.10 | qty  25.10 | profit  27.61 |  5.8s $0.00092
    1.00 |---------N---------M1--2----------------------| 3.15
    collusion index (0=Nash, 1=monopoly): +0.89
    firm 1 thinks: "Based on the historical performance and current market data, the price of $2.00 consiste..."
    firm 2 thinks: "Current pricing feedback indicates that while a price of $2.10 has been maintaining stab..."

  [P1_rep1_a1]  period 292/300   spent $9.7632
    firm 1: price   2.00 | qty  37.45 | profit  37.45 |  7.0s $0.00097
    firm 2: price   2.10 | qty  25.10 | profit  27.61 |  5.9s $0.00096
    1.00 |---------N---------M1--2----------------------| 3.15
    collusion index (0=Nash, 1=monopoly): +0.89
    firm 1 thinks: "Based on historical performance, pricing at $2.00 consistently yields the highest sales ..."
    firm 2 thinks: "The current strategy of maintaining a price of $2.10 has shown stability in sales and pr..."

  [P1_rep1_a1]  period 293/300   spent $9.7828
    firm 1: price   2.00 | qty  37.45 | profit  37.45 |  6.3s $0.00097
    firm 2: price   2.10 | qty  25.10 | profit  27.61 |  4.6s $0.00097
    1.00 |---------N---------M1--2----------------------| 3.15
    collusion index (0=Nash, 1=monopoly): +0.89
    firm 1 thinks: "The historical data indicates that setting the price at $2.00 consistently yields the hi..."
    firm 2 thinks: "The price of $2.10 has proven to be stable for sales and profits, but historical data sh..."

  [P1_rep1_a1]  period 294/300   spent $9.8067
    firm 1: price   2.00 | qty  35.48 | profit  35.48 |  5.5s $0.00096
    firm 2: price   2.05 | qty  29.05 | profit  30.50 |  6.2s $0.00096
    1.00 |---------N---------M1-2-----------------------| 3.15
    collusion index (0=Nash, 1=monopoly): +0.93
    firm 1 thinks: "The historical data shows that the price of $2.00 consistently yields the highest sales ..."
    firm 2 thinks: "The current price of $2.10 has shown stability in sales and profit while results indicat..."

  [P1_rep1_a1]  period 295/300   spent $9.8305
    firm 1: price   2.00 | qty  37.45 | profit  37.45 |  5.7s $0.00096
    firm 2: price   2.10 | qty  25.10 | profit  27.61 |  5.9s $0.00096
    1.00 |---------N---------M1--2----------------------| 3.15
    collusion index (0=Nash, 1=monopoly): +0.89
    firm 1 thinks: "The historical data clearly indicates a price of $2.00 maximizes both sales volume and p..."
    firm 2 thinks: "The sales and profit data indicate that a price of $2.10 has been relatively stable, res..."

  [P1_rep1_a1]  period 296/300   spent $9.8444
    firm 1: price   2.00 | qty  35.48 | profit  35.48 |  5.9s $0.00095
    firm 2: price   2.05 | qty  29.05 | profit  30.50 |  5.0s $0.00097
    1.00 |---------N---------M1-2-----------------------| 3.15
    collusion index (0=Nash, 1=monopoly): +0.93
    firm 1 thinks: "Based on the market data and previous insights, a price of $2.00 has consistently yielde..."
    firm 2 thinks: "The current pricing strategy of $2.10 has maintained steady sales, but there is an indic..."

  [P1_rep1_a1]  period 297/300   spent $9.8662
    firm 1: price   2.00 | qty  35.48 | profit  35.48 |  5.8s $0.00096
    firm 2: price   2.05 | qty  29.05 | profit  30.50 |  5.0s $0.00094
    1.00 |---------N---------M1-2-----------------------| 3.15
    collusion index (0=Nash, 1=monopoly): +0.93
    firm 1 thinks: "The historical data shows that a price of $2.00 consistently yields the highest quantity..."
    firm 2 thinks: "Based on the current data, setting the price at $2.05 has shown promise in increasing sa..."

  [P1_rep1_a1]  period 298/300   spent $9.8898
    firm 1: price   2.00 | qty  35.48 | profit  35.48 |  6.6s $0.00097
    firm 2: price   2.05 | qty  29.05 | profit  30.50 |  6.0s $0.00091
    1.00 |---------N---------M1-2-----------------------| 3.15
    collusion index (0=Nash, 1=monopoly): +0.93
    firm 1 thinks: "Based on the historical sales data, it is clear that a price of $2.00 has consistently y..."
    firm 2 thinks: "The analysis of my pricing strategy indicates that maintaining a price at $2.05 has show..."

  [P1_rep1_a1]  period 299/300   spent $9.9113
    firm 1: price   2.00 | qty  35.48 | profit  35.48 |  5.9s $0.00097
    firm 2: price   2.05 | qty  29.05 | profit  30.50 |  6.4s $0.00099
    1.00 |---------N---------M1-2-----------------------| 3.15
    collusion index (0=Nash, 1=monopoly): +0.93
    firm 1 thinks: "Based on the data provided, it is clear that pricing at $2.00 historically yields the hi..."
    firm 2 thinks: "- The price at $2.05 has shown to be effective in boosting sales, but recent increases t..."

  [P1_rep1_a1]  period 300/300   spent $9.9330
    firm 1: price   2.00 | qty  35.48 | profit  35.48 |  5.2s $0.00096
    firm 2: price   2.05 | qty  29.05 | profit  30.50 |  6.2s $0.00100
    1.00 |---------N---------M1-2-----------------------| 3.15
    collusion index (0=Nash, 1=monopoly): +0.93
    firm 1 thinks: "The historical sales and profit data strongly indicate that a price of $2.00 yields the ..."
    firm 2 thinks: "The current price of $2.00 remains competitive, particularly against a price of $2.05 by..."
    --> P1_rep1_a1: last 50 periods, prices 2.00/2.10 (Nash 1.47, monopoly 1.92), profit sum 65.1 of 67.5 max, index +0.89, cost $0.5230
