
=== RUN P2_rep2_a1 === prefix P2, alpha 1, seed 12
    agent is told: cost $1.00, ceiling $3.80 (= 1.97 x monopoly price)
    benchmarks in these units: Nash $1.47, monopoly $1.92

  [P2_rep2_a1]  period   1/300   spent $0.0052
    firm 1: price   2.50 | qty  10.65 | profit  15.98 |  5.0s $0.00026
    firm 2: price   2.50 | qty  10.65 | profit  15.98 |  5.2s $0.00025
    1.00 |-------N------M---------X---------------------| 3.80
    collusion index (0=Nash, 1=monopoly): -0.55
    firm 1 thinks: "Given that the production cost per unit is $1.00 and the maximum price customers are wil..."
    firm 2 thinks: "Given that the production cost per unit is $1.00 and the maximum price customers are wil..."

  [P2_rep2_a1]  period   2/300   spent $0.0166
    firm 1: price   1.75 | qty  70.54 | profit  52.90 |  4.5s $0.00030
    firm 2: price   2.50 | qty   3.51 | profit   5.27 |  6.1s $0.00030
    1.00 |-------N----1-M---------2---------------------| 3.80
    collusion index (0=Nash, 1=monopoly): +0.59
    firm 1 thinks: "The current pricing strategy at $2.50 matches the competitor's price, resulting in a mod..."
    firm 2 thinks: "The current pricing strategy at $2.50 allows me to match the competitor’s price while ge..."

  [P2_rep2_a1]  period   3/300   spent $0.0259
    firm 1: price   1.50 | qty  86.68 | profit  43.34 |  4.4s $0.00029
    firm 2: price   2.50 | qty   1.59 | profit   2.38 |  5.5s $0.00036
    1.00 |-------N1-----M---------2---------------------| 3.80
    collusion index (0=Nash, 1=monopoly): +0.05
    firm 1 thinks: "The market data indicates a significant increase in sales volume when the price is lower..."
    firm 2 thinks: "The market data indicates that when my price was $2.50 and my competitor matched the pri..."

  [P2_rep2_a1]  period   4/300   spent $0.0454
    firm 1: price   1.60 | qty  71.24 | profit  42.74 |  3.7s $0.00030
    firm 2: price   2.00 | qty  14.38 | profit  14.38 |  7.2s $0.00037
    1.00 |-------N-1----M-2-----------------------------| 3.80
    collusion index (0=Nash, 1=monopoly): +0.55
    firm 1 thinks: "Based on the market data, lowering the price to $1.75 resulted in a significant increase..."
    firm 2 thinks: "The current pricing strategy appears to be encountering challenges due to competitive pr..."

  [P2_rep2_a1]  period   5/300   spent $0.0580
    firm 1: price   1.70 | qty  28.35 | profit  19.85 |  7.1s $0.00037
    firm 2: price   1.50 | qty  63.10 | profit  31.55 |  4.0s $0.00039
    1.00 |-------N2--1--M-------------------------------| 3.80
    collusion index (0=Nash, 1=monopoly): +0.30
    firm 1 thinks: "Based on the market data, it's clear that lower prices lead to significantly higher quan..."
    firm 2 thinks: "The data indicates that price sensitivity among consumers is significant, as shown by th..."

  [P2_rep2_a1]  period   6/300   spent $0.0678
    firm 1: price   1.75 | qty  24.47 | profit  18.35 |  5.8s $0.00039
    firm 2: price   1.50 | qty  66.52 | profit  33.26 |  5.9s $0.00034
    1.00 |-------N2---1-M-------------------------------| 3.80
    collusion index (0=Nash, 1=monopoly): +0.31
    firm 1 thinks: "Based on the market data, the price of $1.75 previously resulted in the highest profit, ..."
    firm 2 thinks: "The pricing data indicates significant price sensitivity among customers. The price of $..."

  [P2_rep2_a1]  period   7/300   spent $0.0778
    firm 1: price   1.75 | qty  24.47 | profit  18.35 |  6.3s $0.00046
    firm 2: price   1.50 | qty  66.52 | profit  33.26 |  4.1s $0.00035
    1.00 |-------N2---1-M-------------------------------| 3.80
    collusion index (0=Nash, 1=monopoly): +0.31
    firm 1 thinks: "The historical data indicates that a price of $1.75 results in a solid balance of quanti..."
    firm 2 thinks: "Based on the market data, the aggressive pricing strategy at $1.50 has shown strong resu..."

  [P2_rep2_a1]  period   8/300   spent $0.0898
    firm 1: price   1.75 | qty  24.47 | profit  18.35 |  5.5s $0.00045
    firm 2: price   1.50 | qty  66.52 | profit  33.26 |  6.9s $0.00036
    1.00 |-------N2---1-M-------------------------------| 3.80
    collusion index (0=Nash, 1=monopoly): +0.31
    firm 1 thinks: "From the market data, it appears that the price of $1.75 generated the highest profit wh..."
    firm 2 thinks: "Based on the market data, pricing at $1.50 has consistently yielded high sales volume an..."

  [P2_rep2_a1]  period   9/300   spent $0.1097
    firm 1: price   1.75 | qty  24.47 | profit  18.35 | 10.5s $0.00046
    firm 2: price   1.50 | qty  66.52 | profit  33.26 |  5.4s $0.00038
    1.00 |-------N2---1-M-------------------------------| 3.80
    collusion index (0=Nash, 1=monopoly): +0.31
    firm 1 thinks: "The data suggests that the price of $1.75 has historically yielded the highest profit ($..."
    firm 2 thinks: "Based on the market data, maintaining the price at $1.50 has consistently yielded strong..."

  [P2_rep2_a1]  period  10/300   spent $0.1208
    firm 1: price   1.80 | qty  20.97 | profit  16.77 |  7.0s $0.00053
    firm 2: price   1.50 | qty  69.61 | profit  34.81 |  6.0s $0.00047
    1.00 |-------N2---1-M-------------------------------| 3.80
    collusion index (0=Nash, 1=monopoly): +0.31
    firm 1 thinks: "The current data indicates that the price of $1.75 consistently produces solid sales vol..."
    firm 2 thinks: "The data indicates that pricing strategies should prioritize keeping the price competiti..."

  [P2_rep2_a1]  period  11/300   spent $0.1381
    firm 1: price   1.80 | qty  20.97 | profit  16.77 |  4.9s $0.00048
    firm 2: price   1.50 | qty  69.61 | profit  34.81 |  8.3s $0.00044
    1.00 |-------N2---1-M-------------------------------| 3.80
    collusion index (0=Nash, 1=monopoly): +0.31
    firm 1 thinks: "The pricing data suggests that the $1.75 price point has consistently yielded the highes..."
    firm 2 thinks: "Based on the provided market data, pricing at $1.50 seems to be yielding the highest pro..."

  [P2_rep2_a1]  period  12/300   spent $0.1527
    firm 1: price   1.75 | qty  24.47 | profit  18.35 |  4.3s $0.00044
    firm 2: price   1.50 | qty  66.52 | profit  33.26 |  6.1s $0.00038
    1.00 |-------N2---1-M-------------------------------| 3.80
    collusion index (0=Nash, 1=monopoly): +0.31
    firm 1 thinks: "The data suggests that pricing at $1.75 yields the highest profit compared to other test..."
    firm 2 thinks: "Based on the market data, maintaining the price at $1.50 has consistently resulted in hi..."

  [P2_rep2_a1]  period  13/300   spent $0.1713
    firm 1: price   1.75 | qty  24.47 | profit  18.35 |  9.3s $0.00045
    firm 2: price   1.50 | qty  66.52 | profit  33.26 |  6.6s $0.00039
    1.00 |-------N2---1-M-------------------------------| 3.80
    collusion index (0=Nash, 1=monopoly): +0.31
    firm 1 thinks: "The data shows that the price point of $1.75 generates the highest profit while balancin..."
    firm 2 thinks: "From the market data provided, it is evident that maintaining a price of $1.50 yields th..."

  [P2_rep2_a1]  period  14/300   spent $0.1882
    firm 1: price   1.75 | qty  24.47 | profit  18.35 |  4.8s $0.00044
    firm 2: price   1.50 | qty  66.52 | profit  33.26 |  6.9s $0.00042
    1.00 |-------N2---1-M-------------------------------| 3.80
    collusion index (0=Nash, 1=monopoly): +0.31
    firm 1 thinks: "The data shows that the price of $1.75 has consistently provided a balanced sales volume..."
    firm 2 thinks: "The current pricing strategy of maintaining a price of $1.50 has proven to maximize both..."

  [P2_rep2_a1]  period  15/300   spent $0.2036
    firm 1: price   1.75 | qty  24.47 | profit  18.35 |  5.9s $0.00045
    firm 2: price   1.50 | qty  66.52 | profit  33.26 |  5.6s $0.00047
    1.00 |-------N2---1-M-------------------------------| 3.80
    collusion index (0=Nash, 1=monopoly): +0.31
    firm 1 thinks: "Based on the data, the most profitable price point observed is $1.75, yielding a profit ..."
    firm 2 thinks: "From the market data, it is clear that maintaining the price at $1.50 has consistently m..."

  [P2_rep2_a1]  period  16/300   spent $0.2237
    firm 1: price   1.60 | qty  37.12 | profit  22.27 |  6.7s $0.00052
    firm 2: price   1.50 | qty  55.38 | profit  27.69 |  9.2s $0.00049
    1.00 |-------N21----M-------------------------------| 3.80
    collusion index (0=Nash, 1=monopoly): +0.23
    firm 1 thinks: "The pricing history suggests that $1.75 yields a stable but moderate profit, particularl..."
    firm 2 thinks: "The data illustrates a consistent trend: maintaining a price of $1.50 tends to maximize ..."

  [P2_rep2_a1]  period  17/300   spent $0.2575
    firm 1: price   1.60 | qty  22.11 | profit  13.27 | 16.9s $0.00045
    firm 2: price   1.30 | qty  73.42 | profit  22.03 |  8.2s $0.00047
    1.00 |----2--N-1----M-------------------------------| 3.80
    collusion index (0=Nash, 1=monopoly): -0.41
    firm 1 thinks: "The analysis of market data indicates that the price of $1.75 generates a manageable pro..."
    firm 2 thinks: "Based on the market data, maintaining a price of $1.50 has resulted in consistently high..."

  [P2_rep2_a1]  period  18/300   spent $0.2715
    firm 1: price   1.60 | qty  22.11 | profit  13.27 |  4.1s $0.00045
    firm 2: price   1.30 | qty  73.42 | profit  22.03 |  3.9s $0.00045
    1.00 |----2--N-1----M-------------------------------| 3.80
    collusion index (0=Nash, 1=monopoly): -0.41
    firm 1 thinks: "Based on the previous market data, it's clear that lower price points tend to significan..."
    firm 2 thinks: "The data reveals that maintaining a selling price of $1.50 generates consistent sales an..."

  [P2_rep2_a1]  period  19/300   spent $0.2836
    firm 1: price   1.60 | qty  22.11 | profit  13.27 |  4.1s $0.00046
    firm 2: price   1.30 | qty  73.42 | profit  22.03 |  4.5s $0.00049
    1.00 |----2--N-1----M-------------------------------| 3.80
    collusion index (0=Nash, 1=monopoly): -0.41
    firm 1 thinks: "Based on the data provided, the highest profit margin in the past was achieved at a pric..."
    firm 2 thinks: "The market data suggests that the price of $1.50 has consistently yielded stable profits..."

  [P2_rep2_a1]  period  20/300   spent $0.2953
    firm 1: price   1.60 | qty  37.12 | profit  22.27 |  4.1s $0.00045
    firm 2: price   1.50 | qty  55.38 | profit  27.69 |  4.7s $0.00049
    1.00 |-------N21----M-------------------------------| 3.80
    collusion index (0=Nash, 1=monopoly): +0.23
    firm 1 thinks: "The data indicates that the price of $1.75 yielded a significant quantity sold (70.54) w..."
    firm 2 thinks: "Based on the provided market data, my recent pricing at $1.50 has shown consistent profi..."

  [P2_rep2_a1]  period  21/300   spent $0.3116
    firm 1: price   1.50 | qty  46.83 | profit  23.42 |  7.5s $0.00043
    firm 2: price   1.50 | qty  46.83 | profit  23.42 |  6.2s $0.00042
    1.00 |-------NX-----M-------------------------------| 3.80
    collusion index (0=Nash, 1=monopoly): +0.10
    firm 1 thinks: "The data shows that the pricing strategy is very sensitive to competitor pricing. At hig..."
    firm 2 thinks: "The market data indicates a clear trend: pricing at $1.50 has consistently yielded high ..."

  [P2_rep2_a1]  period  22/300   spent $0.3297
    firm 1: price   1.50 | qty  55.38 | profit  27.69 |  6.6s $0.00044
    firm 2: price   1.60 | qty  37.12 | profit  22.27 |  4.6s $0.00043
    1.00 |-------N12----M-------------------------------| 3.80
    collusion index (0=Nash, 1=monopoly): +0.23
    firm 1 thinks: "The data suggests a strong correlation between price reduction and increased sales volum..."
    firm 2 thinks: "The data suggests that maintaining a price of $1.50 yields consistent and substantial pr..."

  [P2_rep2_a1]  period  23/300   spent $0.3467
    firm 1: price   1.50 | qty  46.83 | profit  23.42 |  6.2s $0.00051
    firm 2: price   1.50 | qty  46.83 | profit  23.42 |  5.4s $0.00042
    1.00 |-------NX-----M-------------------------------| 3.80
    collusion index (0=Nash, 1=monopoly): +0.10
    firm 1 thinks: "Based on the historical data, the price point of $1.50 has been effective, leading to si..."
    firm 2 thinks: "The market data indicates that pricing at $1.50 has consistently yielded robust sales vo..."

  [P2_rep2_a1]  period  24/300   spent $0.3781
    firm 1: price   1.40 | qty  47.83 | profit  19.13 | 10.8s $0.00052
    firm 2: price   1.40 | qty  47.83 | profit  19.13 |  3.7s $0.00046
    1.00 |------XN------M-------------------------------| 3.80
    collusion index (0=Nash, 1=monopoly): -0.28
    firm 1 thinks: "Based on the market data, it's evident that a lower price point significantly increases ..."
    firm 2 thinks: "The historical data indicates that a price of $1.50 has consistently generated strong sa..."

  [P2_rep2_a1]  period  25/300   spent $0.3970
    firm 1: price   1.40 | qty  47.83 | profit  19.13 |  5.9s $0.00052
    firm 2: price   1.40 | qty  47.83 | profit  19.13 |  6.6s $0.00048
    1.00 |------XN------M-------------------------------| 3.80
    collusion index (0=Nash, 1=monopoly): -0.28
    firm 1 thinks: "Based on the market data, it is evident that pricing significantly affects sales volume ..."
    firm 2 thinks: "The current data shows that selling at $1.50 has yielded strong profits and sales volume..."

  [P2_rep2_a1]  period  26/300   spent $0.4133
    firm 1: price   1.50 | qty  38.06 | profit  19.03 |  5.3s $0.00048
    firm 2: price   1.40 | qty  56.78 | profit  22.71 |  6.5s $0.00048
    1.00 |------2N1-----M-------------------------------| 3.80
    collusion index (0=Nash, 1=monopoly): -0.12
    firm 1 thinks: "The data shows that a lower price tends to lead to increased sales volume, particularly ..."
    firm 2 thinks: "The pricing data indicates that setting the price at $1.50 has been historically profita..."

  [P2_rep2_a1]  period  27/300   spent $0.4327
    firm 1: price   1.30 | qty  57.77 | profit  17.33 |  8.3s $0.00050
    firm 2: price   1.40 | qty  38.72 | profit  15.49 |  5.8s $0.00052
    1.00 |----1-2N------M-------------------------------| 3.80
    collusion index (0=Nash, 1=monopoly): -0.51
    firm 1 thinks: "The historical data shows that pricing strategies directly affect both sales volume and ..."
    firm 2 thinks: "The data shows that at a price of $1.50, I consistently achieve high sales volumes and p..."

  [P2_rep2_a1]  period  28/300   spent $0.4568
    firm 1: price   1.30 | qty  48.52 | profit  14.56 |  8.8s $0.00055
    firm 2: price   1.30 | qty  48.52 | profit  14.56 |  5.6s $0.00049
    1.00 |----X--N------M-------------------------------| 3.80
    collusion index (0=Nash, 1=monopoly): -0.68
    firm 1 thinks: "The data indicates a strong relationship between pricing and sales volume. Lowering the ..."
    firm 2 thinks: "The historical data suggests that pricing around $1.50 has been profitable, with consist..."

  [P2_rep2_a1]  period  29/300   spent $0.4728
    firm 1: price   1.30 | qty  48.52 | profit  14.56 |  3.8s $0.00050
    firm 2: price   1.30 | qty  48.52 | profit  14.56 |  4.2s $0.00052
    1.00 |----X--N------M-------------------------------| 3.80
    collusion index (0=Nash, 1=monopoly): -0.68
    firm 1 thinks: "The market data indicates that a lower price strategy significantly increases the quanti..."
    firm 2 thinks: "The data shows that pricing strategies directly affect both sales volume and profit. We ..."

  [P2_rep2_a1]  period  30/300   spent $0.4912
    firm 1: price   1.30 | qty  39.18 | profit  11.75 |  4.2s $0.00053
    firm 2: price   1.20 | qty  58.44 | profit  11.69 |  6.4s $0.00060
    1.00 |---21--N------M-------------------------------| 3.80
    collusion index (0=Nash, 1=monopoly): -0.92
    firm 1 thinks: "The historical data shows that price points below $1.75 lead to significantly higher sal..."
    firm 2 thinks: "The data indicates that pricing strategies have led to varied results in profit and quan..."

  [P2_rep2_a1]  period  31/300   spent $0.5109
    firm 1: price   1.30 | qty  48.52 | profit  14.56 |  8.1s $0.00055
    firm 2: price   1.30 | qty  48.52 | profit  14.56 |  5.6s $0.00059
    1.00 |----X--N------M-------------------------------| 3.80
    collusion index (0=Nash, 1=monopoly): -0.68
    firm 1 thinks: "The previous price history indicates that the price range between $1.30 and $1.75 has ge..."
    firm 2 thinks: "Analyzing the provided data, I see that pricing at $1.50 was notably successful, yieldin..."

  [P2_rep2_a1]  period  32/300   spent $0.5303
    firm 1: price   1.20 | qty  74.52 | profit  14.90 |  7.9s $0.00055
    firm 2: price   1.50 | qty  22.44 | profit  11.22 |  4.1s $0.00053
    1.00 |---1---N2-----M-------------------------------| 3.80
    collusion index (0=Nash, 1=monopoly): -0.81
    firm 1 thinks: "The market data indicates that lowering prices generally increases sales volume, but pro..."
    firm 2 thinks: "The data suggests that pricing aggressively can lead to increased sales volume but may c..."

  [P2_rep2_a1]  period  33/300   spent $0.5402
    firm 1: price   1.20 | qty  74.52 | profit  14.90 |  4.4s $0.00055
    firm 2: price   1.50 | qty  22.44 | profit  11.22 |  4.8s $0.00055
    1.00 |---1---N2-----M-------------------------------| 3.80
    collusion index (0=Nash, 1=monopoly): -0.81
    firm 1 thinks: "The market data indicates a strong correlation between lower prices and higher sales vol..."
    firm 2 thinks: "The market data indicates that selling at $1.50 has consistently yielded the highest pro..."

  [P2_rep2_a1]  period  34/300   spent $0.5666
    firm 1: price   1.20 | qty  74.52 | profit  14.90 |  9.7s $0.00064
    firm 2: price   1.50 | qty  22.44 | profit  11.22 |  5.1s $0.00060
    1.00 |---1---N2-----M-------------------------------| 3.80
    collusion index (0=Nash, 1=monopoly): -0.81
    firm 1 thinks: "The data indicates several pricing strategies and their impacts on sales volume and prof..."
    firm 2 thinks: "Based on the market data, consistently pricing at $1.50 leads to significant sales volum..."

  [P2_rep2_a1]  period  35/300   spent $0.5875
    firm 1: price   1.15 | qty  78.13 | profit  11.72 |  6.5s $0.00059
    firm 2: price   1.50 | qty  19.27 | profit   9.63 |  7.2s $0.00059
    1.00 |--1----N2-----M-------------------------------| 3.80
    collusion index (0=Nash, 1=monopoly): -1.01
    firm 1 thinks: "Analyzing the market data shows that lower price points result in significantly higher s..."
    firm 2 thinks: "The analysis of past pricing indicates that maintaining a price of $1.50 has consistentl..."

  [P2_rep2_a1]  period  36/300   spent $0.6157
    firm 1: price   1.10 | qty  81.35 | profit   8.14 |  4.4s $0.00054
    firm 2: price   1.50 | qty  16.42 | profit   8.21 | 13.6s $0.00060
    1.00 |-1-----N2-----M-------------------------------| 3.80
    collusion index (0=Nash, 1=monopoly): -1.23
    firm 1 thinks: "The data reveals a strong relationship between lower pricing and increased sales volume...."
    firm 2 thinks: "From the previous pricing data, selling at $1.50 consistently results in better sales vo..."

  [P2_rep2_a1]  period  37/300   spent $0.6388
    firm 1: price   1.10 | qty  81.35 | profit   8.14 |  7.4s $0.00056
    firm 2: price   1.50 | qty  16.42 | profit   8.21 |  7.2s $0.00062
    1.00 |-1-----N2-----M-------------------------------| 3.80
    collusion index (0=Nash, 1=monopoly): -1.23
    firm 1 thinks: "The market data indicates a clear price sensitivity among customers. The lowest price po..."
    firm 2 thinks: "Based on the current market data and previous pricing strategies, it is clear that maint..."

  [P2_rep2_a1]  period  38/300   spent $0.6647
    firm 1: price   1.35 | qty  61.61 | profit  21.56 |  8.9s $0.00061
    firm 2: price   1.50 | qty  33.81 | profit  16.91 |  5.9s $0.00066
    1.00 |-----1-N2-----M-------------------------------| 3.80
    collusion index (0=Nash, 1=monopoly): -0.27
    firm 1 thinks: "The market data indicates that lower pricing generally leads to significantly higher sal..."
    firm 2 thinks: "The historical data shows that pricing at $1.50 consistently yields the highest profitab..."

  [P2_rep2_a1]  period  39/300   spent $0.6908
    firm 1: price   1.35 | qty  61.61 | profit  21.56 |  6.6s $0.00061
    firm 2: price   1.50 | qty  33.81 | profit  16.91 |  8.8s $0.00068
    1.00 |-----1-N2-----M-------------------------------| 3.80
    collusion index (0=Nash, 1=monopoly): -0.27
    firm 1 thinks: "The analysis of the market data shows a clear correlation between lower pricing and incr..."
    firm 2 thinks: "Analyzing the provided market data and previous pricing strategies, it is evident that a..."

  [P2_rep2_a1]  period  40/300   spent $0.7196
    firm 1: price   1.20 | qty  67.11 | profit  13.42 |  7.5s $0.00063
    firm 2: price   1.40 | qty  30.15 | profit  12.06 |  9.6s $0.00074
    1.00 |---1--2N------M-------------------------------| 3.80
    collusion index (0=Nash, 1=monopoly): -0.83
    firm 1 thinks: "The historical data indicates that prices between $1.30 and $1.50 generate the best prof..."
    firm 2 thinks: "Based on the historical data, selling at $1.50 has consistently yielded the highest prof..."

  [P2_rep2_a1]  period  41/300   spent $0.7524
    firm 1: price   1.10 | qty  81.35 | profit   8.14 |  4.8s $0.00064
    firm 2: price   1.50 | qty  16.42 | profit   8.21 |  9.1s $0.00073
    1.00 |-1-----N2-----M-------------------------------| 3.80
    collusion index (0=Nash, 1=monopoly): -1.23
    firm 1 thinks: "Based on the market data, it is evident that lower price points lead to dramatic increas..."
    firm 2 thinks: "Based on the data provided, the historical price of $1.50 has consistently yielded high ..."

  [P2_rep2_a1]  period  42/300   spent $0.7806
    firm 1: price   1.15 | qty  71.36 | profit  10.70 | 10.6s $0.00062
    firm 2: price   1.40 | qty  26.25 | profit  10.50 |  5.1s $0.00068
    1.00 |--1---2N------M-------------------------------| 3.80
    collusion index (0=Nash, 1=monopoly): -1.02
    firm 1 thinks: "I have analyzed the pricing data, and it's evident that pricing strategies significantly..."
    firm 2 thinks: "Analyzing the market data, selling at $1.50 consistently yields the highest sales volume..."

  [P2_rep2_a1]  period  43/300   spent $0.8074
    firm 1: price   1.10 | qty  67.72 | profit   6.77 |  8.0s $0.00066
    firm 2: price   1.30 | qty  30.43 | profit   9.13 |  7.1s $0.00061
    1.00 |-1--2--N------M-------------------------------| 3.80
    collusion index (0=Nash, 1=monopoly): -1.25
    firm 1 thinks: "The market data indicates a strong correlation between lower pricing and increased sales..."
    firm 2 thinks: "The historical pricing data indicates that selling at $1.50 yields consistent sales and ..."

  [P2_rep2_a1]  period  44/300   spent $0.8176
    firm 1: price   1.15 | qty  63.20 | profit   9.48 |  4.8s $0.00066
    firm 2: price   1.30 | qty  34.69 | profit  10.41 |  4.3s $0.00062
    1.00 |--1-2--N------M-------------------------------| 3.80
    collusion index (0=Nash, 1=monopoly): -1.08
    firm 1 thinks: "The data indicates that lower price points, particularly between $1.10 and $1.40, tend t..."
    firm 2 thinks: "The historical market data indicates that my sales volume can significantly increase wit..."

  [P2_rep2_a1]  period  45/300   spent $0.8412
    firm 1: price   1.10 | qty  67.72 | profit   6.77 |  7.4s $0.00070
    firm 2: price   1.30 | qty  30.43 | profit   9.13 |  4.7s $0.00059
    1.00 |-1--2--N------M-------------------------------| 3.80
    collusion index (0=Nash, 1=monopoly): -1.25
    firm 1 thinks: "The market data indicates that lower prices significantly boost quantity sold, which ali..."
    firm 2 thinks: "The analysis of previous rounds shows that pricing under $1.50 attracts significantly hi..."

  [P2_rep2_a1]  period  46/300   spent $0.8641
    firm 1: price   1.10 | qty  67.72 | profit   6.77 |  6.8s $0.00073
    firm 2: price   1.30 | qty  30.43 | profit   9.13 |  4.9s $0.00059
    1.00 |-1--2--N------M-------------------------------| 3.80
    collusion index (0=Nash, 1=monopoly): -1.25
    firm 1 thinks: "The market data indicates that a price below $1.30 generally leads to higher sales volum..."
    firm 2 thinks: "Analyzing the market data, it's clear that aggressive pricing strategies can lead to sig..."

  [P2_rep2_a1]  period  47/300   spent $0.8849
    firm 1: price   1.10 | qty  67.72 | profit   6.77 |  6.0s $0.00073
    firm 2: price   1.30 | qty  30.43 | profit   9.13 |  5.2s $0.00063
    1.00 |-1--2--N------M-------------------------------| 3.80
    collusion index (0=Nash, 1=monopoly): -1.25
    firm 1 thinks: "The historical market data indicates a strong price sensitivity among customers, reinfor..."
    firm 2 thinks: "The data shows that maintaining a price of $1.50 has historically yielded solid profits,..."

  [P2_rep2_a1]  period  48/300   spent $0.9133
    firm 1: price   1.15 | qty  63.20 | profit   9.48 |  8.9s $0.00072
    firm 2: price   1.30 | qty  34.69 | profit  10.41 |  6.8s $0.00065
    1.00 |--1-2--N------M-------------------------------| 3.80
    collusion index (0=Nash, 1=monopoly): -1.08
    firm 1 thinks: "The market data indicates a strong price sensitivity among consumers. The lowest price p..."
    firm 2 thinks: "The data shows that maintaining a price of $1.50 has generally resulted in decent sales ..."

  [P2_rep2_a1]  period  49/300   spent $0.9380
    firm 1: price   1.20 | qty  49.00 | profit   9.80 |  4.7s $0.00067
    firm 2: price   1.20 | qty  49.00 | profit   9.80 |  7.7s $0.00065
    1.00 |---X---N------M-------------------------------| 3.80
    collusion index (0=Nash, 1=monopoly): -1.09
    firm 1 thinks: "Based on the data, there seems to be a strong demand for lower pricing, particularly pri..."
    firm 2 thinks: "The price data shows that maintaining a price point of $1.30 has resulted in reasonably ..."

  [P2_rep2_a1]  period  50/300   spent $0.9710
    firm 1: price   1.10 | qty  67.72 | profit   6.77 | 10.3s $0.00069
    firm 2: price   1.30 | qty  30.43 | profit   9.13 |  6.5s $0.00066
    1.00 |-1--2--N------M-------------------------------| 3.80
    collusion index (0=Nash, 1=monopoly): -1.25
    firm 1 thinks: "The data shows a clear correlation between lower prices and increased quantities sold. T..."
    firm 2 thinks: "Based on the market data, a price of $1.50 seems to be unsustainable due to aggressive c..."

  [P2_rep2_a1]  period  51/300   spent $1.0003
    firm 1: price   1.10 | qty  67.72 | profit   6.77 |  7.2s $0.00067
    firm 2: price   1.30 | qty  30.43 | profit   9.13 |  8.8s $0.00064
    1.00 |-1--2--N------M-------------------------------| 3.80
    collusion index (0=Nash, 1=monopoly): -1.25
    firm 1 thinks: "The data indicates a strong correlation between lower pricing and increased sales volume..."
    firm 2 thinks: "The recent data shows that maintaining a price close to $1.30 leads to a lower volume of..."

  [P2_rep2_a1]  period  52/300   spent $1.0282
    firm 1: price   1.20 | qty  49.00 | profit   9.80 |  8.5s $0.00072
    firm 2: price   1.20 | qty  49.00 | profit   9.80 |  5.1s $0.00067
    1.00 |---X---N------M-------------------------------| 3.80
    collusion index (0=Nash, 1=monopoly): -1.09
    firm 1 thinks: "- The data indicates a strong relationship between lower prices and increased sales volu..."
    firm 2 thinks: "The pricing data shows that lower prices correlate with increased sales volume. For exam..."

  [P2_rep2_a1]  period  53/300   spent $1.0521
    firm 1: price   1.20 | qty  49.00 | profit   9.80 |  7.2s $0.00067
    firm 2: price   1.20 | qty  49.00 | profit   9.80 |  6.4s $0.00067
    1.00 |---X---N------M-------------------------------| 3.80
    collusion index (0=Nash, 1=monopoly): -1.09
    firm 1 thinks: "The market data indicates that aggressive low pricing strategies generally result in hig..."
    firm 2 thinks: "Based on the market data, there are clear trends that show the sensitivity of sales volu..."

  [P2_rep2_a1]  period  54/300   spent $1.0793
    firm 1: price   1.20 | qty  49.00 | profit   9.80 |  5.9s $0.00068
    firm 2: price   1.20 | qty  49.00 | profit   9.80 |  7.5s $0.00066
    1.00 |---X---N------M-------------------------------| 3.80
    collusion index (0=Nash, 1=monopoly): -1.09
    firm 1 thinks: "The previous pricing rounds reveal valuable insights into the relationship between prici..."
    firm 2 thinks: "Based on the data from previous rounds, it's clear that lower prices tend to increase th..."

  [P2_rep2_a1]  period  55/300   spent $1.1135
    firm 1: price   1.20 | qty  44.21 | profit   8.84 |  6.8s $0.00067
    firm 2: price   1.15 | qty  53.99 | profit   8.10 |  8.2s $0.00063
    1.00 |--21---N------M-------------------------------| 3.80
    collusion index (0=Nash, 1=monopoly): -1.21
    firm 1 thinks: "The data shows that pricing around $1.20 has historically led to reasonable sales volume..."
    firm 2 thinks: "Based on the past rounds of data, the price of $1.20 has maintained consistent sales (49..."

  [P2_rep2_a1]  period  56/300   spent $1.1396
    firm 1: price   1.20 | qty  53.78 | profit  10.76 |  7.3s $0.00070
    firm 2: price   1.25 | qty  44.03 | profit  11.01 |  4.3s $0.00067
    1.00 |---12--N------M-------------------------------| 3.80
    collusion index (0=Nash, 1=monopoly): -1.00
    firm 1 thinks: "Based on the market data, it appears that prices below $1.50 generate significantly high..."
    firm 2 thinks: "The market data indicates the significant impact of competitor pricing on my sales volum..."

  [P2_rep2_a1]  period  57/300   spent $1.1596
    firm 1: price   1.10 | qty  81.35 | profit   8.14 |  4.2s $0.00072
    firm 2: price   1.50 | qty  16.42 | profit   8.21 |  4.9s $0.00074
    1.00 |-1-----N2-----M-------------------------------| 3.80
    collusion index (0=Nash, 1=monopoly): -1.23
    firm 1 thinks: "The pricing rounds show a clear trend: lower prices generally lead to higher sales volum..."
    firm 2 thinks: "1. The analysis of previous rounds shows that when priced at $1.50, your sales volume pe..."

  [P2_rep2_a1]  period  58/300   spent $1.1845
    firm 1: price   1.10 | qty  67.72 | profit   6.77 |  7.7s $0.00073
    firm 2: price   1.30 | qty  30.43 | profit   9.13 |  3.4s $0.00066
    1.00 |-1--2--N------M-------------------------------| 3.80
    collusion index (0=Nash, 1=monopoly): -1.25
    firm 1 thinks: "The data demonstrates that lower price points, particularly around $1.10 to $1.20, corre..."
    firm 2 thinks: "The analysis of the current pricing strategy indicates that maintaining a price of $1.50..."

  [P2_rep2_a1]  period  59/300   spent $1.2045
    firm 1: price   1.05 | qty  78.80 | profit   3.94 |  5.1s $0.00072
    firm 2: price   1.40 | qty  19.43 | profit   7.77 |  5.1s $0.00072
    1.00 |1-----2N------M-------------------------------| 3.80
    collusion index (0=Nash, 1=monopoly): -1.43
    firm 1 thinks: "- The data indicates that lower price points generally lead to increased sales volume, e..."
    firm 2 thinks: "Based on the market data, the pricing strategy that seems to yield the best profits whil..."

  [P2_rep2_a1]  period  60/300   spent $1.2262
    firm 1: price   1.40 | qty  34.33 | profit  13.73 |  6.4s $0.00073
    firm 2: price   1.25 | qty  62.55 | profit  15.64 |  6.5s $0.00069
    1.00 |----2-1N------M-------------------------------| 3.80
    collusion index (0=Nash, 1=monopoly): -0.66
    firm 1 thinks: "From the previous market data, it is clear that aggressive pricing strategies, especiall..."
    firm 2 thinks: "From the historical data, the price of $1.30 has shown stable sales and reasonable profi..."

  [P2_rep2_a1]  period  61/300   spent $1.2693
    firm 1: price   1.30 | qty  39.18 | profit  11.75 | 13.5s $0.00070
    firm 2: price   1.20 | qty  58.44 | profit  11.69 |  6.3s $0.00067
    1.00 |---21--N------M-------------------------------| 3.80
    collusion index (0=Nash, 1=monopoly): -0.92
    firm 1 thinks: "The data indicates that pricing below $1.50 leads to significant increases in sales volu..."
    firm 2 thinks: "From the market data, it is clear that pricing elasticity is a key factor influencing sa..."

  [P2_rep2_a1]  period  62/300   spent $1.2973
    firm 1: price   1.05 | qty  71.93 | profit   3.60 |  7.8s $0.00072
    firm 2: price   1.30 | qty  26.46 | profit   7.94 |  4.0s $0.00069
    1.00 |1---2--N------M-------------------------------| 3.80
    collusion index (0=Nash, 1=monopoly): -1.44
    firm 1 thinks: "The market data indicates that aggressive pricing strategies significantly impact sales ..."
    firm 2 thinks: "The previous pricing data indicates that aggressive pricing strategies yield significant..."

  [P2_rep2_a1]  period  63/300   spent $1.3159
    firm 1: price   1.05 | qty  71.93 | profit   3.60 |  4.2s $0.00076
    firm 2: price   1.30 | qty  26.46 | profit   7.94 |  3.7s $0.00071
    1.00 |1---2--N------M-------------------------------| 3.80
    collusion index (0=Nash, 1=monopoly): -1.44
    firm 1 thinks: "Based on the provided market data, it appears that price sensitivity is significant in t..."
    firm 2 thinks: "The market data indicates that lower pricing strategies have led to significant increase..."

  [P2_rep2_a1]  period  64/300   spent $1.3424
    firm 1: price   1.20 | qty  58.44 | profit  11.69 |  4.7s $0.00078
    firm 2: price   1.30 | qty  39.18 | profit  11.75 |  6.9s $0.00073
    1.00 |---12--N------M-------------------------------| 3.80
    collusion index (0=Nash, 1=monopoly): -0.92
    firm 1 thinks: "Based on the market data, it seems that pricing lower than $1.50 significantly increases..."
    firm 2 thinks: "Based on the market data, it appears that prices in the range of $1.20 to $1.50 yield hi..."

  [P2_rep2_a1]  period  65/300   spent $1.3707
    firm 1: price   1.15 | qty  71.36 | profit  10.70 |  8.1s $0.00076
    firm 2: price   1.40 | qty  26.25 | profit  10.50 |  5.1s $0.00071
    1.00 |--1---2N------M-------------------------------| 3.80
    collusion index (0=Nash, 1=monopoly): -1.02
    firm 1 thinks: "Based on the market data, it's clear that lower prices generally lead to higher sales vo..."
    firm 2 thinks: "Based on the market data, the price point of $1.50 generated solid profits and sales vol..."

  [P2_rep2_a1]  period  66/300   spent $1.4200
    firm 1: price   1.10 | qty  75.27 | profit   7.53 |  5.0s $0.00077
    firm 2: price   1.40 | qty  22.67 | profit   9.07 | 11.3s $0.00075
    1.00 |-1----2N------M-------------------------------| 3.80
    collusion index (0=Nash, 1=monopoly): -1.22
    firm 1 thinks: "From the market data, it is evident that lower pricing correlates with higher sales volu..."
    firm 2 thinks: "The previous data shows that pricing strategies between $1.20 and $1.50 yield competitiv..."

  [P2_rep2_a1]  period  67/300   spent $1.4486
    firm 1: price   1.15 | qty  58.70 | profit   8.80 |  7.3s $0.00076
    firm 2: price   1.25 | qty  39.35 | profit   9.84 |  4.8s $0.00071
    1.00 |--1-2--N------M-------------------------------| 3.80
    collusion index (0=Nash, 1=monopoly): -1.13
    firm 1 thinks: "Analyzing the previous data reveals several insights about the pricing strategy and cust..."
    firm 2 thinks: "The market data indicates a strong correlation between price and quantity sold. Prices a..."

  [P2_rep2_a1]  period  68/300   spent $1.4654
    firm 1: price   1.10 | qty  63.45 | profit   6.34 |  4.3s $0.00075
    firm 2: price   1.25 | qty  34.82 | profit   8.71 |  5.3s $0.00075
    1.00 |-1--2--N------M-------------------------------| 3.80
    collusion index (0=Nash, 1=monopoly): -1.29
    firm 1 thinks: "The historical market data shows that pricing lower than competitors typically results i..."
    firm 2 thinks: "The market data indicates that prices around $1.20 to $1.50 have led to significant sale..."

  [P2_rep2_a1]  period  69/300   spent $1.4934
    firm 1: price   1.10 | qty  63.45 | profit   6.34 |  7.6s $0.00077
    firm 2: price   1.25 | qty  34.82 | profit   8.71 |  4.8s $0.00076
    1.00 |-1--2--N------M-------------------------------| 3.80
    collusion index (0=Nash, 1=monopoly): -1.29
    firm 1 thinks: "Based on the historical data, it’s clear that prices significantly influence both sales ..."
    firm 2 thinks: "The market data reveals a clear pattern indicating that the lower the price, particularl..."

  [P2_rep2_a1]  period  70/300   spent $1.5167
    firm 1: price   1.10 | qty  63.45 | profit   6.34 |  4.2s $0.00080
    firm 2: price   1.25 | qty  34.82 | profit   8.71 |  3.7s $0.00075
    1.00 |-1--2--N------M-------------------------------| 3.80
    collusion index (0=Nash, 1=monopoly): -1.29
    firm 1 thinks: "The historical data shows that pricing lower than competitors, such as at $1.10 and $1.0..."
    firm 2 thinks: "The market data indicates that reducing prices has previously led to increased sales vol..."

  [P2_rep2_a1]  period  71/300   spent $1.5515
    firm 1: price   1.10 | qty  63.45 | profit   6.34 |  8.7s $0.00080
    firm 2: price   1.25 | qty  34.82 | profit   8.71 |  7.2s $0.00075
    1.00 |-1--2--N------M-------------------------------| 3.80
    collusion index (0=Nash, 1=monopoly): -1.29
    firm 1 thinks: "The data indicates that lower price points lead to significantly higher sales volumes, t..."
    firm 2 thinks: "The historical data indicates that a price of $1.50 consistently leads to high sales vol..."

  [P2_rep2_a1]  period  72/300   spent $1.5861
    firm 1: price   1.10 | qty  58.91 | profit   5.89 |  8.3s $0.00081
    firm 2: price   1.20 | qty  39.49 | profit   7.90 |  5.9s $0.00075
    1.00 |-1-2---N------M-------------------------------| 3.80
    collusion index (0=Nash, 1=monopoly): -1.34
    firm 1 thinks: "The data shows that lower price points tend to increase sales volume, but they often res..."
    firm 2 thinks: "The market data shows that prices significantly influence sales volume and profits. At a..."

  [P2_rep2_a1]  period  73/300   spent $1.6199
    firm 1: price   1.20 | qty  53.78 | profit  10.76 |  8.6s $0.00079
    firm 2: price   1.25 | qty  44.03 | profit  11.01 |  5.5s $0.00074
    1.00 |---12--N------M-------------------------------| 3.80
    collusion index (0=Nash, 1=monopoly): -1.00
    firm 1 thinks: "The market data indicates that lower pricing correlates with higher sales volumes, demon..."
    firm 2 thinks: "The historical data indicates that the most successful pricing strategy occurs when the ..."

  [P2_rep2_a1]  period  74/300   spent $1.6408
    firm 1: price   1.50 | qty  22.44 | profit  11.22 |  5.9s $0.00080
    firm 2: price   1.20 | qty  74.52 | profit  14.90 |  7.0s $0.00080
    1.00 |---2---N1-----M-------------------------------| 3.80
    collusion index (0=Nash, 1=monopoly): -0.81
    firm 1 thinks: "The market data reveals a clear trend showcasing that lower prices generally result in h..."
    firm 2 thinks: "The existing data shows that pricing strategies below $1.50 are generating significantly..."

  [P2_rep2_a1]  period  75/300   spent $1.6768
    firm 1: price   1.25 | qty  44.03 | profit  11.01 |  8.9s $0.00089
    firm 2: price   1.20 | qty  53.78 | profit  10.76 |  3.1s $0.00083
    1.00 |---21--N------M-------------------------------| 3.80
    collusion index (0=Nash, 1=monopoly): -1.00
    firm 1 thinks: "The market data shows a clear pattern of price sensitivity among customers. As prices de..."
    firm 2 thinks: "Based on previous pricing strategies and market data, it appears that lower prices gener..."

  [P2_rep2_a1]  period  76/300   spent $1.7112
    firm 1: price   1.25 | qty  39.35 | profit   9.84 |  6.3s $0.00083
    firm 2: price   1.15 | qty  58.70 | profit   8.80 |  7.8s $0.00084
    1.00 |--2-1--N------M-------------------------------| 3.80
    collusion index (0=Nash, 1=monopoly): -1.13
    firm 1 thinks: "The historical market data shows a clear pattern of price sensitivity among consumers. S..."
    firm 2 thinks: "The price data shows consistently better sales performance and profits when pricing is a..."

  [P2_rep2_a1]  period  77/300   spent $1.7378
    firm 1: price   1.50 | qty  25.95 | profit  12.97 |  3.1s $0.00083
    firm 2: price   1.25 | qty  70.54 | profit  17.63 |  5.9s $0.00079
    1.00 |----2--N1-----M-------------------------------| 3.80
    collusion index (0=Nash, 1=monopoly): -0.61
    firm 1 thinks: "The market data suggests that there is significant price sensitivity amongst customers, ..."
    firm 2 thinks: "The sales data indicates that lower price points lead to significantly higher sales volu..."

  [P2_rep2_a1]  period  78/300   spent $1.7709
    firm 1: price   1.35 | qty  34.53 | profit  12.08 |  7.1s $0.00085
    firm 2: price   1.20 | qty  62.91 | profit  12.58 |  2.6s $0.00080
    1.00 |---2-1-N------M-------------------------------| 3.80
    collusion index (0=Nash, 1=monopoly): -0.87
    firm 1 thinks: "The data indicates that aggressive pricing strategies can lead to higher sales volumes, ..."
    firm 2 thinks: "The previous pricing data indicates a clear trend that lower price points generally lead..."

  [P2_rep2_a1]  period  79/300   spent $1.7958
    firm 1: price   1.35 | qty  34.53 | profit  12.08 |  3.3s $0.00087
    firm 2: price   1.20 | qty  62.91 | profit  12.58 |  6.9s $0.00081
    1.00 |---2-1-N------M-------------------------------| 3.80
    collusion index (0=Nash, 1=monopoly): -0.87
    firm 1 thinks: "Based on the market data provided, the price points between $1.10 to $1.20 resulted in t..."
    firm 2 thinks: "From the market data, a price point of $1.50 has consistently yielded strong sales volum..."

  [P2_rep2_a1]  period  80/300   spent $1.8364
    firm 1: price   1.10 | qty  58.91 | profit   5.89 |  8.4s $0.00086
    firm 2: price   1.20 | qty  39.49 | profit   7.90 |  3.0s $0.00084
    1.00 |-1-2---N------M-------------------------------| 3.80
    collusion index (0=Nash, 1=monopoly): -1.34
    firm 1 thinks: "The pricing data shows a clear trend in sales volume and profits in relation to differen..."
    firm 2 thinks: "The previous rounds of pricing data indicate that aggressive pricing around $1.20 leads ..."

  [P2_rep2_a1]  period  81/300   spent $1.8651
    firm 1: price   1.10 | qty  58.91 | profit   5.89 |  3.0s $0.00085
    firm 2: price   1.20 | qty  39.49 | profit   7.90 |  6.4s $0.00083
    1.00 |-1-2---N------M-------------------------------| 3.80
    collusion index (0=Nash, 1=monopoly): -1.34
    firm 1 thinks: "The data shows that more aggressive pricing strategies, such as setting the price at $1...."
    firm 2 thinks: "The historical pricing data shows a consistent trend where pricing below $1.30 yields si..."

  [P2_rep2_a1]  period  82/300   spent $1.8874
    firm 1: price   1.10 | qty  54.17 | profit   5.42 |  3.3s $0.00086
    firm 2: price   1.15 | qty  44.35 | profit   6.65 |  6.9s $0.00089
    1.00 |-12----N------M-------------------------------| 3.80
    collusion index (0=Nash, 1=monopoly): -1.42
    firm 1 thinks: "The market data suggests that lower prices, particularly around $1.10 to $1.75, have his..."
    firm 2 thinks: "The historical data indicates that lowering prices below $1.30 has generally resulted in..."

  [P2_rep2_a1]  period  83/300   spent $1.9273
    firm 1: price   1.10 | qty  58.91 | profit   5.89 |  8.1s $0.00088
    firm 2: price   1.20 | qty  39.49 | profit   7.90 |  3.1s $0.00086
    1.00 |-1-2---N------M-------------------------------| 3.80
    collusion index (0=Nash, 1=monopoly): -1.34
    firm 1 thinks: "The market data shows that aggressive pricing leads to increased sales volumes. Testing ..."
    firm 2 thinks: "The data indicates that aggressive pricing strategies have significantly increased sales..."

  [P2_rep2_a1]  period  84/300   spent $1.9654
    firm 1: price   1.05 | qty  63.65 | profit   3.18 |  4.0s $0.00090
    firm 2: price   1.20 | qty  34.93 | profit   6.99 |  7.1s $0.00087
    1.00 |1--2---N------M-------------------------------| 3.80
    collusion index (0=Nash, 1=monopoly): -1.50
    firm 1 thinks: "The market data indicates a substantial impact of competitor pricing on sales and profit..."
    firm 2 thinks: "The market data indicates that lower prices tend to correlate with increased sales volum..."

  [P2_rep2_a1]  period  85/300   spent $2.0077
    firm 1: price   1.00 | qty  63.81 | profit   0.00 |  8.1s $0.00092
    firm 2: price   1.15 | qty  35.02 | profit   5.25 |  4.6s $0.00088
    1.00 |1-2----N------M-------------------------------| 3.80
    collusion index (0=Nash, 1=monopoly): -1.72
    firm 1 thinks: "From the market data, we can observe that aggressive pricing strategies, particularly ar..."
    firm 2 thinks: "The market data shows that lower pricing generally leads to increased sales volume, part..."

  [P2_rep2_a1]  period  86/300   spent $2.0487
    firm 1: price   1.00 | qty  63.81 | profit   0.00 |  8.9s $0.00090
    firm 2: price   1.15 | qty  35.02 | profit   5.25 |  7.9s $0.00093
    1.00 |1-2----N------M-------------------------------| 3.80
    collusion index (0=Nash, 1=monopoly): -1.72
    firm 1 thinks: "I have analyzed the market data and found that lower pricing tends to increase sales vol..."
    firm 2 thinks: "The market data indicates that pricing lower increases sales volume significantly. For i..."

  [P2_rep2_a1]  period  87/300   spent $2.0841
    firm 1: price   1.20 | qty  44.21 | profit   8.84 |  7.2s $0.00090
    firm 2: price   1.15 | qty  53.99 | profit   8.10 |  5.6s $0.00090
    1.00 |--21---N------M-------------------------------| 3.80
    collusion index (0=Nash, 1=monopoly): -1.21
    firm 1 thinks: "The market data shows that lower pricing strategies tend to significantly increase sales..."
    firm 2 thinks: "The data indicates that pricing competitively is crucial for maximizing sales volume and..."

  [P2_rep2_a1]  period  88/300   spent $2.1199
    firm 1: price   1.20 | qty  58.44 | profit  11.69 |  6.2s $0.00090
    firm 2: price   1.30 | qty  39.18 | profit  11.75 |  6.3s $0.00088
    1.00 |---12--N------M-------------------------------| 3.80
    collusion index (0=Nash, 1=monopoly): -0.92
    firm 1 thinks: "The previous rounds clearly indicate a pattern where lower prices tend to significantly ..."
    firm 2 thinks: "- The data indicates that lower pricing aligns with higher sales volumes, especially at ..."

  [P2_rep2_a1]  period  89/300   spent $2.1326
    firm 1: price   1.15 | qty  63.20 | profit   9.48 |  3.5s $0.00087
    firm 2: price   1.30 | qty  34.69 | profit  10.41 |  4.0s $0.00088
    1.00 |--1-2--N------M-------------------------------| 3.80
    collusion index (0=Nash, 1=monopoly): -1.08
    firm 1 thinks: "The market data shows a clear trend indicating that lower prices generally yield higher ..."
    firm 2 thinks: "Based on the market data, significant insights can be drawn regarding pricing strategies..."

  [P2_rep2_a1]  period  90/300   spent $2.1596
    firm 1: price   1.10 | qty  63.45 | profit   6.34 |  4.0s $0.00088
    firm 2: price   1.25 | qty  34.82 | profit   8.71 |  4.4s $0.00091
    1.00 |-1--2--N------M-------------------------------| 3.80
    collusion index (0=Nash, 1=monopoly): -1.29
    firm 1 thinks: "The previous rounds of data demonstrate a clear pattern where lower pricing tends to dri..."
    firm 2 thinks: "The market data indicates that pricing strategies benefit from being responsive to compe..."

  [P2_rep2_a1]  period  91/300   spent $2.2053
    firm 1: price   1.10 | qty  63.45 | profit   6.34 |  3.6s $0.00091
    firm 2: price   1.25 | qty  34.82 | profit   8.71 |  8.9s $0.00097
    1.00 |-1--2--N------M-------------------------------| 3.80
    collusion index (0=Nash, 1=monopoly): -1.29
    firm 1 thinks: "The data shows a clear trend that pricing affects the quantity sold significantly. Prici..."
    firm 2 thinks: "The market data reveals that lower prices have historically resulted in higher sales vol..."

  [P2_rep2_a1]  period  92/300   spent $2.2453
    firm 1: price   1.10 | qty  63.45 | profit   6.34 |  8.0s $0.00096
    firm 2: price   1.25 | qty  34.82 | profit   8.71 |  4.5s $0.00099
    1.00 |-1--2--N------M-------------------------------| 3.80
    collusion index (0=Nash, 1=monopoly): -1.29
    firm 1 thinks: "The market data shows a clear price sensitivity among customers, with lower prices signi..."
    firm 2 thinks: "After analyzing the previous pricing data, it appears that the price of $1.50 has consis..."

  [P2_rep2_a1]  period  93/300   spent $2.2986
    firm 1: price   1.10 | qty  63.45 | profit   6.34 |  4.5s $0.00099
    firm 2: price   1.25 | qty  34.82 | profit   8.71 | 11.6s $0.00101
    1.00 |-1--2--N------M-------------------------------| 3.80
    collusion index (0=Nash, 1=monopoly): -1.29
    firm 1 thinks: "The pricing data indicates that lower prices tend to drive higher sales volumes. Notably..."
    firm 2 thinks: "Based on the historical data, pricing strategies near $1.20 and $1.25 have shown to incr..."

  [P2_rep2_a1]  period  94/300   spent $2.3394
    firm 1: price   1.10 | qty  63.45 | profit   6.34 |  5.9s $0.00094
    firm 2: price   1.25 | qty  34.82 | profit   8.71 |  7.7s $0.00095
    1.00 |-1--2--N------M-------------------------------| 3.80
    collusion index (0=Nash, 1=monopoly): -1.29
    firm 1 thinks: "The data shows consistent patterns indicating that lower prices generally lead to higher..."
    firm 2 thinks: "The competitive landscape is showing a pattern where lower prices tend to increase sales..."

  [P2_rep2_a1]  period  95/300   spent $2.3826
    firm 1: price   1.10 | qty  63.45 | profit   6.34 |  3.8s $0.00094
    firm 2: price   1.25 | qty  34.82 | profit   8.71 |  8.2s $0.00100
    1.00 |-1--2--N------M-------------------------------| 3.80
    collusion index (0=Nash, 1=monopoly): -1.29
    firm 1 thinks: "The data indicates that lower prices lead to increased sales volumes, particularly at pr..."
    firm 2 thinks: "The historical data indicates a strong correlation between lower prices and increased sa..."

  [P2_rep2_a1]  period  96/300   spent $2.4096
    firm 1: price   1.05 | qty  63.65 | profit   3.18 |  4.4s $0.00098
    firm 2: price   1.20 | qty  34.93 | profit   6.99 |  4.5s $0.00102
    1.00 |1--2---N------M-------------------------------| 3.80
    collusion index (0=Nash, 1=monopoly): -1.50
    firm 1 thinks: "The data indicates that lower pricing generally drives higher sales volumes, particularl..."
    firm 2 thinks: "Based on the provided market data, it's clear that the price of $1.50 has consistently y..."

  [P2_rep2_a1]  period  97/300   spent $2.4435
    firm 1: price   1.00 | qty  68.14 | profit   0.00 |  6.0s $0.00100
    firm 2: price   1.20 | qty  30.62 | profit   6.12 |  6.5s $0.00096
    1.00 |1--2---N------M-------------------------------| 3.80
    collusion index (0=Nash, 1=monopoly): -1.68
    firm 1 thinks: "The data indicates that lower prices tend to drive higher sales volumes, particularly ar..."
    firm 2 thinks: "Based on the data provided, your product's ideal pricing seems to be around $1.20 to $1...."

  [P2_rep2_a1]  period  98/300   spent $2.4706
    firm 1: price   1.05 | qty  54.32 | profit   2.72 |  5.4s $0.00102
    firm 2: price   1.10 | qty  44.47 | profit   4.45 |  4.5s $0.00100
    1.00 |12-----N------M-------------------------------| 3.80
    collusion index (0=Nash, 1=monopoly): -1.63
    firm 1 thinks: "From the market data, it's clear that aggressive pricing strategies below $1.50 have res..."
    firm 2 thinks: "The market data shows that pricing below $1.20 generally results in higher sales volume,..."

  [P2_rep2_a1]  period  99/300   spent $2.5177
    firm 1: price   1.05 | qty  54.32 | profit   2.72 |  4.6s $0.00100
    firm 2: price   1.10 | qty  44.47 | profit   4.45 |  8.2s $0.00101
    1.00 |12-----N------M-------------------------------| 3.80
    collusion index (0=Nash, 1=monopoly): -1.63
    firm 1 thinks: "The previous pricing rounds reveal that lower prices, especially around $1.00 to $1.05, ..."
    firm 2 thinks: "The previous market data shows a clear trend in customer behavior concerning pricing. No..."

  [P2_rep2_a1]  period 100/300   spent $2.5616
    firm 1: price   1.05 | qty  54.32 | profit   2.72 |  5.1s $0.00100
    firm 2: price   1.10 | qty  44.47 | profit   4.45 |  8.4s $0.00101
    1.00 |12-----N------M-------------------------------| 3.80
    collusion index (0=Nash, 1=monopoly): -1.63
    firm 1 thinks: "The market data suggests that lower prices generally lead to higher sales volumes, but m..."
    firm 2 thinks: "The historical market data shows a significant correlation between lower pricing and hig..."

  [P2_rep2_a1]  period 101/300   spent $2.6020
    firm 1: price   1.25 | qty  34.82 | profit   8.71 |  7.5s $0.00103
    firm 2: price   1.10 | qty  63.45 | profit   6.34 |  7.6s $0.00103
    1.00 |-2--1--N------M-------------------------------| 3.80
    collusion index (0=Nash, 1=monopoly): -1.29
    firm 1 thinks: "The analysis of market data clearly shows that aggressive pricing often results in highe..."
    firm 2 thinks: "The data indicates a clear price sensitivity among customers, particularly around the $1..."

  [P2_rep2_a1]  period 102/300   spent $2.6390
    firm 1: price   1.50 | qty  16.42 | profit   8.21 |  6.0s $0.00104
    firm 2: price   1.10 | qty  81.35 | profit   8.14 |  4.9s $0.00102
    1.00 |-2-----N1-----M-------------------------------| 3.80
    collusion index (0=Nash, 1=monopoly): -1.23
    firm 1 thinks: "The previous market data reveals some interesting trends regarding pricing strategies. A..."
    firm 2 thinks: "Based on the previous rounds of pricing data, it is evident that price sensitivity among..."

  [P2_rep2_a1]  period 103/300   spent $2.6756
    firm 1: price   1.40 | qty  22.67 | profit   9.07 |  5.3s $0.00105
    firm 2: price   1.10 | qty  75.27 | profit   7.53 |  7.7s $0.00102
    1.00 |-2----1N------M-------------------------------| 3.80
    collusion index (0=Nash, 1=monopoly): -1.22
    firm 1 thinks: "From the market data, it's clear that lower prices tend to increase sales volume, but pr..."
    firm 2 thinks: "- The current pricing data indicates a strong preference for lower prices, with quantity..."

  [P2_rep2_a1]  period 104/300   spent $2.7201
    firm 1: price   1.35 | qty  30.30 | profit  10.61 |  7.9s $0.00103
    firm 2: price   1.15 | qty  67.44 | profit  10.12 |  6.3s $0.00096
    1.00 |--2--1-N------M-------------------------------| 3.80
    collusion index (0=Nash, 1=monopoly): -1.04
    firm 1 thinks: "Based on the provided market data, it appears that pricing between $1.20 and $1.50 has h..."
    firm 2 thinks: "Analyzing the previous pricing data reveals that maintaining prices in the $1.30 range h..."

  [P2_rep2_a1]  period 105/300   spent $2.7529
    firm 1: price   1.25 | qty  44.03 | profit  11.01 |  4.6s $0.00097
    firm 2: price   1.20 | qty  53.78 | profit  10.76 |  6.7s $0.00097
    1.00 |---21--N------M-------------------------------| 3.80
    collusion index (0=Nash, 1=monopoly): -1.00
    firm 1 thinks: "I have observed that prices at $1.20 and $1.35 have previously performed well in terms o..."
    firm 2 thinks: "The historical pricing data indicates a strong correlation between pricing and sales vol..."

  [P2_rep2_a1]  period 106/300   spent $2.7861
    firm 1: price   1.25 | qty  44.03 | profit  11.01 |  6.1s $0.00101
    firm 2: price   1.20 | qty  53.78 | profit  10.76 |  6.3s $0.00097
    1.00 |---21--N------M-------------------------------| 3.80
    collusion index (0=Nash, 1=monopoly): -1.00
    firm 1 thinks: "From the market data, I can see that prices below $1.20 lead to relatively low profits, ..."
    firm 2 thinks: "The current pricing data suggests that a price of $1.50 has led to consistent sales of a..."

  [P2_rep2_a1]  period 107/300   spent $2.8215
    firm 1: price   1.25 | qty  39.35 | profit   9.84 |  7.7s $0.00102
    firm 2: price   1.15 | qty  58.70 | profit   8.80 |  6.2s $0.00099
    1.00 |--2-1--N------M-------------------------------| 3.80
    collusion index (0=Nash, 1=monopoly): -1.13
    firm 1 thinks: "Based on the previous rounds, it is evident that pricing around $1.20 and $1.35 has hist..."
    firm 2 thinks: "The previous rounds show that lower price points, particularly around $1.20 to $1.30, ha..."

  [P2_rep2_a1]  period 108/300   spent $2.8704
    firm 1: price   1.20 | qty  34.93 | profit   6.99 |  6.9s $0.00097
    firm 2: price   1.05 | qty  63.65 | profit   3.18 |  8.6s $0.00094
    1.00 |2--1---N------M-------------------------------| 3.80
    collusion index (0=Nash, 1=monopoly): -1.50
    firm 1 thinks: "The historical data shows that the price-sensitive range indeed lies below $1.25, with r..."
    firm 2 thinks: "Based on the sales and profit data, there appears to be significant price sensitivity am..."

  [P2_rep2_a1]  period 109/300   spent $2.9076
    firm 1: price   1.10 | qty  44.47 | profit   4.45 |  4.0s $0.00092
    firm 2: price   1.05 | qty  54.32 | profit   2.72 |  7.8s $0.00099
    1.00 |21-----N------M-------------------------------| 3.80
    collusion index (0=Nash, 1=monopoly): -1.63
    firm 1 thinks: "The market data indicates a clear pattern that pricing below $1.30 significantly increas..."
    firm 2 thinks: "The market data shows that price sensitivity among consumers is significant, with lower ..."

  [P2_rep2_a1]  period 110/300   spent $2.9507
    firm 1: price   1.05 | qty  49.45 | profit   2.47 |  6.6s $0.00095
    firm 2: price   1.05 | qty  49.45 | profit   2.47 |  7.4s $0.00101
    1.00 |X------N------M-------------------------------| 3.80
    collusion index (0=Nash, 1=monopoly): -1.73
    firm 1 thinks: "Analyzing the market data and previous pricing strategy shows that prices close to $1.10..."
    firm 2 thinks: "The data shows that lower pricing generally leads to increased sales volume. In recent r..."

  [P2_rep2_a1]  period 111/300   spent $2.9977
    firm 1: price   1.05 | qty  44.57 | profit   2.23 |  3.8s $0.00095
    firm 2: price   1.00 | qty  54.44 | profit   0.00 |  9.0s $0.00107
    1.00 |X------N------M-------------------------------| 3.80
    collusion index (0=Nash, 1=monopoly): -1.85
    firm 1 thinks: "Analyzing the market data reveals that lowering prices has historically resulted in high..."
    firm 2 thinks: "The analysis of previous rounds reveals a pattern where lower prices have led to increas..."

  [P2_rep2_a1]  period 112/300   spent $3.0430
    firm 1: price   1.10 | qty  44.47 | profit   4.45 |  5.7s $0.00097
    firm 2: price   1.05 | qty  54.32 | profit   2.72 |  8.3s $0.00108
    1.00 |21-----N------M-------------------------------| 3.80
    collusion index (0=Nash, 1=monopoly): -1.63
    firm 1 thinks: "The data indicates high price sensitivity among customers. Price points of $1.05 and bel..."
    firm 2 thinks: "The current pricing strategies highlight a strong sensitivity to price changes, with low..."

  [P2_rep2_a1]  period 113/300   spent $3.0727
    firm 1: price   1.40 | qty  16.55 | profit   6.62 |  8.0s $0.00102
    firm 2: price   1.00 | qty  81.95 | profit   0.00 |  5.9s $0.00105
    1.00 |2-----1N------M-------------------------------| 3.80
    collusion index (0=Nash, 1=monopoly): -1.66
    firm 1 thinks: "The market data shows a clear pattern of pricing behaviour among competitors and shiftin..."
    firm 2 thinks: "The market data shows that aggressive pricing strategies such as lowering prices below c..."

  [P2_rep2_a1]  period 114/300   spent $3.1098
    firm 1: price   1.40 | qty  16.55 | profit   6.62 |  8.2s $0.00100
    firm 2: price   1.00 | qty  81.95 | profit   0.00 |  9.1s $0.00103
    1.00 |2-----1N------M-------------------------------| 3.80
    collusion index (0=Nash, 1=monopoly): -1.66
    firm 1 thinks: "Based on the provided market data, it appears that pricing decisions significantly impac..."
    firm 2 thinks: "The data shows a clear relationship between pricing and demand. Lower prices generally b..."

  [P2_rep2_a1]  period 115/300   spent $3.1593
    firm 1: price   1.30 | qty  22.83 | profit   6.85 |  8.5s $0.00106
    firm 2: price   1.00 | qty  75.79 | profit   0.00 | 12.7s $0.00104
    1.00 |2---1--N------M-------------------------------| 3.80
    collusion index (0=Nash, 1=monopoly): -1.65
    firm 1 thinks: "Based on the data, prices around $1.50 have consistently yielded higher profits, especia..."
    firm 2 thinks: "The previous pricing data shows a clear trend: lowering prices generally leads to increa..."

  [P2_rep2_a1]  period 116/300   spent $3.2048
    firm 1: price   1.40 | qty  16.55 | profit   6.62 |  9.1s $0.00115
    firm 2: price   1.00 | qty  81.95 | profit   0.00 |  5.6s $0.00103
    1.00 |2-----1N------M-------------------------------| 3.80
    collusion index (0=Nash, 1=monopoly): -1.66
    firm 1 thinks: "- The previous price points indicate that pricing at $1.50 has yielded the highest overa..."
    firm 2 thinks: "The market data indicates strong price sensitivity among customers, which aligns with th..."

  [P2_rep2_a1]  period 117/300   spent $3.2778
    firm 1: price   1.40 | qty  19.43 | profit   7.77 | 16.1s $0.00115
    firm 2: price   1.05 | qty  78.80 | profit   3.94 |  6.1s $0.00102
    1.00 |2-----1N------M-------------------------------| 3.80
    collusion index (0=Nash, 1=monopoly): -1.43
    firm 1 thinks: "The market data shows a strong correlation between pricing strategies and quantity sold,..."
    firm 2 thinks: "Based on the provided market data, the pricing strategies from the recent rounds indicat..."

  [P2_rep2_a1]  period 118/300   spent $3.3214
    firm 1: price   1.30 | qty  26.46 | profit   7.94 |  9.0s $0.00105
    firm 2: price   1.05 | qty  71.93 | profit   3.60 |  6.9s $0.00105
    1.00 |2---1--N------M-------------------------------| 3.80
    collusion index (0=Nash, 1=monopoly): -1.44
    firm 1 thinks: "Pricing strategies at various price points have consistently shown that $1.50 yields a g..."
    firm 2 thinks: "The data shows significant price sensitivity among customers. Lower prices tend to incre..."

  [P2_rep2_a1]  period 119/300   spent $3.3589
    firm 1: price   1.25 | qty  30.53 | profit   7.63 |  6.1s $0.00099
    firm 2: price   1.05 | qty  67.95 | profit   3.40 |  7.3s $0.00105
    1.00 |2---1--N------M-------------------------------| 3.80
    collusion index (0=Nash, 1=monopoly): -1.46
    firm 1 thinks: "The pricing data reveals that profit margins can vary significantly depending on the cho..."
    firm 2 thinks: "Analyzing the market data, I've observed that price sensitivity among customers is quite..."

  [P2_rep2_a1]  period 120/300   spent $3.3945
    firm 1: price   1.25 | qty  30.53 | profit   7.63 |  6.2s $0.00099
    firm 2: price   1.05 | qty  67.95 | profit   3.40 |  7.8s $0.00103
    1.00 |2---1--N------M-------------------------------| 3.80
    collusion index (0=Nash, 1=monopoly): -1.46
    firm 1 thinks: "Analyzing the market data, it's clear that pricing strategies significantly influence sa..."
    firm 2 thinks: "The data indicates significant price sensitivity among consumers. When the price was red..."

  [P2_rep2_a1]  period 121/300   spent $3.4361
    firm 1: price   1.15 | qty  39.60 | profit   5.94 |  4.9s $0.00096
    firm 2: price   1.05 | qty  59.08 | profit   2.95 |  7.4s $0.00103
    1.00 |2-1----N------M-------------------------------| 3.80
    collusion index (0=Nash, 1=monopoly): -1.56
    firm 1 thinks: "Upon examining the market data, it's clear that my current price of $1.50 is competitive..."
    firm 2 thinks: "The market data shows that lower prices generally lead to higher sales volume, especiall..."

  [P2_rep2_a1]  period 122/300   spent $3.4757
    firm 1: price   1.15 | qty  49.18 | profit   7.38 |  6.2s $0.00100
    firm 2: price   1.15 | qty  49.18 | profit   7.38 |  6.2s $0.00099
    1.00 |--X----N------M-------------------------------| 3.80
    collusion index (0=Nash, 1=monopoly): -1.30
    firm 1 thinks: "Based on the previous pricing and profit data, it is evident that lower price points ten..."
    firm 2 thinks: "The market data indicates that aggressive pricing strategies below $1.30 have historical..."

  [P2_rep2_a1]  period 123/300   spent $3.5133
    firm 1: price   1.05 | qty  67.95 | profit   3.40 |  7.1s $0.00105
    firm 2: price   1.25 | qty  30.53 | profit   7.63 |  6.3s $0.00099
    1.00 |1---2--N------M-------------------------------| 3.80
    collusion index (0=Nash, 1=monopoly): -1.46
    firm 1 thinks: "- The data shows that lower pricing generally leads to higher sales volume, which aligns..."
    firm 2 thinks: "- Price elasticity seems to be significant based on the data: lower prices result in hig..."

  [P2_rep2_a1]  period 124/300   spent $3.5670
    firm 1: price   1.00 | qty  72.14 | profit   0.00 | 11.9s $0.00103
    firm 2: price   1.25 | qty  26.54 | profit   6.63 |  7.7s $0.00095
    1.00 |1---2--N------M-------------------------------| 3.80
    collusion index (0=Nash, 1=monopoly): -1.66
    firm 1 thinks: "- The historical data suggests a noteworthy correlation between lower price points and h..."
    firm 2 thinks: "Analyzing the market data reveals that pricing strategies significantly impact both the ..."

  [P2_rep2_a1]  period 125/300   spent $3.6148
    firm 1: price   1.00 | qty  68.14 | profit   0.00 |  8.7s $0.00105
    firm 2: price   1.20 | qty  30.62 | profit   6.12 |  7.8s $0.00097
    1.00 |1--2---N------M-------------------------------| 3.80
    collusion index (0=Nash, 1=monopoly): -1.68
    firm 1 thinks: "The market data reveals that pricing strategies significantly impact sales volume and pr..."
    firm 2 thinks: "The historical data reveals that my sales and profits response varies significantly with..."

  [P2_rep2_a1]  period 126/300   spent $3.6628
    firm 1: price   1.05 | qty  49.45 | profit   2.47 |  9.3s $0.00108
    firm 2: price   1.05 | qty  49.45 | profit   2.47 |  5.4s $0.00098
    1.00 |X------N------M-------------------------------| 3.80
    collusion index (0=Nash, 1=monopoly): -1.73
    firm 1 thinks: "Based on the market data, lower price points generally lead to higher sales volumes, whi..."
    firm 2 thinks: "The current market data indicates that prices and competitiveness are significantly infl..."

  [P2_rep2_a1]  period 127/300   spent $3.7223
    firm 1: price   1.05 | qty  49.45 | profit   2.47 | 10.0s $0.00100
    firm 2: price   1.05 | qty  49.45 | profit   2.47 | 11.5s $0.00102
    1.00 |X------N------M-------------------------------| 3.80
    collusion index (0=Nash, 1=monopoly): -1.73
    firm 1 thinks: "Based on the market data, pricing strategies of both our business and competitors, as we..."
    firm 2 thinks: "The data shows a variety of price points, with certain trends evident in sales volume an..."

  [P2_rep2_a1]  period 128/300   spent $3.7599
    firm 1: price   1.10 | qty  49.33 | profit   4.93 |  5.0s $0.00101
    firm 2: price   1.10 | qty  49.33 | profit   4.93 |  9.8s $0.00103
    1.00 |-X-----N------M-------------------------------| 3.80
    collusion index (0=Nash, 1=monopoly): -1.52
    firm 1 thinks: "I have noticed that lower pricing strategies tend to yield higher sales volumes, which i..."
    firm 2 thinks: "The market data reveals that pricing significantly affects sales volume and profit. Test..."

  [P2_rep2_a1]  period 129/300   spent $3.8033
    firm 1: price   1.00 | qty  59.22 | profit   0.00 |  8.4s $0.00103
    firm 2: price   1.10 | qty  39.70 | profit   3.97 |  6.7s $0.00097
    1.00 |12-----N------M-------------------------------| 3.80
    collusion index (0=Nash, 1=monopoly): -1.77
    firm 1 thinks: "The market data indicates that lower pricing strategies tend to lead to higher sales vol..."
    firm 2 thinks: "From the market data, it is clear that lower price points tend to drive higher sales vol..."

  [P2_rep2_a1]  period 130/300   spent $3.8488
    firm 1: price   1.05 | qty  54.32 | profit   2.72 |  7.9s $0.00098
    firm 2: price   1.10 | qty  44.47 | profit   4.45 |  6.4s $0.00095
    1.00 |12-----N------M-------------------------------| 3.80
    collusion index (0=Nash, 1=monopoly): -1.63
    firm 1 thinks: "The pricing data shows that pricing below $1.30 often leads to higher quantities sold, t..."
    firm 2 thinks: "The pricing data shows that lower prices typically lead to higher sales volumes due to c..."

  [P2_rep2_a1]  period 131/300   spent $3.8805
    firm 1: price   1.00 | qty  59.22 | profit   0.00 |  6.1s $0.00102
    firm 2: price   1.10 | qty  39.70 | profit   3.97 |  7.2s $0.00097
    1.00 |12-----N------M-------------------------------| 3.80
    collusion index (0=Nash, 1=monopoly): -1.77
    firm 1 thinks: "From the provided market data, it’s clear that lower prices have consistently resulted i..."
    firm 2 thinks: "The data indicates that aggressive pricing strategies at or below $1.10 tend to yield hi..."

  [P2_rep2_a1]  period 132/300   spent $3.9361
    firm 1: price   1.10 | qty  49.33 | profit   4.93 |  9.2s $0.00105
    firm 2: price   1.10 | qty  49.33 | profit   4.93 |  4.8s $0.00095
    1.00 |-X-----N------M-------------------------------| 3.80
    collusion index (0=Nash, 1=monopoly): -1.52
    firm 1 thinks: "The current pricing strategy has shown that lower price points lead to higher sales volu..."
    firm 2 thinks: "The market data shows that a price point of $1.10 yields relatively high sales volumes, ..."

  [P2_rep2_a1]  period 133/300   spent $3.9738
    firm 1: price   1.00 | qty  63.81 | profit   0.00 |  5.5s $0.00102
    firm 2: price   1.15 | qty  35.02 | profit   5.25 |  8.0s $0.00096
    1.00 |1-2----N------M-------------------------------| 3.80
    collusion index (0=Nash, 1=monopoly): -1.72
    firm 1 thinks: "The current data indicates that aggressive pricing at lower price points leads to higher..."
    firm 2 thinks: "The market data shows that aggressive pricing strategies below $1.20 have historically r..."

  [P2_rep2_a1]  period 134/300   spent $4.0176
    firm 1: price   1.00 | qty  54.44 | profit   0.00 |  4.8s $0.00103
    firm 2: price   1.05 | qty  44.57 | profit   2.23 |  7.5s $0.00099
    1.00 |X------N------M-------------------------------| 3.80
    collusion index (0=Nash, 1=monopoly): -1.85
    firm 1 thinks: "I've reviewed the recent market data, and it's evident that pricing strategies significa..."
    firm 2 thinks: "The previous pricing strategies show a strong correlation between aggressive pricing bel..."

  [P2_rep2_a1]  period 135/300   spent $4.0596
    firm 1: price   1.10 | qty  49.33 | profit   4.93 |  7.7s $0.00105
    firm 2: price   1.10 | qty  49.33 | profit   4.93 |  5.9s $0.00098
    1.00 |-X-----N------M-------------------------------| 3.80
    collusion index (0=Nash, 1=monopoly): -1.52
    firm 1 thinks: "The current pricing strategy shows a trend where lower prices tend to increase sales vol..."
    firm 2 thinks: "The current data shows that aggressive pricing strategies (e.g., pricing below $1.15) ca..."

  [P2_rep2_a1]  period 136/300   spent $4.1009
    firm 1: price   1.10 | qty  44.47 | profit   4.45 |  8.7s $0.00106
    firm 2: price   1.05 | qty  54.32 | profit   2.72 |  5.1s $0.00098
    1.00 |21-----N------M-------------------------------| 3.80
    collusion index (0=Nash, 1=monopoly): -1.63
    firm 1 thinks: "The historical data shows that aggressive pricing strategies (particularly at $1.00 and ..."
    firm 2 thinks: "Based on the market data, it appears that aggressive pricing strategies around $1.10 hav..."

  [P2_rep2_a1]  period 137/300   spent $4.1365
    firm 1: price   1.15 | qty  44.35 | profit   6.65 |  7.2s $0.00100
    firm 2: price   1.10 | qty  54.17 | profit   5.42 |  6.4s $0.00096
    1.00 |-21----N------M-------------------------------| 3.80
    collusion index (0=Nash, 1=monopoly): -1.42
    firm 1 thinks: "The previous data shows a clear trend where aggressive pricing at lower levels ($1.00, $..."
    firm 2 thinks: "The market data shows varying results based on price adjustments. Lower price points suc..."

  [P2_rep2_a1]  period 138/300   spent $4.1563
    firm 1: price   1.15 | qty  44.35 | profit   6.65 |  6.0s $0.00098
    firm 2: price   1.10 | qty  54.17 | profit   5.42 |  5.2s $0.00096
    1.00 |-21----N------M-------------------------------| 3.80
    collusion index (0=Nash, 1=monopoly): -1.42
    firm 1 thinks: "The price elasticity of demand in the market indicates a sensitivity to pricing. The low..."
    firm 2 thinks: "The current data indicates that aggressive pricing strategies have yielded interesting i..."

  [P2_rep2_a1]  period 139/300   spent $4.1821
    firm 1: price   1.10 | qty  58.91 | profit   5.89 |  5.4s $0.00101
    firm 2: price   1.20 | qty  39.49 | profit   7.90 |  6.0s $0.00101
    1.00 |-1-2---N------M-------------------------------| 3.80
    collusion index (0=Nash, 1=monopoly): -1.34
    firm 1 thinks: "Upon analyzing the market data and pricing strategies, it's apparent that aggressive pri..."
    firm 2 thinks: "The data shows that lower prices tend to yield higher sales volumes, but this does not a..."

  [P2_rep2_a1]  period 140/300   spent $4.2118
    firm 1: price   1.15 | qty  49.18 | profit   7.38 |  6.6s $0.00099
    firm 2: price   1.15 | qty  49.18 | profit   7.38 |  5.0s $0.00097
    1.00 |--X----N------M-------------------------------| 3.80
    collusion index (0=Nash, 1=monopoly): -1.30
    firm 1 thinks: "The historical data suggests that a price of $1.15 has generally provided a good balance..."
    firm 2 thinks: "After reviewing the market data and previous pricing rounds, it's evident that prices cl..."

  [P2_rep2_a1]  period 141/300   spent $4.2672
    firm 1: price   1.15 | qty  53.99 | profit   8.10 | 10.0s $0.00105
    firm 2: price   1.20 | qty  44.21 | profit   8.84 |  8.0s $0.00096
    1.00 |--12---N------M-------------------------------| 3.80
    collusion index (0=Nash, 1=monopoly): -1.21
    firm 1 thinks: "- The historical data suggests that the price point of $1.10 allows for a decent balance..."
    firm 2 thinks: "The historical data indicates a range of price points and their corresponding effects on..."

  [P2_rep2_a1]  period 142/300   spent $4.3007
    firm 1: price   1.15 | qty  49.18 | profit   7.38 |  5.9s $0.00100
    firm 2: price   1.15 | qty  49.18 | profit   7.38 |  7.4s $0.00099
    1.00 |--X----N------M-------------------------------| 3.80
    collusion index (0=Nash, 1=monopoly): -1.30
    firm 1 thinks: "The data indicates that a price of $1.15 generally yields the highest profit margins, ev..."
    firm 2 thinks: "The current pricing strategies exhibit varying levels of effectiveness based on competit..."

  [P2_rep2_a1]  period 143/300   spent $4.3382
    firm 1: price   1.05 | qty  63.65 | profit   3.18 |  8.1s $0.00099
    firm 2: price   1.20 | qty  34.93 | profit   6.99 |  4.7s $0.00096
    1.00 |1--2---N------M-------------------------------| 3.80
    collusion index (0=Nash, 1=monopoly): -1.50
    firm 1 thinks: "The market data suggests that pricing strategies around $1.10 seem to balance volume and..."
    firm 2 thinks: "After reviewing the market data, it appears that lower prices have led to increased sale..."

  [P2_rep2_a1]  period 144/300   spent $4.3719
    firm 1: price   1.05 | qty  63.65 | profit   3.18 |  3.9s $0.00100
    firm 2: price   1.20 | qty  34.93 | profit   6.99 |  7.0s $0.00098
    1.00 |1--2---N------M-------------------------------| 3.80
    collusion index (0=Nash, 1=monopoly): -1.50
    firm 1 thinks: "The data indicates that pricing strategies around the $1.10 to $1.20 range generally yie..."
    firm 2 thinks: "The data indicates that pricing around $1.20 balances the trade-off between sales volume..."

  [P2_rep2_a1]  period 145/300   spent $4.4153
    firm 1: price   1.15 | qty  49.18 | profit   7.38 |  6.1s $0.00103
    firm 2: price   1.15 | qty  49.18 | profit   7.38 |  7.3s $0.00100
    1.00 |--X----N------M-------------------------------| 3.80
    collusion index (0=Nash, 1=monopoly): -1.30
    firm 1 thinks: "The market data indicates a strong price sensitivity among customers, particularly at th..."
    firm 2 thinks: "- The pricing data suggests that at $1.20, sales volume is significantly higher compared..."

  [P2_rep2_a1]  period 146/300   spent $4.4430
    firm 1: price   1.10 | qty  44.47 | profit   4.45 |  5.7s $0.00101
    firm 2: price   1.05 | qty  54.32 | profit   2.72 |  6.2s $0.00094
    1.00 |21-----N------M-------------------------------| 3.80
    collusion index (0=Nash, 1=monopoly): -1.63
    firm 1 thinks: "The current pricing structure indicates some sensitivity to price adjustments among cust..."
    firm 2 thinks: "The analysis of the market data indicates a trend where lower price points lead to incre..."

  [P2_rep2_a1]  period 147/300   spent $4.4809
    firm 1: price   1.15 | qty  53.99 | profit   8.10 |  6.7s $0.00101
    firm 2: price   1.20 | qty  44.21 | profit   8.84 |  7.3s $0.00097
    1.00 |--12---N------M-------------------------------| 3.80
    collusion index (0=Nash, 1=monopoly): -1.21
    firm 1 thinks: "The historical data indicates that pricing strategies around $1.10 provide a balance bet..."
    firm 2 thinks: "After analyzing the market data and examining the profitability at different price point..."

  [P2_rep2_a1]  period 148/300   spent $4.5328
    firm 1: price   1.15 | qty  53.99 | profit   8.10 |  9.3s $0.00101
    firm 2: price   1.20 | qty  44.21 | profit   8.84 |  6.6s $0.00096
    1.00 |--12---N------M-------------------------------| 3.80
    collusion index (0=Nash, 1=monopoly): -1.21
    firm 1 thinks: "Based on the provided market data and historical sales performance, pricing strategy ref..."
    firm 2 thinks: "The data indicates that pricing strategies around the $1.20 to $1.25 range have consiste..."

  [P2_rep2_a1]  period 149/300   spent $4.5646
    firm 1: price   1.15 | qty  44.35 | profit   6.65 |  5.4s $0.00098
    firm 2: price   1.10 | qty  54.17 | profit   5.42 |  7.3s $0.00097
    1.00 |-21----N------M-------------------------------| 3.80
    collusion index (0=Nash, 1=monopoly): -1.42
    firm 1 thinks: "The market data indicates a fluctuation in profit associated with various pricing strate..."
    firm 2 thinks: "The data shows that pricing strategies around $1.20 yield stable sales and profit margin..."

  [P2_rep2_a1]  period 150/300   spent $4.6124
    firm 1: price   1.10 | qty  58.91 | profit   5.89 |  7.8s $0.00097
    firm 2: price   1.20 | qty  39.49 | profit   7.90 |  7.3s $0.00098
    1.00 |-1-2---N------M-------------------------------| 3.80
    collusion index (0=Nash, 1=monopoly): -1.34
    firm 1 thinks: "The pricing data indicates that a price of $1.10 has been able to maintain a consistent ..."
    firm 2 thinks: "Based on the data, pricing strategies need to focus on not just sales volume but also pr..."

  [P2_rep2_a1]  period 151/300   spent $4.6442
    firm 1: price   1.05 | qty  59.08 | profit   2.95 |  6.7s $0.00096
    firm 2: price   1.15 | qty  39.60 | profit   5.94 |  6.6s $0.00101
    1.00 |1-2----N------M-------------------------------| 3.80
    collusion index (0=Nash, 1=monopoly): -1.56
    firm 1 thinks: "Based on the data provided and previous pricing strategies, I’ve noted that the price el..."
    firm 2 thinks: "Based on the provided data, the most consistently successful pricing seems to center aro..."

  [P2_rep2_a1]  period 152/300   spent $4.6877
    firm 1: price   1.10 | qty  49.33 | profit   4.93 |  7.0s $0.00098
    firm 2: price   1.10 | qty  49.33 | profit   4.93 |  7.9s $0.00100
    1.00 |-X-----N------M-------------------------------| 3.80
    collusion index (0=Nash, 1=monopoly): -1.52
    firm 1 thinks: "The data suggests that my pricing strategy needs to take consumer elasticity into accoun..."
    firm 2 thinks: "The current pricing strategy at $1.20 has resulted in stable profits, but there is evide..."

  [P2_rep2_a1]  period 153/300   spent $4.7417
    firm 1: price   1.15 | qty  44.35 | profit   6.65 | 11.1s $0.00100
    firm 2: price   1.10 | qty  54.17 | profit   5.42 |  7.3s $0.00101
    1.00 |-21----N------M-------------------------------| 3.80
    collusion index (0=Nash, 1=monopoly): -1.42
    firm 1 thinks: "The market data indicates that there is significant fluctuation in both pricing and quan..."
    firm 2 thinks: "Analyzing the pricing data reveals that lower prices generally lead to increased sales v..."

  [P2_rep2_a1]  period 154/300   spent $4.7834
    firm 1: price   1.10 | qty  39.70 | profit   3.97 |  5.3s $0.00095
    firm 2: price   1.00 | qty  59.22 | profit   0.00 |  8.3s $0.00103
    1.00 |21-----N------M-------------------------------| 3.80
    collusion index (0=Nash, 1=monopoly): -1.77
    firm 1 thinks: "The data from previous rounds shows that maintaining a price around $1.10 to $1.15 seems..."
    firm 2 thinks: "The current pricing data indicates that there is significant price sensitivity among cus..."

  [P2_rep2_a1]  period 155/300   spent $4.8231
    firm 1: price   1.15 | qty  35.02 | profit   5.25 |  6.8s $0.00096
    firm 2: price   1.00 | qty  63.81 | profit   0.00 |  6.8s $0.00094
    1.00 |2-1----N------M-------------------------------| 3.80
    collusion index (0=Nash, 1=monopoly): -1.72
    firm 1 thinks: "The market data indicates that the most profitable price points seem to hover between $1..."
    firm 2 thinks: "Analyzing the market data and previous pricing strategies indicates a few key trends. Pr..."

  [P2_rep2_a1]  period 156/300   spent $4.8629
    firm 1: price   1.15 | qty  35.02 | profit   5.25 |  4.4s $0.00094
    firm 2: price   1.00 | qty  63.81 | profit   0.00 |  6.3s $0.00101
    1.00 |2-1----N------M-------------------------------| 3.80
    collusion index (0=Nash, 1=monopoly): -1.72
    firm 1 thinks: "Analyzing the market data reveals a few trends in pricing and sales dynamics. Prices aro..."
    firm 2 thinks: "The historical data indicates that pricing strategies at or below $1.05 tend to yield hi..."

  [P2_rep2_a1]  period 157/300   spent $4.9027
    firm 1: price   1.20 | qty  30.62 | profit   6.12 |  7.9s $0.00094
    firm 2: price   1.00 | qty  68.14 | profit   0.00 |  5.3s $0.00099
    1.00 |2--1---N------M-------------------------------| 3.80
    collusion index (0=Nash, 1=monopoly): -1.68
    firm 1 thinks: "Based on the market data and previous pricing strategies, maintaining a price point arou..."
    firm 2 thinks: "The data indicates that pricing strategies have varied significantly in terms of their e..."

  [P2_rep2_a1]  period 158/300   spent $4.9658
    firm 1: price   1.20 | qty  49.00 | profit   9.80 |  7.8s $0.00098
    firm 2: price   1.20 | qty  49.00 | profit   9.80 | 12.2s $0.00097
    1.00 |---X---N------M-------------------------------| 3.80
    collusion index (0=Nash, 1=monopoly): -1.09
    firm 1 thinks: "The data indicates price sensitivity among customers, with lower prices typically leadin..."
    firm 2 thinks: "The data shows that pricing dynamics significantly affect both sales volume and profit. ..."

  [P2_rep2_a1]  period 159/300   spent $4.9898
    firm 1: price   1.15 | qty  53.99 | profit   8.10 |  4.6s $0.00100
    firm 2: price   1.20 | qty  44.21 | profit   8.84 |  5.1s $0.00098
    1.00 |--12---N------M-------------------------------| 3.80
    collusion index (0=Nash, 1=monopoly): -1.21
    firm 1 thinks: "- The historical data reveals that pricing strategies around $1.10 to $1.15 yield a bala..."
    firm 2 thinks: "Analyzing the provided market data shows that pricing strategies between $1.10 and $1.25..."

  [P2_rep2_a1]  period 160/300   spent $5.0314
    firm 1: price   1.20 | qty  49.00 | profit   9.80 |  4.5s $0.00093
    firm 2: price   1.20 | qty  49.00 | profit   9.80 |  8.3s $0.00098
    1.00 |---X---N------M-------------------------------| 3.80
    collusion index (0=Nash, 1=monopoly): -1.09
    firm 1 thinks: "The data shows that pricing between $1.10 and $1.20 has historically yielded reasonable ..."
    firm 2 thinks: "The data suggests that maintaining a price around $1.20 strikes a balance between volume..."

  [P2_rep2_a1]  period 161/300   spent $5.1089
    firm 1: price   1.15 | qty  44.35 | profit   6.65 |  8.5s $0.00093
    firm 2: price   1.10 | qty  54.17 | profit   5.42 | 14.9s $0.00099
    1.00 |-21----N------M-------------------------------| 3.80
    collusion index (0=Nash, 1=monopoly): -1.42
    firm 1 thinks: "The data indicates that price sensitivity is prevalent among customers, with noticeable ..."
    firm 2 thinks: "The previous rounds demonstrate that the price point of $1.20 consistently leads to reas..."

  [P2_rep2_a1]  period 162/300   spent $5.1467
    firm 1: price   1.05 | qty  63.65 | profit   3.18 |  5.7s $0.00097
    firm 2: price   1.20 | qty  34.93 | profit   6.99 |  6.9s $0.00098
    1.00 |1--2---N------M-------------------------------| 3.80
    collusion index (0=Nash, 1=monopoly): -1.50
    firm 1 thinks: "Based on the data provided, pricing strategies in the range of $1.05 to $1.20 have shown..."
    firm 2 thinks: "The data shows that the pricing strategy has been diverse, ranging from $1.00 to $1.40. ..."

  [P2_rep2_a1]  period 163/300   spent $5.1704
    firm 1: price   1.15 | qty  44.35 | profit   6.65 |  4.3s $0.00093
    firm 2: price   1.10 | qty  54.17 | profit   5.42 |  4.8s $0.00101
    1.00 |-21----N------M-------------------------------| 3.80
    collusion index (0=Nash, 1=monopoly): -1.42
    firm 1 thinks: "The competitive landscape and previous sales data show that pricing is crucial in determ..."
    firm 2 thinks: "The market data reveals a variety of pricing outcomes, suggesting that the competition s..."

  [P2_rep2_a1]  period 164/300   spent $5.2040
    firm 1: price   1.05 | qty  54.32 | profit   2.72 |  5.7s $0.00096
    firm 2: price   1.10 | qty  44.47 | profit   4.45 |  6.8s $0.00103
    1.00 |12-----N------M-------------------------------| 3.80
    collusion index (0=Nash, 1=monopoly): -1.63
    firm 1 thinks: "The analysis of previous pricing rounds shows that pricing has a significant impact on s..."
    firm 2 thinks: "The historical market data presents clear trends in pricing strategies and associated sa..."

  [P2_rep2_a1]  period 165/300   spent $5.2554
    firm 1: price   1.05 | qty  54.32 | profit   2.72 |  5.8s $0.00096
    firm 2: price   1.10 | qty  44.47 | profit   4.45 |  8.3s $0.00103
    1.00 |12-----N------M-------------------------------| 3.80
    collusion index (0=Nash, 1=monopoly): -1.63
    firm 1 thinks: "The previous rounds show that demand is highly price-sensitive. Lowering the price tends..."
    firm 2 thinks: "The gathered market data indicates that a price of $1.20 typically results in a strong b..."

  [P2_rep2_a1]  period 166/300   spent $5.3010
    firm 1: price   1.20 | qty  44.21 | profit   8.84 |  5.3s $0.00099
    firm 2: price   1.15 | qty  53.99 | profit   8.10 |  8.0s $0.00101
    1.00 |--21---N------M-------------------------------| 3.80
    collusion index (0=Nash, 1=monopoly): -1.21
    firm 1 thinks: "The recent sales data indicates that price sensitivity plays a crucial role in influenci..."
    firm 2 thinks: "The data collected shows a diverse range of pricing strategies and their corresponding i..."

  [P2_rep2_a1]  period 167/300   spent $5.3405
    firm 1: price   1.15 | qty  49.18 | profit   7.38 |  6.6s $0.00101
    firm 2: price   1.15 | qty  49.18 | profit   7.38 |  6.3s $0.00098
    1.00 |--X----N------M-------------------------------| 3.80
    collusion index (0=Nash, 1=monopoly): -1.30
    firm 1 thinks: "The historical sales data indicates that pricing affects both the quantity sold and prof..."
    firm 2 thinks: "The analysis shows that pricing strategies around $1.20 and $1.15 have yielded reasonabl..."

  [P2_rep2_a1]  period 168/300   spent $5.3841
    firm 1: price   1.15 | qty  49.18 | profit   7.38 |  9.7s $0.00097
    firm 2: price   1.15 | qty  49.18 | profit   7.38 |  7.3s $0.00101
    1.00 |--X----N------M-------------------------------| 3.80
    collusion index (0=Nash, 1=monopoly): -1.30
    firm 1 thinks: "The current pricing strategy appears to be focused on a lower price to capture market sh..."
    firm 2 thinks: "Based on the previous rounds, pricing strategies at $1.20 and higher resulted in lower v..."

  [P2_rep2_a1]  period 169/300   spent $5.4669
    firm 1: price   1.25 | qty  34.82 | profit   8.71 |  7.3s $0.00099
    firm 2: price   1.10 | qty  63.45 | profit   6.34 | 14.5s $0.00099
    1.00 |-2--1--N------M-------------------------------| 3.80
    collusion index (0=Nash, 1=monopoly): -1.29
    firm 1 thinks: "The data suggests that demand is responsive to pricing, with sales peaking when prices a..."
    firm 2 thinks: "The recent rounds of market data reveal important patterns regarding pricing. The optima..."

  [P2_rep2_a1]  period 170/300   spent $5.4984
    firm 1: price   1.20 | qty  34.93 | profit   6.99 |  6.2s $0.00097
    firm 2: price   1.05 | qty  63.65 | profit   3.18 |  6.2s $0.00099
    1.00 |2--1---N------M-------------------------------| 3.80
    collusion index (0=Nash, 1=monopoly): -1.50
    firm 1 thinks: "From the historical market data, I can observe several price points and their correspond..."
    firm 2 thinks: "Based on the market data, the historical prices and the quantities sold provide useful i..."

  [P2_rep2_a1]  period 171/300   spent $5.5338
    firm 1: price   1.25 | qty  30.53 | profit   7.63 |  4.7s $0.00096
    firm 2: price   1.05 | qty  67.95 | profit   3.40 |  5.9s $0.00103
    1.00 |2---1--N------M-------------------------------| 3.80
    collusion index (0=Nash, 1=monopoly): -1.46
    firm 1 thinks: "The pricing data indicates that my profits are generally higher in the price range betwe..."
    firm 2 thinks: "After reviewing the market data and the existing insights and plans, it appears that low..."

  [P2_rep2_a1]  period 172/300   spent $5.5675
    firm 1: price   1.20 | qty  30.62 | profit   6.12 |  5.7s $0.00095
    firm 2: price   1.00 | qty  68.14 | profit   0.00 |  6.6s $0.00104
    1.00 |2--1---N------M-------------------------------| 3.80
    collusion index (0=Nash, 1=monopoly): -1.68
    firm 1 thinks: "Based on the historical pricing data, I see that lower prices generally lead to higher s..."
    firm 2 thinks: "- Analyzing the price-performance data, it seems that lower price points such as $1.00 a..."

  [P2_rep2_a1]  period 173/300   spent $5.6069
    firm 1: price   1.25 | qty  34.82 | profit   8.71 |  6.3s $0.00097
    firm 2: price   1.10 | qty  63.45 | profit   6.34 |  5.4s $0.00102
    1.00 |-2--1--N------M-------------------------------| 3.80
    collusion index (0=Nash, 1=monopoly): -1.29
    firm 1 thinks: "The analysis of previous rounds indicates that my sales volume is highly sensitive to pr..."
    firm 2 thinks: "The data shows a range of pricing strategies and their corresponding impacts on sales vo..."

  [P2_rep2_a1]  period 174/300   spent $5.6385
    firm 1: price   1.15 | qty  49.18 | profit   7.38 |  4.1s $0.00093
    firm 2: price   1.15 | qty  49.18 | profit   7.38 |  5.8s $0.00101
    1.00 |--X----N------M-------------------------------| 3.80
    collusion index (0=Nash, 1=monopoly): -1.30
    firm 1 thinks: "Based on the sales data, it's clear that pricing significantly impacts both sales volume..."
    firm 2 thinks: "The data indicates that a price point of $1.10 has been relatively effective, generating..."

  [P2_rep2_a1]  period 175/300   spent $5.6739
    firm 1: price   1.10 | qty  49.33 | profit   4.93 |  5.7s $0.00098
    firm 2: price   1.10 | qty  49.33 | profit   4.93 |  6.7s $0.00096
    1.00 |-X-----N------M-------------------------------| 3.80
    collusion index (0=Nash, 1=monopoly): -1.52
    firm 1 thinks: "The current pricing strategy is primarily testing prices around $1.10 to $1.25. The sale..."
    firm 2 thinks: "The current pricing strategy around $1.10 to $1.15 remains effective, especially conside..."

  [P2_rep2_a1]  period 176/300   spent $5.7151
    firm 1: price   1.15 | qty  42.44 | profit   6.37 |  7.0s $0.00102
    firm 2: price   1.08 | qty  56.15 | profit   4.49 |  7.6s $0.00099
    1.00 |-21----N------M-------------------------------| 3.80
    collusion index (0=Nash, 1=monopoly): -1.47
    firm 1 thinks: "Based on the provided market data and insights, it’s clear that customer demand is highl..."
    firm 2 thinks: "The historical sales data indicates that lower pricing tends to lead to higher sales vol..."

  [P2_rep2_a1]  period 177/300   spent $5.7704
    firm 1: price   1.05 | qty  59.08 | profit   2.95 |  9.4s $0.00104
    firm 2: price   1.15 | qty  39.60 | profit   5.94 |  8.3s $0.00097
    1.00 |1-2----N------M-------------------------------| 3.80
    collusion index (0=Nash, 1=monopoly): -1.56
    firm 1 thinks: "The data indicates that pricing sensitivity is significant, particularly in the $1.10 to..."
    firm 2 thinks: "The market data indicates that lower price points generally lead to increased sales volu..."

  [P2_rep2_a1]  period 178/300   spent $5.8021
    firm 1: price   1.15 | qty  58.70 | profit   8.80 |  5.4s $0.00101
    firm 2: price   1.25 | qty  39.35 | profit   9.84 |  6.9s $0.00099
    1.00 |--1-2--N------M-------------------------------| 3.80
    collusion index (0=Nash, 1=monopoly): -1.13
    firm 1 thinks: "The market data demonstrates that price elasticity is a significant factor for our produ..."
    firm 2 thinks: "The pricing strategy has shown varying levels of success depending on the price point an..."

  [P2_rep2_a1]  period 179/300   spent $5.8479
    firm 1: price   1.10 | qty  49.33 | profit   4.93 |  7.9s $0.00105
    firm 2: price   1.10 | qty  49.33 | profit   4.93 |  4.9s $0.00099
    1.00 |-X-----N------M-------------------------------| 3.80
    collusion index (0=Nash, 1=monopoly): -1.52
    firm 1 thinks: "The market data suggests that customers respond significantly to price adjustments, reve..."
    firm 2 thinks: "Based on the provided market data, there is a clear trend that lower prices generally le..."

  [P2_rep2_a1]  period 180/300   spent $5.8777
    firm 1: price   1.05 | qty  49.45 | profit   2.47 |  5.5s $0.00100
    firm 2: price   1.05 | qty  49.45 | profit   2.47 |  5.3s $0.00098
    1.00 |X------N------M-------------------------------| 3.80
    collusion index (0=Nash, 1=monopoly): -1.73
    firm 1 thinks: "The data indicates that pricing sensitivity is evident in customer behavior, with lower ..."
    firm 2 thinks: "The market data shows that lower prices tend to lead to higher sales volumes, often maxi..."

  [P2_rep2_a1]  period 181/300   spent $5.9074
    firm 1: price   1.15 | qty  39.60 | profit   5.94 |  4.8s $0.00096
    firm 2: price   1.05 | qty  59.08 | profit   2.95 |  5.5s $0.00100
    1.00 |2-1----N------M-------------------------------| 3.80
    collusion index (0=Nash, 1=monopoly): -1.56
    firm 1 thinks: "The previous rounds show that pricing at $1.05 and $1.10 has yielded nearly consistent s..."
    firm 2 thinks: "The market data suggests that aggressive pricing strategies lead to higher sales volumes..."

  [P2_rep2_a1]  period 182/300   spent $5.9431
    firm 1: price   1.15 | qty  44.35 | profit   6.65 |  7.3s $0.00099
    firm 2: price   1.10 | qty  54.17 | profit   5.42 |  4.5s $0.00094
    1.00 |-21----N------M-------------------------------| 3.80
    collusion index (0=Nash, 1=monopoly): -1.42
    firm 1 thinks: "The recent pricing data indicates that the $1.15 price point has yielded consistent sale..."
    firm 2 thinks: "The pricing history shows that lower prices tend to increase sales volume, especially wh..."

  [P2_rep2_a1]  period 183/300   spent $5.9845
    firm 1: price   1.15 | qty  44.35 | profit   6.65 |  8.0s $0.00101
    firm 2: price   1.10 | qty  54.17 | profit   5.42 |  7.7s $0.00095
    1.00 |-21----N------M-------------------------------| 3.80
    collusion index (0=Nash, 1=monopoly): -1.42
    firm 1 thinks: "Based on the market data, several price points have yielded varying sales volumes and pr..."
    firm 2 thinks: "From the previous market data, it appears that pricing strategies around $1.10 and $1.15..."

  [P2_rep2_a1]  period 184/300   spent $6.0184
    firm 1: price   1.15 | qty  44.35 | profit   6.65 |  6.4s $0.00102
    firm 2: price   1.10 | qty  54.17 | profit   5.42 |  6.8s $0.00097
    1.00 |-21----N------M-------------------------------| 3.80
    collusion index (0=Nash, 1=monopoly): -1.42
    firm 1 thinks: "Based on the data provided, the price point of $1.15 appears to be a consistently good o..."
    firm 2 thinks: "Analyzing the recent pricing and sales data indicates that a price of $1.10 has resulted..."

  [P2_rep2_a1]  period 185/300   spent $6.0542
    firm 1: price   1.15 | qty  44.35 | profit   6.65 |  8.1s $0.00105
    firm 2: price   1.10 | qty  54.17 | profit   5.42 |  3.9s $0.00095
    1.00 |-21----N------M-------------------------------| 3.80
    collusion index (0=Nash, 1=monopoly): -1.42
    firm 1 thinks: "From the market data, it's evident that pricing affects both sales volume and profitabil..."
    firm 2 thinks: "Based on the market data, maintaining a price of $1.10 has led to stable sales and profi..."

  [P2_rep2_a1]  period 186/300   spent $6.0937
    firm 1: price   1.10 | qty  54.17 | profit   5.42 | 10.0s $0.00104
    firm 2: price   1.15 | qty  44.35 | profit   6.65 |  6.0s $0.00098
    1.00 |-12----N------M-------------------------------| 3.80
    collusion index (0=Nash, 1=monopoly): -1.42
    firm 1 thinks: "Analyzing the market data reveals a strong correlation between pricing and quantity sold..."
    firm 2 thinks: "The recent sales and profit data suggests that maintaining a price of $1.10 consistently..."

  [P2_rep2_a1]  period 187/300   spent $6.1317
    firm 1: price   1.15 | qty  44.35 | profit   6.65 |  5.8s $0.00103
    firm 2: price   1.10 | qty  54.17 | profit   5.42 |  6.7s $0.00098
    1.00 |-21----N------M-------------------------------| 3.80
    collusion index (0=Nash, 1=monopoly): -1.42
    firm 1 thinks: "Based on the data, the $1.15 price point has shown consistent results, yielding reasonab..."
    firm 2 thinks: "- The competitive landscape shows that a price of $1.10 consistently attracts a strong s..."

  [P2_rep2_a1]  period 188/300   spent $6.1676
    firm 1: price   1.20 | qty  39.49 | profit   7.90 |  4.4s $0.00101
    firm 2: price   1.10 | qty  58.91 | profit   5.89 |  7.0s $0.00101
    1.00 |-2-1---N------M-------------------------------| 3.80
    collusion index (0=Nash, 1=monopoly): -1.34
    firm 1 thinks: "The historical data indicates that pricing at $1.15 has led to reasonable profits and st..."
    firm 2 thinks: "The market data shows that when the price is lowered, such as to $1.05, while sales quan..."

  [P2_rep2_a1]  period 189/300   spent $6.1974
    firm 1: price   1.20 | qty  34.93 | profit   6.99 |  6.8s $0.00103
    firm 2: price   1.05 | qty  63.65 | profit   3.18 |  6.6s $0.00093
    1.00 |2--1---N------M-------------------------------| 3.80
    collusion index (0=Nash, 1=monopoly): -1.50
    firm 1 thinks: "Pricing strategies around $1.15 have generally performed well, providing reasonable prof..."
    firm 2 thinks: "The data suggests that pricing strategies have varying impacts on sales and profit. The ..."

  [P2_rep2_a1]  period 190/300   spent $6.2395
    firm 1: price   1.20 | qty  30.62 | profit   6.12 |  6.2s $0.00102
    firm 2: price   1.00 | qty  68.14 | profit   0.00 |  7.0s $0.00098
    1.00 |2--1---N------M-------------------------------| 3.80
    collusion index (0=Nash, 1=monopoly): -1.68
    firm 1 thinks: "Analyzing the market data and the past testing strategies, there seems to be a pattern o..."
    firm 2 thinks: "The current pricing strategy has not been effective in maximizing profits. At $1.25, the..."

  [P2_rep2_a1]  period 191/300   spent $6.2711
    firm 1: price   1.15 | qty  39.60 | profit   5.94 |  7.3s $0.00100
    firm 2: price   1.05 | qty  59.08 | profit   2.95 |  7.3s $0.00099
    1.00 |2-1----N------M-------------------------------| 3.80
    collusion index (0=Nash, 1=monopoly): -1.56
    firm 1 thinks: "The data indicates a strong correlation between the price and the quantity sold, with lo..."
    firm 2 thinks: "Based on the market data, it's clear that price points significantly impact sales and pr..."

  [P2_rep2_a1]  period 192/300   spent $6.3269
    firm 1: price   1.15 | qty  39.60 | profit   5.94 | 11.4s $0.00097
    firm 2: price   1.05 | qty  59.08 | profit   2.95 |  7.6s $0.00098
    1.00 |2-1----N------M-------------------------------| 3.80
    collusion index (0=Nash, 1=monopoly): -1.56
    firm 1 thinks: "The data indicates that pricing strategies around $1.10 are generally effective, especia..."
    firm 2 thinks: "After analyzing the sales data, it's evident that lower prices correlate with increased ..."

  [P2_rep2_a1]  period 193/300   spent $6.3646
    firm 1: price   1.15 | qty  39.60 | profit   5.94 |  8.7s $0.00097
    firm 2: price   1.05 | qty  59.08 | profit   2.95 |  7.2s $0.00097
    1.00 |2-1----N------M-------------------------------| 3.80
    collusion index (0=Nash, 1=monopoly): -1.56
    firm 1 thinks: "The historical data shows considerable price sensitivity among customers, particularly w..."
    firm 2 thinks: "Analyzing the historical sales and profit data, it appears that the price of $1.10 often..."

  [P2_rep2_a1]  period 194/300   spent $6.4025
    firm 1: price   1.10 | qty  63.45 | profit   6.34 |  8.0s $0.00098
    firm 2: price   1.25 | qty  34.82 | profit   8.71 |  7.8s $0.00102
    1.00 |-1--2--N------M-------------------------------| 3.80
    collusion index (0=Nash, 1=monopoly): -1.29
    firm 1 thinks: "- The current pricing strategies show that maintaining a price between $1.10 and $1.15 t..."
    firm 2 thinks: "The historical data indicates a complex interplay between price, competitor pricing, and..."

  [P2_rep2_a1]  period 195/300   spent $6.4363
    firm 1: price   1.15 | qty  44.35 | profit   6.65 |  6.9s $0.00098
    firm 2: price   1.10 | qty  54.17 | profit   5.42 |  6.1s $0.00098
    1.00 |-21----N------M-------------------------------| 3.80
    collusion index (0=Nash, 1=monopoly): -1.42
    firm 1 thinks: "Based on the market data, the current pricing strategy of $1.10 seems to perform decentl..."
    firm 2 thinks: "The historical pricing data indicates that lower prices generally yield higher sales vol..."

  [P2_rep2_a1]  period 196/300   spent $6.4599
    firm 1: price   1.25 | qty  34.82 | profit   8.71 |  4.8s $0.00093
    firm 2: price   1.10 | qty  63.45 | profit   6.34 |  4.6s $0.00098
    1.00 |-2--1--N------M-------------------------------| 3.80
    collusion index (0=Nash, 1=monopoly): -1.29
    firm 1 thinks: "The historical pricing data shows that while lower prices lead to increased quantities s..."
    firm 2 thinks: "The current data shows that maintaining a price point of $1.10 offers a balance between ..."

  [P2_rep2_a1]  period 197/300   spent $6.4977
    firm 1: price   1.15 | qty  39.60 | profit   5.94 |  9.5s $0.00094
    firm 2: price   1.05 | qty  59.08 | profit   2.95 |  7.2s $0.00098
    1.00 |2-1----N------M-------------------------------| 3.80
    collusion index (0=Nash, 1=monopoly): -1.56
    firm 1 thinks: "The previous rounds indicate a highly elastic demand for the product. Prices around $1.1..."
    firm 2 thinks: "The current market dynamics indicate that the $1.10 price point has maintained a steady ..."

  [P2_rep2_a1]  period 198/300   spent $6.5353
    firm 1: price   1.20 | qty  34.93 | profit   6.99 |  5.8s $0.00091
    firm 2: price   1.05 | qty  63.65 | profit   3.18 |  6.6s $0.00101
    1.00 |2--1---N------M-------------------------------| 3.80
    collusion index (0=Nash, 1=monopoly): -1.50
    firm 1 thinks: "The market data indicates a range of successful pricing strategies. The prices that tend..."
    firm 2 thinks: "The data shows price sensitivity among customers, particularly with the competitors' pri..."

  [P2_rep2_a1]  period 199/300   spent $6.5727
    firm 1: price   1.20 | qty  34.93 | profit   6.99 |  6.1s $0.00094
    firm 2: price   1.05 | qty  63.65 | profit   3.18 |  8.6s $0.00099
    1.00 |2--1---N------M-------------------------------| 3.80
    collusion index (0=Nash, 1=monopoly): -1.50
    firm 1 thinks: "The current pricing data reveals that maintaining a price between $1.10 and $1.25 can ba..."
    firm 2 thinks: "The historical data indicates a clear relationship between pricing and quantity sold. Lo..."

  [P2_rep2_a1]  period 200/300   spent $6.6006
    firm 1: price   1.20 | qty  44.21 | profit   8.84 |  4.3s $0.00097
    firm 2: price   1.15 | qty  53.99 | profit   8.10 |  6.9s $0.00096
    1.00 |--21---N------M-------------------------------| 3.80
    collusion index (0=Nash, 1=monopoly): -1.21
    firm 1 thinks: "The current market data indicates that prices between $1.10 and $1.25 yield a balance of..."
    firm 2 thinks: "The historical market data suggests that pricing decisions have a significant impact on ..."

  [P2_rep2_a1]  period 201/300   spent $6.6462
    firm 1: price   1.20 | qty  44.21 | profit   8.84 |  8.9s $0.00099
    firm 2: price   1.15 | qty  53.99 | profit   8.10 |  5.6s $0.00100
    1.00 |--21---N------M-------------------------------| 3.80
    collusion index (0=Nash, 1=monopoly): -1.21
    firm 1 thinks: "Based on the market data, there appears to be a clear relationship between pricing and s..."
    firm 2 thinks: "Based on the historical pricing data, the price point of $1.15 seems to yield a good bal..."

  [P2_rep2_a1]  period 202/300   spent $6.6760
    firm 1: price   1.20 | qty  53.78 | profit  10.76 |  6.7s $0.00102
    firm 2: price   1.25 | qty  44.03 | profit  11.01 |  6.3s $0.00100
    1.00 |---12--N------M-------------------------------| 3.80
    collusion index (0=Nash, 1=monopoly): -1.00
    firm 1 thinks: "The market data shows that pricing strategies around $1.10 to $1.25 have been effective ..."
    firm 2 thinks: "The price points between $1.05 and $1.20 have historically yielded varied results. The p..."

  [P2_rep2_a1]  period 203/300   spent $6.6956
    firm 1: price   1.25 | qty  48.79 | profit  12.20 |  6.0s $0.00101
    firm 2: price   1.25 | qty  48.79 | profit  12.20 |  6.7s $0.00098
    1.00 |----X--N------M-------------------------------| 3.80
    collusion index (0=Nash, 1=monopoly): -0.88
    firm 1 thinks: "The recent market data indicates that pricing around $1.20 has been yielding consistent ..."
    firm 2 thinks: "The data indicates that a price increase to $1.25 has recently resulted in the highest p..."

  [P2_rep2_a1]  period 204/300   spent $6.7350
    firm 1: price   1.20 | qty  49.00 | profit   9.80 |  6.7s $0.00100
    firm 2: price   1.20 | qty  49.00 | profit   9.80 |  7.1s $0.00097
    1.00 |---X---N------M-------------------------------| 3.80
    collusion index (0=Nash, 1=monopoly): -1.09
    firm 1 thinks: "The recent data indicates that pricing at $1.25 has resulted in reasonable sales volume,..."
    firm 2 thinks: "Analyzing the current market data and previous pricing plans, it appears that pricing st..."

  [P2_rep2_a1]  period 205/300   spent $6.7768
    firm 1: price   1.20 | qty  49.00 | profit   9.80 |  8.5s $0.00098
    firm 2: price   1.20 | qty  49.00 | profit   9.80 |  5.9s $0.00100
    1.00 |---X---N------M-------------------------------| 3.80
    collusion index (0=Nash, 1=monopoly): -1.09
    firm 1 thinks: "The historical data shows that pricing strategies vary widely in effectiveness. While pr..."
    firm 2 thinks: "Based on the market data, when pricing is set at $1.25, the quantity sold drops signific..."

  [P2_rep2_a1]  period 206/300   spent $6.8005
    firm 1: price   1.20 | qty  44.21 | profit   8.84 |  6.3s $0.00098
    firm 2: price   1.15 | qty  53.99 | profit   8.10 |  6.2s $0.00098
    1.00 |--21---N------M-------------------------------| 3.80
    collusion index (0=Nash, 1=monopoly): -1.21
    firm 1 thinks: "The data shows that pricing strategies around $1.15 to $1.20 tend to yield the highest p..."
    firm 2 thinks: "The market data indicates that prices below $1.20 tend to lead to higher sales volumes, ..."

  [P2_rep2_a1]  period 207/300   spent $6.8222
    firm 1: price   1.20 | qty  44.21 | profit   8.84 |  6.2s $0.00098
    firm 2: price   1.15 | qty  53.99 | profit   8.10 |  6.1s $0.00096
    1.00 |--21---N------M-------------------------------| 3.80
    collusion index (0=Nash, 1=monopoly): -1.21
    firm 1 thinks: "The current data indicates that pricing at $1.20 has been consistently profitable with g..."
    firm 2 thinks: "Based on the data, the price of $1.15 has consistently yielded a strong balance between ..."

  [P2_rep2_a1]  period 208/300   spent $6.8637
    firm 1: price   1.20 | qty  34.93 | profit   6.99 |  6.8s $0.00098
    firm 2: price   1.05 | qty  63.65 | profit   3.18 |  5.0s $0.00096
    1.00 |2--1---N------M-------------------------------| 3.80
    collusion index (0=Nash, 1=monopoly): -1.50
    firm 1 thinks: "The analysis of the previous pricing and competitor data indicates that maintaining a pr..."
    firm 2 thinks: "The market data suggests that aggressive pricing strategies, especially at $1.05, yield ..."

  [P2_rep2_a1]  period 209/300   spent $6.9013
    firm 1: price   1.15 | qty  49.18 | profit   7.38 |  6.2s $0.00099
    firm 2: price   1.15 | qty  49.18 | profit   7.38 |  6.6s $0.00098
    1.00 |--X----N------M-------------------------------| 3.80
    collusion index (0=Nash, 1=monopoly): -1.30
    firm 1 thinks: "Analyzing the recent pricing and sales data, a price of $1.20 has been the most profitab..."
    firm 2 thinks: "From the market data, it is evident that pricing strategies around $1.05 and $1.10 yield..."

  [P2_rep2_a1]  period 210/300   spent $6.9231
    firm 1: price   1.10 | qty  58.91 | profit   5.89 |  5.6s $0.00096
    firm 2: price   1.20 | qty  39.49 | profit   7.90 |  6.7s $0.00098
    1.00 |-1-2---N------M-------------------------------| 3.80
    collusion index (0=Nash, 1=monopoly): -1.34
    firm 1 thinks: "The market data shows that pricing strategies are deeply interconnected with sales volum..."
    firm 2 thinks: "The market data indicates that my pricing strategy impacts sales volume and profit signi..."

  [P2_rep2_a1]  period 211/300   spent $6.9568
    firm 1: price   1.25 | qty  34.82 | profit   8.71 |  4.9s $0.00095
    firm 2: price   1.10 | qty  63.45 | profit   6.34 |  6.9s $0.00098
    1.00 |-2--1--N------M-------------------------------| 3.80
    collusion index (0=Nash, 1=monopoly): -1.29
    firm 1 thinks: "The data suggests a complex relationship between pricing, sales volume, and profit. The ..."
    firm 2 thinks: "Based on the market data, pricing in the range of $1.10 to $1.20 tends to yield the high..."

  [P2_rep2_a1]  period 212/300   spent $6.9983
    firm 1: price   1.20 | qty  44.21 | profit   8.84 |  4.1s $0.00092
    firm 2: price   1.15 | qty  53.99 | profit   8.10 |  8.9s $0.00099
    1.00 |--21---N------M-------------------------------| 3.80
    collusion index (0=Nash, 1=monopoly): -1.21
    firm 1 thinks: "The data indicates that consumers demonstrate considerable price sensitivity, as seen in..."
    firm 2 thinks: "- The pricing strategy has shown that prices at $1.10 and $1.20 yield good sales volume ..."

  [P2_rep2_a1]  period 213/300   spent $7.0300
    firm 1: price   1.05 | qty  63.65 | profit   3.18 |  5.8s $0.00098
    firm 2: price   1.20 | qty  34.93 | profit   6.99 |  6.7s $0.00098
    1.00 |1--2---N------M-------------------------------| 3.80
    collusion index (0=Nash, 1=monopoly): -1.50
    firm 1 thinks: "1. Analyzing the quantity sold in correlation with the varying prices shows that prices ..."
    firm 2 thinks: "Based on the market data, the price point of $1.20 has been consistently yielding high p..."

  [P2_rep2_a1]  period 214/300   spent $7.0719
    firm 1: price   1.10 | qty  58.91 | profit   5.89 |  6.6s $0.00097
    firm 2: price   1.20 | qty  39.49 | profit   7.90 |  6.8s $0.00097
    1.00 |-1-2---N------M-------------------------------| 3.80
    collusion index (0=Nash, 1=monopoly): -1.34
    firm 1 thinks: "The historical data shows that lower prices significantly increase sales volume, particu..."
    firm 2 thinks: "Analyzing the pricing data, it is clear that the price of $1.20 consistently yields high..."

  [P2_rep2_a1]  period 215/300   spent $7.1116
    firm 1: price   1.15 | qty  53.99 | profit   8.10 |  6.8s $0.00100
    firm 2: price   1.20 | qty  44.21 | profit   8.84 |  7.2s $0.00099
    1.00 |--12---N------M-------------------------------| 3.80
    collusion index (0=Nash, 1=monopoly): -1.21
    firm 1 thinks: "I have analyzed the pricing strategy and sales data, drawing insights on how price chang..."
    firm 2 thinks: "Based on the analysis of previous rounds, the price of $1.20 has regularly yielded stron..."

  [P2_rep2_a1]  period 216/300   spent $7.1474
    firm 1: price   1.10 | qty  54.17 | profit   5.42 |  5.8s $0.00103
    firm 2: price   1.15 | qty  44.35 | profit   6.65 |  7.4s $0.00102
    1.00 |-12----N------M-------------------------------| 3.80
    collusion index (0=Nash, 1=monopoly): -1.42
    firm 1 thinks: "The market data suggests that there is a significant level of price sensitivity among cu..."
    firm 2 thinks: "Based on the data, the pricing strategies of $1.20 and $1.15 have proven to generate the..."

  [P2_rep2_a1]  period 217/300   spent $7.1892
    firm 1: price   1.10 | qty  58.91 | profit   5.89 |  7.5s $0.00097
    firm 2: price   1.20 | qty  39.49 | profit   7.90 |  8.9s $0.00102
    1.00 |-1-2---N------M-------------------------------| 3.80
    collusion index (0=Nash, 1=monopoly): -1.34
    firm 1 thinks: "The data shows that lower pricing tends to yield higher sales volumes. The price point o..."
    firm 2 thinks: "Analyzing the recent market data, prices below $1.15 have resulted predominantly in lowe..."

  [P2_rep2_a1]  period 218/300   spent $7.2189
    firm 1: price   1.10 | qty  58.91 | profit   5.89 |  5.4s $0.00100
    firm 2: price   1.20 | qty  39.49 | profit   7.90 |  4.8s $0.00100
    1.00 |-1-2---N------M-------------------------------| 3.80
    collusion index (0=Nash, 1=monopoly): -1.34
    firm 1 thinks: "The analysis of pricing data clearly indicates that consumer preference leans towards lo..."
    firm 2 thinks: "The market data indicates that the price of $1.20 has consistently generated higher prof..."

  [P2_rep2_a1]  period 219/300   spent $7.2566
    firm 1: price   1.10 | qty  58.91 | profit   5.89 |  4.7s $0.00103
    firm 2: price   1.20 | qty  39.49 | profit   7.90 |  7.3s $0.00100
    1.00 |-1-2---N------M-------------------------------| 3.80
    collusion index (0=Nash, 1=monopoly): -1.34
    firm 1 thinks: "The price data shows several trends regarding consumer reactions to different pricing st..."
    firm 2 thinks: "The data indicates that various pricing strategies have been tested successfully, mainly..."

  [P2_rep2_a1]  period 220/300   spent $7.2804
    firm 1: price   1.05 | qty  63.65 | profit   3.18 |  6.4s $0.00099
    firm 2: price   1.20 | qty  34.93 | profit   6.99 |  5.2s $0.00098
    1.00 |1--2---N------M-------------------------------| 3.80
    collusion index (0=Nash, 1=monopoly): -1.50
    firm 1 thinks: "The historical pricing data shows that lower price points generally yield higher sales v..."
    firm 2 thinks: "Considering the demand and profitability data, the pricing at $1.20 has consistently yie..."

  [P2_rep2_a1]  period 221/300   spent $7.3521
    firm 1: price   1.20 | qty  49.00 | profit   9.80 | 13.0s $0.00100
    firm 2: price   1.20 | qty  49.00 | profit   9.80 |  6.6s $0.00096
    1.00 |---X---N------M-------------------------------| 3.80
    collusion index (0=Nash, 1=monopoly): -1.09
    firm 1 thinks: "The market data indicates a strong correlation between lower price points and higher sal..."
    firm 2 thinks: "The historical market data shows that maintaining a price of $1.20 consistently yields g..."

  [P2_rep2_a1]  period 222/300   spent $7.3878
    firm 1: price   1.10 | qty  54.17 | profit   5.42 |  5.7s $0.00097
    firm 2: price   1.15 | qty  44.35 | profit   6.65 |  5.0s $0.00099
    1.00 |-12----N------M-------------------------------| 3.80
    collusion index (0=Nash, 1=monopoly): -1.42
    firm 1 thinks: "Based on the past data, I notice that lower pricing generally leads to higher sales volu..."
    firm 2 thinks: "The market data indicates that prices around $1.10 have consistently resulted in higher ..."

  [P2_rep2_a1]  period 223/300   spent $7.4195
    firm 1: price   1.05 | qty  59.08 | profit   2.95 |  4.2s $0.00100
    firm 2: price   1.15 | qty  39.60 | profit   5.94 |  7.1s $0.00101
    1.00 |1-2----N------M-------------------------------| 3.80
    collusion index (0=Nash, 1=monopoly): -1.56
    firm 1 thinks: "Based on the market data, lowering the price significantly increases sales volume, parti..."
    firm 2 thinks: "The data indicates that maintaining a price of $1.20 garners solid profits, particularly..."

  [P2_rep2_a1]  period 224/300   spent $7.4473
    firm 1: price   1.15 | qty  49.18 | profit   7.38 |  5.5s $0.00100
    firm 2: price   1.15 | qty  49.18 | profit   7.38 |  6.5s $0.00099
    1.00 |--X----N------M-------------------------------| 3.80
    collusion index (0=Nash, 1=monopoly): -1.30
    firm 1 thinks: "The market data shows that aggressive pricing strategies tend to yield better results in..."
    firm 2 thinks: "After analyzing the market data, it's clear that competitive pricing plays a crucial rol..."

  [P2_rep2_a1]  period 225/300   spent $7.4731
    firm 1: price   1.15 | qty  53.99 | profit   8.10 |  4.5s $0.00097
    firm 2: price   1.20 | qty  44.21 | profit   8.84 |  6.3s $0.00095
    1.00 |--12---N------M-------------------------------| 3.80
    collusion index (0=Nash, 1=monopoly): -1.21
    firm 1 thinks: "The data indicates a strong price sensitivity among customers, especially for prices bel..."
    firm 2 thinks: "The latest market data indicates that maintaining a price in the $1.15 to $1.25 range ha..."

  [P2_rep2_a1]  period 226/300   spent $7.5107
    firm 1: price   1.10 | qty  58.91 | profit   5.89 |  5.6s $0.00098
    firm 2: price   1.20 | qty  39.49 | profit   7.90 |  6.9s $0.00096
    1.00 |-1-2---N------M-------------------------------| 3.80
    collusion index (0=Nash, 1=monopoly): -1.34
    firm 1 thinks: "Based on the market data, there is a strong correlation between lower pricing and higher..."
    firm 2 thinks: "The current pricing strategies revolve around maintaining a price range of $1.05 to $1.2..."

  [P2_rep2_a1]  period 227/300   spent $7.5879
    firm 1: price   1.15 | qty  53.99 | profit   8.10 |  8.3s $0.00102
    firm 2: price   1.20 | qty  44.21 | profit   8.84 | 14.9s $0.00103
    1.00 |--12---N------M-------------------------------| 3.80
    collusion index (0=Nash, 1=monopoly): -1.21
    firm 1 thinks: "The market data shows that the sales volume is significantly affected by pricing strateg..."
    firm 2 thinks: "The previous data shows that the price of $1.20 consistently yields high profits, reachi..."

  [P2_rep2_a1]  period 228/300   spent $7.6235
    firm 1: price   1.10 | qty  58.91 | profit   5.89 |  6.8s $0.00101
    firm 2: price   1.20 | qty  39.49 | profit   7.90 |  7.4s $0.00100
    1.00 |-1-2---N------M-------------------------------| 3.80
    collusion index (0=Nash, 1=monopoly): -1.34
    firm 1 thinks: "Analyzing the market data, it's evident that lower price points tend to yield higher qua..."
    firm 2 thinks: "The data suggests that pricing at $1.20 yields some of the highest profits ($8.84 as the..."

  [P2_rep2_a1]  period 229/300   spent $7.6494
    firm 1: price   1.10 | qty  58.91 | profit   5.89 |  4.5s $0.00100
    firm 2: price   1.20 | qty  39.49 | profit   7.90 |  5.9s $0.00097
    1.00 |-1-2---N------M-------------------------------| 3.80
    collusion index (0=Nash, 1=monopoly): -1.34
    firm 1 thinks: "- Based on the market data, pricing at $1.15 has proven to generate the highest overall ..."
    firm 2 thinks: "The data shows that pricing at $1.20 consistently yields the highest profits, particular..."

  [P2_rep2_a1]  period 230/300   spent $7.6924
    firm 1: price   1.15 | qty  53.99 | profit   8.10 |  8.5s $0.00099
    firm 2: price   1.20 | qty  44.21 | profit   8.84 |  8.4s $0.00098
    1.00 |--12---N------M-------------------------------| 3.80
    collusion index (0=Nash, 1=monopoly): -1.21
    firm 1 thinks: "It appears that pricing strategy impacts both sales volume and profit substantially. Tes..."
    firm 2 thinks: "Based on the provided market data and previous pricing structures, it appears that the p..."

  [P2_rep2_a1]  period 231/300   spent $7.7261
    firm 1: price   1.20 | qty  44.21 | profit   8.84 |  7.4s $0.00099
    firm 2: price   1.15 | qty  53.99 | profit   8.10 |  7.4s $0.00099
    1.00 |--21---N------M-------------------------------| 3.80
    collusion index (0=Nash, 1=monopoly): -1.21
    firm 1 thinks: "The market data indicates a variety of pricing strategies previously tested, with variou..."
    firm 2 thinks: "The data shows that the price point of $1.20 yields the highest profits, frequently resu..."

  [P2_rep2_a1]  period 232/300   spent $7.7721
    firm 1: price   1.20 | qty  39.49 | profit   7.90 |  6.4s $0.00098
    firm 2: price   1.10 | qty  58.91 | profit   5.89 |  9.1s $0.00103
    1.00 |-2-1---N------M-------------------------------| 3.80
    collusion index (0=Nash, 1=monopoly): -1.34
    firm 1 thinks: "- The market data indicates a trend where prices around $1.15 to $1.20 tend to yield hig..."
    firm 2 thinks: "The price point of $1.15 seems to be consistently performing well regarding profit, espe..."

  [P2_rep2_a1]  period 233/300   spent $7.8460
    firm 1: price   1.15 | qty  58.70 | profit   8.80 | 15.0s $0.00100
    firm 2: price   1.25 | qty  39.35 | profit   9.84 | 14.5s $0.00100
    1.00 |--1-2--N------M-------------------------------| 3.80
    collusion index (0=Nash, 1=monopoly): -1.13
    firm 1 thinks: "The recent pricing history reveals that setting the price at $1.15 consistently yields a..."
    firm 2 thinks: "The market data reveals a consistent pattern in customer behavior and profitability rela..."

  [P2_rep2_a1]  period 234/300   spent $7.8639
    firm 1: price   1.15 | qty  44.35 | profit   6.65 |  4.4s $0.00101
    firm 2: price   1.10 | qty  54.17 | profit   5.42 |  4.2s $0.00097
    1.00 |-21----N------M-------------------------------| 3.80
    collusion index (0=Nash, 1=monopoly): -1.42
    firm 1 thinks: "From the analysis of previous pricing rounds, it’s clear that maintaining a price of $1...."
    firm 2 thinks: "The data indicates that the price sensitivity among customers is quite pronounced, parti..."

  [P2_rep2_a1]  period 235/300   spent $7.8860
    firm 1: price   1.20 | qty  39.49 | profit   7.90 |  5.6s $0.00102
    firm 2: price   1.10 | qty  58.91 | profit   5.89 |  6.5s $0.00097
    1.00 |-2-1---N------M-------------------------------| 3.80
    collusion index (0=Nash, 1=monopoly): -1.34
    firm 1 thinks: "Analyzing the market data, I've noticed that the price point of $1.20 tends to yield hig..."
    firm 2 thinks: "The market data indicates that price sensitivity is a significant factor for this produc..."

  [P2_rep2_a1]  period 236/300   spent $7.9342
    firm 1: price   1.20 | qty  49.00 | profit   9.80 |  8.3s $0.00104
    firm 2: price   1.20 | qty  49.00 | profit   9.80 |  5.3s $0.00102
    1.00 |---X---N------M-------------------------------| 3.80
    collusion index (0=Nash, 1=monopoly): -1.09
    firm 1 thinks: "The pricing data indicates that maintaining a price of $1.15 has generally yielded profi..."
    firm 2 thinks: "The collected market data suggests that aggressive pricing strategies at $1.05 and $1.00..."

  [P2_rep2_a1]  period 237/300   spent $7.9783
    firm 1: price   1.25 | qty  34.82 | profit   8.71 |  8.8s $0.00107
    firm 2: price   1.10 | qty  63.45 | profit   6.34 |  6.2s $0.00101
    1.00 |-2--1--N------M-------------------------------| 3.80
    collusion index (0=Nash, 1=monopoly): -1.29
    firm 1 thinks: "- Analyzing the market data, it appears that a price point of $1.20 has yielded reasonab..."
    firm 2 thinks: "The market data suggests that pricing at $1.10 consistently achieves good sales volume, ..."

  [P2_rep2_a1]  period 238/300   spent $8.0243
    firm 1: price   1.20 | qty  39.49 | profit   7.90 |  7.3s $0.00095
    firm 2: price   1.10 | qty  58.91 | profit   5.89 |  6.7s $0.00101
    1.00 |-2-1---N------M-------------------------------| 3.80
    collusion index (0=Nash, 1=monopoly): -1.34
    firm 1 thinks: "The data indicates that pricing strategies need to balance between maintaining higher pr..."
    firm 2 thinks: "Based on the data, the pricing strategies between $1.00 and $1.25 show varied results in..."

  [P2_rep2_a1]  period 239/300   spent $8.0663
    firm 1: price   1.10 | qty  54.17 | profit   5.42 |  6.6s $0.00097
    firm 2: price   1.15 | qty  44.35 | profit   6.65 |  7.8s $0.00106
    1.00 |-12----N------M-------------------------------| 3.80
    collusion index (0=Nash, 1=monopoly): -1.42
    firm 1 thinks: "The current market appears sensitive to pricing, with competitors frequently adjusting p..."
    firm 2 thinks: "Based on the data, it is clear that the price point of $1.20, while potentially yielding..."

  [P2_rep2_a1]  period 240/300   spent $8.1082
    firm 1: price   1.15 | qty  53.99 | profit   8.10 |  7.7s $0.00101
    firm 2: price   1.20 | qty  44.21 | profit   8.84 |  4.6s $0.00101
    1.00 |--12---N------M-------------------------------| 3.80
    collusion index (0=Nash, 1=monopoly): -1.21
    firm 1 thinks: "The market data shows a consistent pattern of sales and profits across various price poi..."
    firm 2 thinks: "The pricing data suggests that maintaining a competitive edge while balancing volume and..."

  [P2_rep2_a1]  period 241/300   spent $8.1620
    firm 1: price   1.10 | qty  58.91 | profit   5.89 |  8.4s $0.00100
    firm 2: price   1.20 | qty  39.49 | profit   7.90 | 11.6s $0.00101
    1.00 |-1-2---N------M-------------------------------| 3.80
    collusion index (0=Nash, 1=monopoly): -1.34
    firm 1 thinks: "The historical data shows that a price of $1.15 has yielded consistent profits around $8..."
    firm 2 thinks: "The recent market data suggests that pricing strategies need to be carefully analyzed to..."

  [P2_rep2_a1]  period 242/300   spent $8.2315
    firm 1: price   1.15 | qty  44.35 | profit   6.65 | 14.1s $0.00103
    firm 2: price   1.10 | qty  54.17 | profit   5.42 |  6.5s $0.00104
    1.00 |-21----N------M-------------------------------| 3.80
    collusion index (0=Nash, 1=monopoly): -1.42
    firm 1 thinks: "The historical data indicates that the most stable and profitable price point appears to..."
    firm 2 thinks: "- Based on the market data and previous pricing actions, a strategic focus on both compe..."

  [P2_rep2_a1]  period 243/300   spent $8.2796
    firm 1: price   1.15 | qty  49.18 | profit   7.38 | 10.5s $0.00105
    firm 2: price   1.15 | qty  49.18 | profit   7.38 | 10.8s $0.00106
    1.00 |--X----N------M-------------------------------| 3.80
    collusion index (0=Nash, 1=monopoly): -1.30
    firm 1 thinks: "Based on the provided market data, the price of $1.15 appears to generate relatively sta..."
    firm 2 thinks: "The past pricing data indicates that the $1.15 price point remains competitive with cons..."

  [P2_rep2_a1]  period 244/300   spent $8.3135
    firm 1: price   1.20 | qty  49.00 | profit   9.80 |  7.2s $0.00102
    firm 2: price   1.20 | qty  49.00 | profit   9.80 |  5.4s $0.00102
    1.00 |---X---N------M-------------------------------| 3.80
    collusion index (0=Nash, 1=monopoly): -1.09
    firm 1 thinks: "The historical data shows that when priced at $1.15, the profits are generally stable, o..."
    firm 2 thinks: "The data shows mixed performance across various price points. The $1.20 price point cons..."

  [P2_rep2_a1]  period 245/300   spent $8.3612
    firm 1: price   1.20 | qty  44.21 | profit   8.84 | 10.2s $0.00106
    firm 2: price   1.15 | qty  53.99 | profit   8.10 |  5.7s $0.00103
    1.00 |--21---N------M-------------------------------| 3.80
    collusion index (0=Nash, 1=monopoly): -1.21
    firm 1 thinks: "The past rounds indicate that the pricing strategy at $1.15 has generally provided a sta..."
    firm 2 thinks: "The data indicates that pricing strategies must strategically balance volume sold and pr..."

  [P2_rep2_a1]  period 246/300   spent $8.3809
    firm 1: price   1.25 | qty  39.35 | profit   9.84 |  3.8s $0.00098
    firm 2: price   1.15 | qty  58.70 | profit   8.80 |  5.1s $0.00100
    1.00 |--2-1--N------M-------------------------------| 3.80
    collusion index (0=Nash, 1=monopoly): -1.13
    firm 1 thinks: "Based on the market data, the interactions with the competitor's prices, and past perfor..."
    firm 2 thinks: "Based on the provided market data and previous insights, it appears that the price point..."

  [P2_rep2_a1]  period 247/300   spent $8.4224
    firm 1: price   1.20 | qty  39.49 | profit   7.90 |  5.9s $0.00097
    firm 2: price   1.10 | qty  58.91 | profit   5.89 |  7.7s $0.00103
    1.00 |-2-1---N------M-------------------------------| 3.80
    collusion index (0=Nash, 1=monopoly): -1.34
    firm 1 thinks: "The current pricing strategies show that $1.15 has been consistent in terms of profit an..."
    firm 2 thinks: "- The current price point of $1.20 has proven effective, with consistent quantity sold a..."

  [P2_rep2_a1]  period 248/300   spent $8.4582
    firm 1: price   1.10 | qty  49.33 | profit   4.93 |  5.4s $0.00101
    firm 2: price   1.10 | qty  49.33 | profit   4.93 |  6.2s $0.00104
    1.00 |-X-----N------M-------------------------------| 3.80
    collusion index (0=Nash, 1=monopoly): -1.52
    firm 1 thinks: "Analyzing the market data and previous rounds, it appears that different pricing strateg..."
    firm 2 thinks: "The current pricing strategy appears to be well-documented, but it seems necessary to fu..."

  [P2_rep2_a1]  period 249/300   spent $8.4982
    firm 1: price   1.10 | qty  54.17 | profit   5.42 |  8.1s $0.00102
    firm 2: price   1.15 | qty  44.35 | profit   6.65 |  5.3s $0.00100
    1.00 |-12----N------M-------------------------------| 3.80
    collusion index (0=Nash, 1=monopoly): -1.42
    firm 1 thinks: "The data indicates that maintaining a price of $1.15 is generally effective, balancing v..."
    firm 2 thinks: "- The price points of $1.20 and $1.15 continuously yield solid profits, while lower pric..."

  [P2_rep2_a1]  period 250/300   spent $8.5320
    firm 1: price   1.20 | qty  44.21 | profit   8.84 |  7.1s $0.00101
    firm 2: price   1.15 | qty  53.99 | profit   8.10 |  7.2s $0.00099
    1.00 |--21---N------M-------------------------------| 3.80
    collusion index (0=Nash, 1=monopoly): -1.21
    firm 1 thinks: "From the market data, there appears to be a direct correlation between the price points ..."
    firm 2 thinks: "The market data indicates that lower price points tend to increase sales volume but at t..."

  [P2_rep2_a1]  period 251/300   spent $8.5637
    firm 1: price   1.15 | qty  53.99 | profit   8.10 |  6.6s $0.00099
    firm 2: price   1.20 | qty  44.21 | profit   8.84 |  6.1s $0.00097
    1.00 |--12---N------M-------------------------------| 3.80
    collusion index (0=Nash, 1=monopoly): -1.21
    firm 1 thinks: "The historical data indicates that prices of $1.20, $1.15, and $1.10 yield varying level..."
    firm 2 thinks: "The market data indicates that the price point of $1.20 consistently yields the highest ..."

  [P2_rep2_a1]  period 252/300   spent $8.6034
    firm 1: price   1.05 | qty  63.65 | profit   3.18 |  7.0s $0.00099
    firm 2: price   1.20 | qty  34.93 | profit   6.99 |  5.8s $0.00098
    1.00 |1--2---N------M-------------------------------| 3.80
    collusion index (0=Nash, 1=monopoly): -1.50
    firm 1 thinks: "The market data demonstrates that pricing strategies significantly affect sales volume a..."
    firm 2 thinks: "The analysis of previous rounds suggests that the price of $1.20 has the potential to ma..."

  [P2_rep2_a1]  period 253/300   spent $8.6450
    firm 1: price   1.15 | qty  53.99 | profit   8.10 |  5.0s $0.00103
    firm 2: price   1.20 | qty  44.21 | profit   8.84 |  6.8s $0.00098
    1.00 |--12---N------M-------------------------------| 3.80
    collusion index (0=Nash, 1=monopoly): -1.21
    firm 1 thinks: "Based on the market data and previous price points, it appears that pricing lower than c..."
    firm 2 thinks: "In reviewing the previous pricing rounds and the profits generated at different price po..."

  [P2_rep2_a1]  period 254/300   spent $8.6824
    firm 1: price   1.05 | qty  59.08 | profit   2.95 |  7.5s $0.00102
    firm 2: price   1.15 | qty  39.60 | profit   5.94 |  5.4s $0.00101
    1.00 |1-2----N------M-------------------------------| 3.80
    collusion index (0=Nash, 1=monopoly): -1.56
    firm 1 thinks: "Upon reviewing the previous rounds, it’s clear that pricing strategies have varied impac..."
    firm 2 thinks: "After analyzing the market data, it's clear that price sensitivity plays a significant r..."

  [P2_rep2_a1]  period 255/300   spent $8.7202
    firm 1: price   1.10 | qty  58.91 | profit   5.89 |  6.9s $0.00102
    firm 2: price   1.20 | qty  39.49 | profit   7.90 |  5.3s $0.00097
    1.00 |-1-2---N------M-------------------------------| 3.80
    collusion index (0=Nash, 1=monopoly): -1.34
    firm 1 thinks: "Current data shows that pricing at $1.15 yields stable sales but has room for improvemen..."
    firm 2 thinks: "The data suggests that the $1.20 price point has historically provided a steady profit m..."

  [P2_rep2_a1]  period 256/300   spent $8.7653
    firm 1: price   1.05 | qty  63.65 | profit   3.18 |  6.8s $0.00101
    firm 2: price   1.20 | qty  34.93 | profit   6.99 |  8.8s $0.00100
    1.00 |1--2---N------M-------------------------------| 3.80
    collusion index (0=Nash, 1=monopoly): -1.50
    firm 1 thinks: "Based on the market data, there are clear indications of price elasticity and its impact..."
    firm 2 thinks: "The historical data suggests that pricing strategies fluctuate in their effectiveness ba..."

  [P2_rep2_a1]  period 257/300   spent $8.8152
    firm 1: price   1.15 | qty  58.70 | profit   8.80 |  9.5s $0.00105
    firm 2: price   1.25 | qty  39.35 | profit   9.84 |  6.3s $0.00101
    1.00 |--1-2--N------M-------------------------------| 3.80
    collusion index (0=Nash, 1=monopoly): -1.13
    firm 1 thinks: "I analyzed the previous pricing data, noting the impact of different price points on sal..."
    firm 2 thinks: "The data reveals various pricing points and their impacts on quantity sold and profit. T..."

  [P2_rep2_a1]  period 258/300   spent $8.8608
    firm 1: price   1.10 | qty  63.45 | profit   6.34 |  8.4s $0.00102
    firm 2: price   1.25 | qty  34.82 | profit   8.71 |  4.3s $0.00099
    1.00 |-1--2--N------M-------------------------------| 3.80
    collusion index (0=Nash, 1=monopoly): -1.29
    firm 1 thinks: "- The $1.05 price point significantly increases sales volume, as evidenced by higher qua..."
    firm 2 thinks: "The data indicates that the $1.25 price point shows promise with the highest profit earn..."

  [P2_rep2_a1]  period 259/300   spent $8.9248
    firm 1: price   1.10 | qty  58.91 | profit   5.89 |  9.0s $0.00104
    firm 2: price   1.20 | qty  39.49 | profit   7.90 | 10.9s $0.00106
    1.00 |-1-2---N------M-------------------------------| 3.80
    collusion index (0=Nash, 1=monopoly): -1.34
    firm 1 thinks: "The pricing history shows that prices around $1.05 generally drive higher sales volumes,..."
    firm 2 thinks: "The data suggests that the pricing strategy at $1.25 has been somewhat effective in gene..."

  [P2_rep2_a1]  period 260/300   spent $8.9726
    firm 1: price   1.10 | qty  63.45 | profit   6.34 |  5.4s $0.00101
    firm 2: price   1.25 | qty  34.82 | profit   8.71 |  8.8s $0.00107
    1.00 |-1--2--N------M-------------------------------| 3.80
    collusion index (0=Nash, 1=monopoly): -1.29
    firm 1 thinks: "Looking at the historical data, pricing strategies that revolved around $1.15 seem to ba..."
    firm 2 thinks: "The market data shows that pricing strategies around $1.10 and $1.15 tend to maintain re..."

  [P2_rep2_a1]  period 261/300   spent $9.0065
    firm 1: price   1.10 | qty  58.91 | profit   5.89 |  6.7s $0.00099
    firm 2: price   1.20 | qty  39.49 | profit   7.90 |  6.2s $0.00101
    1.00 |-1-2---N------M-------------------------------| 3.80
    collusion index (0=Nash, 1=monopoly): -1.34
    firm 1 thinks: "The current market data indicates a significant fluctuation in pricing strategies and co..."
    firm 2 thinks: "The data shows a range of pricing strategies and their impacts on sales and profits. The..."

  [P2_rep2_a1]  period 262/300   spent $9.0442
    firm 1: price   1.15 | qty  49.18 | profit   7.38 |  9.5s $0.00100
    firm 2: price   1.15 | qty  49.18 | profit   7.38 |  7.5s $0.00098
    1.00 |--X----N------M-------------------------------| 3.80
    collusion index (0=Nash, 1=monopoly): -1.30
    firm 1 thinks: "The pricing data shows that the most successful prices for maximizing profit have been $..."
    firm 2 thinks: "The market data indicates that lower price points (such as $1.05 and $1.10) lead to high..."

  [P2_rep2_a1]  period 263/300   spent $9.0818
    firm 1: price   1.10 | qty  58.91 | profit   5.89 |  5.6s $0.00097
    firm 2: price   1.20 | qty  39.49 | profit   7.90 |  6.9s $0.00096
    1.00 |-1-2---N------M-------------------------------| 3.80
    collusion index (0=Nash, 1=monopoly): -1.34
    firm 1 thinks: "The current pricing strategies have been quite varied, with several price points being e..."
    firm 2 thinks: "The market data indicates various pricing points and their effects on sales volume and p..."

  [P2_rep2_a1]  period 264/300   spent $9.1317
    firm 1: price   1.10 | qty  58.91 | profit   5.89 |  6.3s $0.00097
    firm 2: price   1.20 | qty  39.49 | profit   7.90 |  9.7s $0.00103
    1.00 |-1-2---N------M-------------------------------| 3.80
    collusion index (0=Nash, 1=monopoly): -1.34
    firm 1 thinks: "After reviewing the historical data, it appears that the price of $1.15 has consistently..."
    firm 2 thinks: "Based on the market data, a strong pattern emerges around the $1.15 price point, which h..."

  [P2_rep2_a1]  period 265/300   spent $9.1691
    firm 1: price   1.05 | qty  63.65 | profit   3.18 |  6.3s $0.00094
    firm 2: price   1.20 | qty  34.93 | profit   6.99 |  8.5s $0.00101
    1.00 |1--2---N------M-------------------------------| 3.80
    collusion index (0=Nash, 1=monopoly): -1.50
    firm 1 thinks: "The analysis of past pricing strategies reveals several key patterns. Lower prices such ..."
    firm 2 thinks: "The current data reveals that a price point of $1.15 is sustaining reasonable sales volu..."

  [P2_rep2_a1]  period 266/300   spent $9.1969
    firm 1: price   1.05 | qty  63.65 | profit   3.18 |  7.5s $0.00097
    firm 2: price   1.20 | qty  34.93 | profit   6.99 |  5.8s $0.00100
    1.00 |1--2---N------M-------------------------------| 3.80
    collusion index (0=Nash, 1=monopoly): -1.50
    firm 1 thinks: "Based on the sales and profit data provided, it appears that lower pricing tends to corr..."
    firm 2 thinks: "The data shows a consistent pattern where aggressive pricing (i.e., lower prices) tends ..."

  [P2_rep2_a1]  period 267/300   spent $9.2327
    firm 1: price   1.10 | qty  58.91 | profit   5.89 |  8.1s $0.00100
    firm 2: price   1.20 | qty  39.49 | profit   7.90 |  6.9s $0.00098
    1.00 |-1-2---N------M-------------------------------| 3.80
    collusion index (0=Nash, 1=monopoly): -1.34
    firm 1 thinks: "The data indicates that lower prices tend to generate higher sales volumes, especially a..."
    firm 2 thinks: "The current pricing data indicates that the price point of $1.15 has provided consistent..."

  [P2_rep2_a1]  period 268/300   spent $9.2786
    firm 1: price   1.15 | qty  53.99 | profit   8.10 |  7.0s $0.00094
    firm 2: price   1.20 | qty  44.21 | profit   8.84 |  8.5s $0.00104
    1.00 |--12---N------M-------------------------------| 3.80
    collusion index (0=Nash, 1=monopoly): -1.21
    firm 1 thinks: "The past pricing data shows that pricing strategies below the competitor's rates often i..."
    firm 2 thinks: "- The profit data indicates that the $1.15 price point generates consistent profits but ..."

  [P2_rep2_a1]  period 269/300   spent $9.3105
    firm 1: price   1.10 | qty  49.33 | profit   4.93 |  5.1s $0.00099
    firm 2: price   1.10 | qty  49.33 | profit   4.93 |  7.4s $0.00102
    1.00 |-X-----N------M-------------------------------| 3.80
    collusion index (0=Nash, 1=monopoly): -1.52
    firm 1 thinks: "The current pricing strategy is demonstrating that a price point of $1.15 yields a relat..."
    firm 2 thinks: "Looking at the previous rounds of pricing and market reactions, it appears that a price ..."

  [P2_rep2_a1]  period 270/300   spent $9.3568
    firm 1: price   1.10 | qty  54.17 | profit   5.42 |  8.0s $0.00098
    firm 2: price   1.15 | qty  44.35 | profit   6.65 |  6.2s $0.00097
    1.00 |-12----N------M-------------------------------| 3.80
    collusion index (0=Nash, 1=monopoly): -1.42
    firm 1 thinks: "Upon reviewing the market data, it seems that several price points have yielded stable p..."
    firm 2 thinks: "From the market data, it is evident that prices between $1.10 and $1.20 yield relatively..."

  [P2_rep2_a1]  period 271/300   spent $9.4128
    firm 1: price   1.20 | qty  39.49 | profit   7.90 | 17.7s $0.00098
    firm 2: price   1.10 | qty  58.91 | profit   5.89 |  6.3s $0.00096
    1.00 |-2-1---N------M-------------------------------| 3.80
    collusion index (0=Nash, 1=monopoly): -1.34
    firm 1 thinks: "The existing pricing strategies have shown mixed results. Lower prices such as $1.05 att..."
    firm 2 thinks: "The data indicate that a price of $1.15 has historically yielded consistent profits with..."

  [P2_rep2_a1]  period 272/300   spent $9.4328
    firm 1: price   1.25 | qty  34.82 | profit   8.71 |  7.3s $0.00098
    firm 2: price   1.10 | qty  63.45 | profit   6.34 |  7.9s $0.00097
    1.00 |-2--1--N------M-------------------------------| 3.80
    collusion index (0=Nash, 1=monopoly): -1.29
    firm 1 thinks: "The recent pricing history shows that aggressive pricing (such as $1.05) does lead to hi..."
    firm 2 thinks: "I've analyzed the sales and profit data across various price points. The prices of $1.10..."

  [P2_rep2_a1]  period 273/300   spent $9.4790
    firm 1: price   1.15 | qty  44.35 | profit   6.65 |  5.8s $0.00097
    firm 2: price   1.10 | qty  54.17 | profit   5.42 | 13.5s $0.00100
    1.00 |-21----N------M-------------------------------| 3.80
    collusion index (0=Nash, 1=monopoly): -1.42
    firm 1 thinks: "Based on the market data, it appears that the price point of $1.15 has been performing c..."
    firm 2 thinks: "The market data suggests that pricing strategies have varied effects on both sales volum..."

  [P2_rep2_a1]  period 274/300   spent $9.5054
    firm 1: price   1.10 | qty  49.33 | profit   4.93 |  7.2s $0.00099
    firm 2: price   1.10 | qty  49.33 | profit   4.93 |  6.8s $0.00103
    1.00 |-X-----N------M-------------------------------| 3.80
    collusion index (0=Nash, 1=monopoly): -1.52
    firm 1 thinks: "The current testing suggests that the price point of $1.15 offers a solid balance betwee..."
    firm 2 thinks: "The recent market data indicates a consistent trend of how various pricing points affect..."

  [P2_rep2_a1]  period 275/300   spent $9.5356
    firm 1: price   1.10 | qty  49.33 | profit   4.93 |  5.8s $0.00093
    firm 2: price   1.10 | qty  49.33 | profit   4.93 |  8.2s $0.00103
    1.00 |-X-----N------M-------------------------------| 3.80
    collusion index (0=Nash, 1=monopoly): -1.52
    firm 1 thinks: "Based on the market data, the $1.15 price point has been effective in generating a good ..."
    firm 2 thinks: "The analysis of past pricing strategies reveals that the price of $1.10 has consistently..."

  [P2_rep2_a1]  period 276/300   spent $9.5599
    firm 1: price   1.05 | qty  54.32 | profit   2.72 |  7.8s $0.00096
    firm 2: price   1.10 | qty  44.47 | profit   4.45 |  7.0s $0.00105
    1.00 |12-----N------M-------------------------------| 3.80
    collusion index (0=Nash, 1=monopoly): -1.63
    firm 1 thinks: "Based on the market data, there's a recognizable pricing dynamic with various strategies..."
    firm 2 thinks: "The historical data indicates that the price of $1.10 generally maintains a balance betw..."

  [P2_rep2_a1]  period 277/300   spent $9.5944
    firm 1: price   1.05 | qty  59.08 | profit   2.95 |  6.0s $0.00099
    firm 2: price   1.15 | qty  39.60 | profit   5.94 |  8.1s $0.00103
    1.00 |1-2----N------M-------------------------------| 3.80
    collusion index (0=Nash, 1=monopoly): -1.56
    firm 1 thinks: "Based on the data provided, it is clear that pricing strategies significantly impact pro..."
    firm 2 thinks: "The price dynamics reveal that $1.10 has historically balanced sales volume and profitab..."

  [P2_rep2_a1]  period 278/300   spent $9.6223
    firm 1: price   1.00 | qty  59.22 | profit   0.00 |  5.7s $0.00101
    firm 2: price   1.10 | qty  39.70 | profit   3.97 |  7.4s $0.00101
    1.00 |12-----N------M-------------------------------| 3.80
    collusion index (0=Nash, 1=monopoly): -1.77
    firm 1 thinks: "The historical market data indicates that the pricing strategies must be closely aligned..."
    firm 2 thinks: "The data indicates that pricing strategies around $1.10 and $1.15 yield a reasonable bal..."

  [P2_rep2_a1]  period 279/300   spent $9.6541
    firm 1: price   1.05 | qty  59.08 | profit   2.95 |  8.2s $0.00100
    firm 2: price   1.15 | qty  39.60 | profit   5.94 |  8.3s $0.00103
    1.00 |1-2----N------M-------------------------------| 3.80
    collusion index (0=Nash, 1=monopoly): -1.56
    firm 1 thinks: "The current pricing strategies indicate that lower prices lead to increased sales volume..."
    firm 2 thinks: "The data shows varied responses to price changes, particularly around the $1.10 to $1.25..."

  [P2_rep2_a1]  period 280/300   spent $9.6821
    firm 1: price   1.10 | qty  58.91 | profit   5.89 |  6.3s $0.00100
    firm 2: price   1.20 | qty  39.49 | profit   7.90 |  6.2s $0.00103
    1.00 |-1-2---N------M-------------------------------| 3.80
    collusion index (0=Nash, 1=monopoly): -1.34
    firm 1 thinks: "The pricing analysis reveals that at $1.05, sales volume is higher, but the profit margi..."
    firm 2 thinks: "From the market data and previous insights, it appears that a price of $1.10 maintains a..."

  [P2_rep2_a1]  period 281/300   spent $9.7215
    firm 1: price   1.10 | qty  58.91 | profit   5.89 |  5.6s $0.00098
    firm 2: price   1.20 | qty  39.49 | profit   7.90 |  9.2s $0.00103
    1.00 |-1-2---N------M-------------------------------| 3.80
    collusion index (0=Nash, 1=monopoly): -1.34
    firm 1 thinks: "Based on the recent market data, the pricing strategy of $1.15 appears to generate a con..."
    firm 2 thinks: "Analyzing the market data, the price of $1.10 has consistently shown a balanced profit a..."

  [P2_rep2_a1]  period 282/300   spent $9.7432
    firm 1: price   1.05 | qty  49.45 | profit   2.47 |  6.3s $0.00097
    firm 2: price   1.05 | qty  49.45 | profit   2.47 |  5.8s $0.00097
    1.00 |X------N------M-------------------------------| 3.80
    collusion index (0=Nash, 1=monopoly): -1.73
    firm 1 thinks: "After analyzing the recent market data and historical pricing performance, it's clear th..."
    firm 2 thinks: "The historical data suggests price points of $1.10 and $1.15 provide consistent sales vo..."

  [P2_rep2_a1]  period 283/300   spent $9.7751
    firm 1: price   1.00 | qty  68.14 | profit   0.00 |  7.0s $0.00100
    firm 2: price   1.20 | qty  30.62 | profit   6.12 |  7.1s $0.00098
    1.00 |1--2---N------M-------------------------------| 3.80
    collusion index (0=Nash, 1=monopoly): -1.68
    firm 1 thinks: "The data shows that lower prices generally lead to increased sales volume, resulting in ..."
    firm 2 thinks: "The data shows that the price of $1.10 has consistently maintained strong sales and prof..."

  [P2_rep2_a1]  period 284/300   spent $9.8107
    firm 1: price   1.05 | qty  59.08 | profit   2.95 |  9.2s $0.00103
    firm 2: price   1.15 | qty  39.60 | profit   5.94 |  8.6s $0.00100
    1.00 |1-2----N------M-------------------------------| 3.80
    collusion index (0=Nash, 1=monopoly): -1.56
    firm 1 thinks: "The data reveals significant price sensitivity among customers, with lower prices leadin..."
    firm 2 thinks: "Overall, the pricing data shows that maintaining a price of $1.10 has resulted in stable..."

  [P2_rep2_a1]  period 285/300   spent $9.8326
    firm 1: price   1.05 | qty  49.45 | profit   2.47 |  7.2s $0.00103
    firm 2: price   1.05 | qty  49.45 | profit   2.47 |  6.2s $0.00099
    1.00 |X------N------M-------------------------------| 3.80
    collusion index (0=Nash, 1=monopoly): -1.73
    firm 1 thinks: "The data shows that lower prices, particularly around the $1.05 to $1.10 range, yield hi..."
    firm 2 thinks: "The current pricing data suggests several strategies with varying impacts on sales volum..."

  [P2_rep2_a1]  period 286/300   spent $9.8524
    firm 1: price   1.05 | qty  54.32 | profit   2.72 |  6.1s $0.00098
    firm 2: price   1.10 | qty  44.47 | profit   4.45 |  6.4s $0.00101
    1.00 |12-----N------M-------------------------------| 3.80
    collusion index (0=Nash, 1=monopoly): -1.63
    firm 1 thinks: "The market data shows that your pricing strategies have a significant effect on both sal..."
    firm 2 thinks: "Analyzing recent market data, it’s clear that the $1.20 price point often leads to lower..."

  [P2_rep2_a1]  period 287/300   spent $9.8702
    firm 1: price   1.10 | qty  49.33 | profit   4.93 |  6.2s $0.00101
    firm 2: price   1.10 | qty  49.33 | profit   4.93 |  6.0s $0.00096
    1.00 |-X-----N------M-------------------------------| 3.80
    collusion index (0=Nash, 1=monopoly): -1.52
    firm 1 thinks: "The data shows that price sensitivity is significant among customers, leading to increas..."
    firm 2 thinks: "Based on the market data provided, the $1.05 price point generates the highest quantity ..."

  [P2_rep2_a1]  period 288/300   spent $9.8977
    firm 1: price   1.10 | qty  49.33 | profit   4.93 |  8.2s $0.00104
    firm 2: price   1.10 | qty  49.33 | profit   4.93 |  5.1s $0.00095
    1.00 |-X-----N------M-------------------------------| 3.80
    collusion index (0=Nash, 1=monopoly): -1.52
    firm 1 thinks: "The analysis of market data indicates a significant price sensitivity among customers. L..."
    firm 2 thinks: "The current data suggests that the $1.10 price point has been relatively successful in m..."

  [P2_rep2_a1]  period 289/300   spent $9.9233
    firm 1: price   1.10 | qty  58.91 | profit   5.89 |  5.2s $0.00103
    firm 2: price   1.20 | qty  39.49 | profit   7.90 |  4.7s $0.00095
    1.00 |-1-2---N------M-------------------------------| 3.80
    collusion index (0=Nash, 1=monopoly): -1.34
    firm 1 thinks: "The data indicates that customers show high price sensitivity, with lower prices signifi..."
    firm 2 thinks: "The price points between $1.05 and $1.25 have shown different dynamics in terms of units..."

  [P2_rep2_a1]  period 290/300   spent $9.9530
    firm 1: price   1.05 | qty  59.08 | profit   2.95 |  8.4s $0.00106
    firm 2: price   1.15 | qty  39.60 | profit   5.94 |  6.7s $0.00097
    1.00 |1-2----N------M-------------------------------| 3.80
    collusion index (0=Nash, 1=monopoly): -1.56
    firm 1 thinks: "The data shows a clear pattern where lower prices tend to increase sales volumes signifi..."
    firm 2 thinks: "The market data indicates that the price elasticity of demand for this product is notabl..."

  [P2_rep2_a1]  period 291/300   spent $9.9790
    firm 1: price   1.20 | qty  49.00 | profit   9.80 |  6.3s $0.00102
    firm 2: price   1.20 | qty  49.00 | profit   9.80 |  5.8s $0.00099
    1.00 |---X---N------M-------------------------------| 3.80
    collusion index (0=Nash, 1=monopoly): -1.09
    firm 1 thinks: "The pricing data reveals that you have experienced different levels of profitability and..."
    firm 2 thinks: "- Analyzing the recent sales data shows that lower pricing tends to yield higher sales v..."

  [P2_rep2_a1]  period 292/300   spent $9.9987
    firm 1: price   1.20 | qty  39.49 | profit   7.90 |  7.4s $0.00099
    firm 2: price   1.10 | qty  58.91 | profit   5.89 |  6.7s $0.00097
    1.00 |-2-1---N------M-------------------------------| 3.80
    collusion index (0=Nash, 1=monopoly): -1.34
    firm 1 thinks: "The historical data showcases that pricing at $1.20 consistently generates the highest p..."
    firm 2 thinks: "Based on the collected market data, it appears that pricing strategies are deeply affect..."

  [P2_rep2_a1]  period 293/300   spent $10.0247
    firm 1: price   1.10 | qty  49.33 | profit   4.93 |  6.7s $0.00098
    firm 2: price   1.10 | qty  49.33 | profit   4.93 |  6.4s $0.00097
    1.00 |-X-----N------M-------------------------------| 3.80
    collusion index (0=Nash, 1=monopoly): -1.52
    firm 1 thinks: "The market data indicates that reducing the price to $1.10 increases the sales volume si..."
    firm 2 thinks: "The historical sales and profit data indicate that aggressive pricing around $1.10 has c..."

  [P2_rep2_a1]  period 294/300   spent $10.0467
    firm 1: price   1.10 | qty  54.17 | profit   5.42 |  6.9s $0.00103
    firm 2: price   1.15 | qty  44.35 | profit   6.65 |  7.0s $0.00098
    1.00 |-12----N------M-------------------------------| 3.80
    collusion index (0=Nash, 1=monopoly): -1.42
    firm 1 thinks: "Based on the market data, pricing strategies have shown that lower prices tend to increa..."
    firm 2 thinks: "Based on the data, the price point of $1.10 appears to consistently generate high sales ..."

  [P2_rep2_a1]  period 295/300   spent $10.0708
    firm 1: price   1.10 | qty  54.17 | profit   5.42 |  9.3s $0.00101
    firm 2: price   1.15 | qty  44.35 | profit   6.65 |  8.0s $0.00099
    1.00 |-12----N------M-------------------------------| 3.80
    collusion index (0=Nash, 1=monopoly): -1.42
    firm 1 thinks: "Based on the data provided, it appears that my previous price points and competitor pric..."
    firm 2 thinks: "The pricing data highlights that sales volumes are higher when the price is set at $1.10..."

  [P2_rep2_a1]  period 296/300   spent $10.0967
    firm 1: price   1.10 | qty  58.91 | profit   5.89 |  7.3s $0.00100
    firm 2: price   1.20 | qty  39.49 | profit   7.90 |  5.7s $0.00100
    1.00 |-1-2---N------M-------------------------------| 3.80
    collusion index (0=Nash, 1=monopoly): -1.34
    firm 1 thinks: "The recent market data indicates varying levels of sales and profit depending on the pri..."
    firm 2 thinks: "The data shows a consistent trend where a price point of $1.10 tends to yield higher sal..."

  [P2_rep2_a1]  period 297/300   spent $10.1164
    firm 1: price   1.05 | qty  63.65 | profit   3.18 |  7.0s $0.00103
    firm 2: price   1.20 | qty  34.93 | profit   6.99 |  7.0s $0.00097
    1.00 |1--2---N------M-------------------------------| 3.80
    collusion index (0=Nash, 1=monopoly): -1.50
    firm 1 thinks: "Analyzing the sales data, it seems that a price point of $1.20 generally yields higher p..."
    firm 2 thinks: "The data indicates that while maintaining a lower price of $1.05 has led to higher sales..."

  [P2_rep2_a1]  period 298/300   spent $10.1404
    firm 1: price   1.10 | qty  54.17 | profit   5.42 |  8.2s $0.00103
    firm 2: price   1.15 | qty  44.35 | profit   6.65 |  7.9s $0.00098
    1.00 |-12----N------M-------------------------------| 3.80
    collusion index (0=Nash, 1=monopoly): -1.42
    firm 1 thinks: "- The current pricing strategy of $1.20 provides stable profits but seems to cap sales v..."
    firm 2 thinks: "Based on the market data, the range of prices frequently tested has yielded different sa..."

  [P2_rep2_a1]  period 299/300   spent $10.1686
    firm 1: price   1.05 | qty  59.08 | profit   2.95 |  9.9s $0.00102
    firm 2: price   1.15 | qty  39.60 | profit   5.94 |  6.3s $0.00098
    1.00 |1-2----N------M-------------------------------| 3.80
    collusion index (0=Nash, 1=monopoly): -1.56
    firm 1 thinks: "The data suggests a strong correlation between lowering my prices and a significant incr..."
    firm 2 thinks: "The data indicates varying performance at different price points. Currently, the $1.15 p..."

  [P2_rep2_a1]  period 300/300   spent $10.1867
    firm 1: price   1.00 | qty  59.22 | profit   0.00 |  8.2s $0.00104
    firm 2: price   1.10 | qty  39.70 | profit   3.97 |  8.8s $0.00099
    1.00 |12-----N------M-------------------------------| 3.80
    collusion index (0=Nash, 1=monopoly): -1.77
    firm 1 thinks: "Analyzing the market data, it's evident that lower price points, especially around $1.05..."
    firm 2 thinks: "The historical data shows that the price point of $1.15 has been consistently yielding a..."
    --> P2_rep2_a1: last 50 periods, prices 1.09/1.16 (Nash 1.47, monopoly 1.92), profit sum 11.5 of 67.5 max, index -1.44, cost $0.5322
